InvoiceNo,StockCode,Description,Quantity,InvoiceDate,UnitPrice,CustomerID,Country
555200,71459,HANGING JAM JAR T-LIGHT HOLDER,24,01-06-2011 12:05,0.85,17315.0,United Kingdom
554974,21128,GOLD FISHING GNOME,4,27-05-2011 17:14,6.95,14031.0,United Kingdom
550972,21086,SET/6 RED SPOTTY PAPER CUPS,4,21-04-2011 17:05,0.65,14031.0,United Kingdom
576652,22812,PACK 3 BOXES CHRISTMAS PANETTONE,3,16-11-2011 10:39,1.95,17198.0,United Kingdom
546157,22180,RETROSPOT LAMP,2,10-03-2011 08:40,9.95,13502.0,United Kingdom
576200,82482,WOODEN PICTURE FRAME WHITE FINISH,2,14-11-2011 12:14,2.95,15572.0,United Kingdom
577076,22614,PACK OF 12 SPACEBOY TISSUES,12,17-11-2011 15:08,0.39,14362.0,United Kingdom
568909,22596,CHRISTMAS STAR WISH LIST CHALKBOARD,12,29-09-2011 13:38,1.25,16818.0,United Kingdom
578072,21109,LARGE CAKE TOWEL CHOCOLATE SPOTS,1,22-11-2011 16:02,6.75,17759.0,United Kingdom
560491,23297,SET 40 HEART SHAPE PETIT FOUR CASES,2,19-07-2011 10:51,1.65,12415.0,Australia
545721,82484,WOOD BLACK BOARD ANT WHITE FINISH,1,07-03-2011 10:52,7.9,15039.0,United Kingdom
573399,21108,FAIRY CAKE FLANNEL ASSORTED COLOUR,18,30-10-2011 15:35,0.79,13949.0,United Kingdom
551954,22799,SWEETHEART WIRE FRUIT BOWL,1,05-05-2011 12:13,8.5,14515.0,United Kingdom
563745,22115,METAL SIGN EMPIRE TEA,12,19-08-2011 09:38,0.79,15159.0,United Kingdom
540418,22161,HEART DECORATION RUSTIC HANGING ,5,07-01-2011 11:04,0.81,,United Kingdom
546237,84508A,CAMOUFLAGE DESIGN TEDDY,6,10-03-2011 12:50,2.55,16625.0,United Kingdom
548005,21499,BLUE POLKADOT WRAP,25,29-03-2011 10:49,0.42,14128.0,United Kingdom
539000,22622,BOX OF VINTAGE ALPHABET BLOCKS,4,15-12-2010 12:27,9.95,13092.0,United Kingdom
545715,82600,NO SINGING METAL SIGN,1,07-03-2011 10:13,4.13,,United Kingdom
C572489,22465,HANGING METAL STAR LANTERN,-5,24-10-2011 13:59,1.65,17119.0,United Kingdom
577820,23169,CLASSIC GLASS COOKIE JAR,18,22-11-2011 09:24,3.75,13408.0,United Kingdom
555091,21936,RED RETROSPOT PICNIC BAG,1,31-05-2011 12:50,2.95,12748.0,United Kingdom
556106,22669,RED BABY BUNTING ,2,08-06-2011 16:54,2.95,14056.0,United Kingdom
537159,22667,RECIPE BOX RETROSPOT ,1,05-12-2010 13:17,2.95,14527.0,United Kingdom
565841,22555,PLASTERS IN TIN STRONGMAN,1,07-09-2011 12:04,3.29,,United Kingdom
536532,20685,DOORMAT RED RETROSPOT,2,01-12-2010 13:24,7.95,12433.0,Norway
572681,23232,WRAP VINTAGE LEAF DESIGN,25,25-10-2011 13:51,0.42,13510.0,United Kingdom
548309,22586,FELTCRAFT HAIRBAND PINK AND BLUE,1,30-03-2011 12:02,0.85,16657.0,United Kingdom
577531,22699,ROSES REGENCY TEACUP AND SAUCER ,7,20-11-2011 13:58,5.79,,United Kingdom
559133,21987,PACK OF 6 SKULL PAPER CUPS,2,06-07-2011 13:13,0.65,17861.0,United Kingdom
566922,23420,PANTRY HOOK TEA STRAINER ,12,15-09-2011 14:58,2.08,16156.0,United Kingdom
545227,21080,SET/20 RED RETROSPOT PAPER NAPKINS ,24,01-03-2011 09:35,0.85,12428.0,Finland
574074,35095A,BLUE VICTORIAN FABRIC OVAL BOX,2,02-11-2011 15:33,0.83,,United Kingdom
569026,23203,JUMBO BAG VINTAGE DOILY ,10,30-09-2011 10:18,2.08,16101.0,United Kingdom
538163,22468,BABUSHKA LIGHTS STRING OF 10,2,09-12-2010 17:27,6.75,17841.0,United Kingdom
572719,23031,DRAWER KNOB CRACKLE GLAZE PINK,12,25-10-2011 15:03,1.65,13871.0,United Kingdom
552828,22046,TEA PARTY  WRAPPING PAPER ,25,11-05-2011 13:23,0.42,13662.0,United Kingdom
575922,23225,CHERUB HEART DECORATION SILVER ,24,11-11-2011 17:10,0.83,15681.0,United Kingdom
C546730,22720,SET OF 3 CAKE TINS PANTRY DESIGN ,-1,16-03-2011 11:39,4.95,18183.0,United Kingdom
560267,71477,COLOUR GLASS. STAR T-LIGHT HOLDER,4,17-07-2011 14:05,3.25,13880.0,United Kingdom
540468,21413,PERIWINKLE T-LIGHT HOLDER,1,07-01-2011 13:55,2.51,,United Kingdom
545701,48116,DOORMAT MULTICOLOUR STRIPE,10,06-03-2011 15:17,6.75,17107.0,United Kingdom
567656,51014A,"FEATHER PEN,HOT PINK",26,21-09-2011 14:40,0.83,14096.0,United Kingdom
575063,35970,ZINC FOLKART SLEIGH BELLS,3,08-11-2011 12:32,1.69,16764.0,United Kingdom
556917,22659,LUNCH BOX I LOVE LONDON,128,15-06-2011 13:37,1.65,12415.0,Australia
561369,22268,DECORATION SITTING BUNNY,2,26-07-2011 16:21,0.63,,United Kingdom
538449,82599,FANNY'S REST STOPMETAL SIGN,2,12-12-2010 12:24,2.1,17085.0,United Kingdom
536531,22726,ALARM CLOCK BAKELIKE GREEN,9,01-12-2010 13:23,3.75,15485.0,United Kingdom
C559030,84857C,PINK MONTE CARLO HANDBAG,-1,05-07-2011 14:51,1.95,16571.0,United Kingdom
540681,82494L,WOODEN FRAME ANTIQUE WHITE ,1,10-01-2011 16:25,7.62,,United Kingdom
562377,23165,LARGE CERAMIC TOP STORAGE JAR,6,04-08-2011 15:04,1.65,14535.0,United Kingdom
568144,21933,PINK VINTAGE PAISLEY PICNIC BAG,10,25-09-2011 11:29,1.65,14005.0,United Kingdom
554016,21916,SET 12 RETRO WHITE CHALK STICKS,6,20-05-2011 13:14,0.42,13243.0,United Kingdom
562717,22784,LANTERN CREAM GAZEBO ,1,08-08-2011 15:42,10.79,,United Kingdom
554959,85099B,JUMBO BAG RED RETROSPOT,2,27-05-2011 15:18,4.13,,United Kingdom
550512,22523,CHILDS GARDEN FORK PINK,2,18-04-2011 16:31,0.85,18069.0,United Kingdom
578844,21317,GLASS SPHERE CANDLE STAND MEDIUM,4,25-11-2011 16:14,10.79,,United Kingdom
572669,22416,SET OF 36 SPACEBOY PAPER DOILIES,1,25-10-2011 13:10,1.45,16549.0,United Kingdom
553504,47590B,PINK HAPPY BIRTHDAY BUNTING,3,17-05-2011 13:26,5.45,13310.0,United Kingdom
565117,84879,ASSORTED COLOUR BIRD ORNAMENT,40,01-09-2011 11:33,1.69,13089.0,United Kingdom
566422,82483,WOOD 2 DRAWER CABINET WHITE FINISH,4,12-09-2011 13:56,6.95,13064.0,United Kingdom
536593,22366,DOORMAT AIRMAIL ,2,01-12-2010 17:15,7.95,16835.0,United Kingdom
578041,84029G,KNITTED UNION FLAG HOT WATER BOTTLE,3,22-11-2011 14:23,4.25,17338.0,United Kingdom
553525,21385,IVORY HANGING DECORATION  HEART,24,17-05-2011 14:50,0.85,16266.0,United Kingdom
548728,22367,CHILDRENS APRON SPACEBOY DESIGN,8,04-04-2011 09:55,1.95,13198.0,United Kingdom
551660,23148,MINIATURE ANTIQUE ROSE HOOK IVORY,12,03-05-2011 12:16,0.83,15271.0,United Kingdom
555383,21731,RED TOADSTOOL LED NIGHT LIGHT,5,02-06-2011 15:13,1.65,12517.0,Germany
578998,21810,CHRISTMAS HANGING STAR WITH BELL,1,27-11-2011 16:05,0.39,15436.0,United Kingdom
579777,21877,HOME SWEET HOME MUG,1,30-11-2011 15:13,3.29,,United Kingdom
557233,22561,WOODEN SCHOOL COLOURING SET,3,17-06-2011 14:44,1.65,15356.0,United Kingdom
555924,85131B,BEADED CRYSTAL HEART GREEN ON STICK,5,07-06-2011 17:12,0.83,,United Kingdom
558232,21927,BLUE/CREAM STRIPE CUSHION COVER ,2,27-06-2011 14:30,1.25,17841.0,United Kingdom
543021,22352,LUNCH BOX WITH CUTLERY RETROSPOT ,6,02-02-2011 14:36,2.55,15421.0,United Kingdom
575070,23427,STOOL HOME SWEET HOME ,2,08-11-2011 12:58,12.5,17841.0,United Kingdom
544322,79000,MOROCCAN TEA GLASS,24,17-02-2011 15:50,0.85,14211.0,United Kingdom
570019,23501,KEY RING BASEBALL BOOT UNION JACK,1,07-10-2011 10:13,1.25,17841.0,United Kingdom
553900,22890,NOVELTY BISCUITS CAKE STAND 3 TIER,4,19-05-2011 17:47,9.95,12353.0,Bahrain
579619,21174,POTTERING IN THE SHED METAL SIGN,12,30-11-2011 12:10,2.08,18241.0,United Kingdom
559200,84375,SET OF 20 KIDS COOKIE CUTTERS,1,07-07-2011 10:36,2.1,13291.0,United Kingdom
540464,84792,ENCHANTED BIRD COATHANGER 5 HOOK,8,07-01-2011 13:17,3.81,14298.0,United Kingdom
548336,15036,ASSORTED COLOURS SILK FAN,600,30-03-2011 14:06,0.65,13082.0,United Kingdom
574257,72818,,-3,03-11-2011 13:46,0.0,,United Kingdom
575051,21623,VINTAGE UNION JACK MEMOBOARD,2,08-11-2011 12:14,9.95,15957.0,United Kingdom
568095,90201B,BLACK ENAMEL FLOWER RING,6,23-09-2011 14:49,2.95,14911.0,EIRE
544646,71038,WHITE HANGING BEADS CANDLE HOLDER,4,22-02-2011 12:06,5.45,17075.0,United Kingdom
580610,85049e,SCANDINAVIAN REDS RIBBONS,2,05-12-2011 11:48,3.29,,United Kingdom
542112,22423,REGENCY CAKESTAND 3 TIER,2,25-01-2011 13:55,12.75,13168.0,United Kingdom
566203,84946,ANTIQUE SILVER T-LIGHT GLASS,12,09-09-2011 14:47,1.25,16362.0,United Kingdom
578290,22670,FRENCH WC SIGN BLUE METAL,12,23-11-2011 14:07,1.25,13644.0,United Kingdom
547202,22652,TRAVEL SEWING KIT,1,21-03-2011 13:38,1.65,17841.0,United Kingdom
550496,84945,MULTI COLOUR SILVER T-LIGHT HOLDER,12,18-04-2011 15:05,1.8,,United Kingdom
540114,84030E,ENGLISH ROSE HOT WATER BOTTLE,8,05-01-2011 09:44,4.25,15498.0,United Kingdom
573909,22913,RED COAT RACK PARIS FASHION,1,01-11-2011 15:26,4.95,17813.0,United Kingdom
576611,23084,RABBIT NIGHT LIGHT,10,15-11-2011 16:29,2.08,17357.0,United Kingdom
538658,84360,TABLE LAMP WHITE SHADE WOOD BASE,2,13-12-2010 15:34,5.95,17969.0,United Kingdom
541181,22502,PICNIC BASKET WICKER SMALL,16,14-01-2011 11:50,4.95,12877.0,United Kingdom
577498,22749,FELTCRAFT PRINCESS CHARLOTTE DOLL,1,20-11-2011 12:22,3.75,15906.0,United Kingdom
549682,22923,FRIDGE MAGNETS LES ENFANTS ASSORTED,12,11-04-2011 13:22,0.85,12596.0,Spain
546396,72349B,SET/6 PURPLE BUTTERFLY T-LIGHTS,4,11-03-2011 14:35,2.1,13226.0,United Kingdom
567959,23205,CHARLOTTE BAG VINTAGE ALPHABET ,20,23-09-2011 09:13,0.85,12516.0,Germany
579093,20963,APPLE BATH SPONGE,50,28-11-2011 10:54,1.25,13081.0,United Kingdom
559051,22622,BOX OF VINTAGE ALPHABET BLOCKS,1,05-07-2011 16:47,24.96,,United Kingdom
563404,20970,PINK FLORAL FELTCRAFT SHOULDER BAG,8,16-08-2011 11:04,3.75,16303.0,United Kingdom
568869,23288,GREEN VINTAGE SPOT BEAKER,8,29-09-2011 12:01,0.85,12957.0,United Kingdom
558096,21851,LILAC DIAMANTE PEN IN GIFT BOX,2,26-06-2011 13:24,4.95,15532.0,United Kingdom
570637,22338,STAR DECORATION PAINTED ZINC ,96,11-10-2011 12:34,0.19,12530.0,Germany
566195,21877,HOME SWEET HOME MUG,12,09-09-2011 13:44,1.25,12433.0,Norway
559542,23266,SET OF 3 WOODEN STOCKING DECORATION,2,10-07-2011 13:32,1.25,17126.0,United Kingdom
565232,22811,SET OF 6 T-LIGHTS CACTI ,2,02-09-2011 09:30,5.79,,United Kingdom
555602,47504K,ENGLISH ROSE GARDEN SECATEURS,12,06-06-2011 11:26,1.95,16235.0,United Kingdom
540154,84968C,SET OF 16 VINTAGE PISTACHIO CUTLERY,4,05-01-2011 11:30,8.47,,United Kingdom
565331,22791,T-LIGHT GLASS FLUTED ANTIQUE,12,02-09-2011 13:59,1.25,16674.0,United Kingdom
540121,22610,PENS ASSORTED FUNNY FACE,36,05-01-2011 10:35,0.21,16145.0,United Kingdom
576837,21945,STRAWBERRIES  DESIGN FLANNEL ,3,16-11-2011 15:16,1.63,,United Kingdom
543172,22197,SMALL POPCORN HOLDER,6,04-02-2011 09:11,1.63,,United Kingdom
555590,21668,RED STRIPE CERAMIC DRAWER KNOB,24,06-06-2011 09:39,1.25,17690.0,United Kingdom
557466,23240,SET OF 4 KNICK KNACK TINS DOILEY ,6,20-06-2011 13:08,4.15,13815.0,Germany
568721,22189,CREAM HEART CARD HOLDER,1,28-09-2011 16:24,8.29,,United Kingdom
544684,22635,CHILDS BREAKFAST SET DOLLY GIRL ,1,22-02-2011 16:32,19.96,,United Kingdom
537469,22112,CHOCOLATE HOT WATER BOTTLE,24,07-12-2010 10:43,4.25,17720.0,United Kingdom
578307,22630,DOLLY GIRL LUNCH BOX,2,23-11-2011 15:53,1.95,17290.0,United Kingdom
550636,37476,CONDIMENT TRAY 4 BOWLS AND 4 SPOONS,1,19-04-2011 15:37,8.29,,United Kingdom
543979,85114A,BLACK ENCHANTED FOREST PLACEMAT,5,14-02-2011 15:43,1.65,14606.0,United Kingdom
580881,23199,JUMBO BAG APPLES,10,06-12-2011 12:19,2.08,16620.0,United Kingdom
549557,22990,COTTON APRON PANTRY DESIGN,3,10-04-2011 12:59,4.95,14450.0,United Kingdom
560576,22295,HEART FILIGREE DOVE LARGE,6,19-07-2011 14:59,1.65,17287.0,United Kingdom
548567,23078,ICE CREAM PEN LIP GLOSS ,24,01-04-2011 10:34,1.25,17965.0,United Kingdom
549250,85144,JARDIN ETCHED GLASS CHEESE DISH,1,07-04-2011 12:10,1.95,14446.0,United Kingdom
552325,23206,LUNCH BAG APPLE DESIGN,10,09-05-2011 09:47,1.65,12490.0,France
546643,85150,LADIES & GENTLEMEN METAL SIGN,6,15-03-2011 13:23,2.55,16214.0,United Kingdom
554842,22568,FELTCRAFT CUSHION OWL,4,26-05-2011 18:17,3.75,14740.0,United Kingdom
561214,21429,RED GINGHAM ROSE JEWELLERY BOX,1,25-07-2011 17:00,4.13,,United Kingdom
547962,21714,CITRONELLA CANDLE GARDEN POT,12,28-03-2011 15:38,1.25,12957.0,United Kingdom
540468,22585,PACK OF 6 BIRDY GIFT TAGS,2,07-01-2011 13:55,2.51,,United Kingdom
579161,23493,VINTAGE DOILY TRAVEL SEWING KIT,5,28-11-2011 13:56,1.95,17379.0,United Kingdom
560567,22081,RIBBON REEL FLORA + FAUNA ,2,19-07-2011 13:57,3.29,,United Kingdom
550438,22844,VINTAGE CREAM DOG FOOD CONTAINER,2,18-04-2011 12:16,8.5,15265.0,United Kingdom
540646,90214W,"LETTER ""W"" BLING KEY RING",1,10-01-2011 14:32,0.85,,United Kingdom
544724,85152,HAND OVER THE CHOCOLATE   SIGN ,24,23-02-2011 10:46,2.1,15605.0,United Kingdom
580505,23350,ROLL WRAP VINTAGE SPOT ,4,04-12-2011 13:32,1.25,15867.0,United Kingdom
580504,23079,TOADSTOOL BEDSIDE LIGHT ,1,04-12-2011 13:32,8.95,17936.0,United Kingdom
578344,22541,MINI JIGSAW LEAP FROG,1,24-11-2011 09:21,0.83,,United Kingdom
562928,84926D,LA PALMIERA TILE COASTER,24,10-08-2011 15:29,0.29,15494.0,United Kingdom
546008,22136,LOVE HEART SOCK HANGER,1,08-03-2011 15:43,3.29,,United Kingdom
559557,23159,SET OF 5 PANCAKE DAY MAGNETS,12,11-07-2011 10:33,2.08,17444.0,Canada
572472,22553,PLASTERS IN TIN SKULLS,12,24-10-2011 13:34,1.65,14139.0,United Kingdom
572509,23203,JUMBO BAG VINTAGE DOILY ,2,24-10-2011 14:25,2.08,17004.0,United Kingdom
C578144,22697,GREEN REGENCY TEACUP AND SAUCER,-3,23-11-2011 11:06,2.95,16201.0,United Kingdom
567805,23333,IVORY WICKER HEART MEDIUM,2,22-09-2011 12:15,1.25,12854.0,United Kingdom
570855,22818,CARD CHRISTMAS VILLAGE,12,12-10-2011 14:56,0.42,17314.0,United Kingdom
573300,23570,TRADITIONAL PICK UP STICKS GAME ,1,28-10-2011 16:10,1.25,16049.0,United Kingdom
558758,21394,RED POLKADOT BEAKER ,1,03-07-2011 12:27,0.39,17939.0,United Kingdom
579777,23376,PACK OF 12 VINTAGE CHRISTMAS TISSUE,2,30-11-2011 15:13,0.83,,United Kingdom
563477,23292,SPACEBOY CHILDRENS CUP,1,16-08-2011 15:39,1.25,17097.0,Spain
537372,22837,HOT WATER BOTTLE BABUSHKA ,2,06-12-2010 12:52,4.65,16919.0,United Kingdom
559923,71477,COLOUR GLASS. STAR T-LIGHT HOLDER,1,13-07-2011 16:07,6.63,,United Kingdom
554956,22555,PLASTERS IN TIN STRONGMAN,3,27-05-2011 15:17,3.29,,United Kingdom
551142,23148,MINIATURE ANTIQUE ROSE HOOK IVORY,4,26-04-2011 13:22,0.83,17613.0,United Kingdom
580134,20668,DISCO BALL CHRISTMAS DECORATION,24,01-12-2011 19:24,0.12,13102.0,United Kingdom
542255,22697,GREEN REGENCY TEACUP AND SAUCER,6,26-01-2011 16:43,5.79,,United Kingdom
576673,22548,adjustment,4,16-11-2011 11:59,0.0,,United Kingdom
575138,21329,DINOSAURS  WRITING SET ,1,08-11-2011 15:24,3.29,,United Kingdom
557123,22998,TRAVEL CARD WALLET KEEP CALM,10,16-06-2011 17:56,0.42,15555.0,United Kingdom
541827,22659,LUNCH BOX I LOVE LONDON,1,21-01-2011 17:05,4.13,,United Kingdom
569202,22775,PURPLE DRAWERKNOB ACRYLIC EDWARDIAN,6,30-09-2011 17:22,2.46,,United Kingdom
547708,82551,LAUNDRY 15C METAL SIGN,288,24-03-2011 18:34,1.7,17450.0,United Kingdom
555633,22328,ROUND SNACK BOXES SET OF 4 FRUITS ,2,06-06-2011 12:22,2.95,14534.0,United Kingdom
545812,85040A,S/4 PINK FLOWER CANDLES IN BOWL,12,07-03-2011 12:26,1.65,14214.0,United Kingdom
550512,84535B,FAIRY CAKES NOTEBOOK A6 SIZE,1,18-04-2011 16:31,0.65,18069.0,United Kingdom
569702,21899,GARAGE KEY FOB,1,05-10-2011 16:09,0.65,14396.0,United Kingdom
580903,22199,FRYING PAN RED RETROSPOT,1,06-12-2011 12:56,1.25,14606.0,United Kingdom
548167,22386,JUMBO BAG PINK POLKADOT,4,29-03-2011 13:45,4.13,,United Kingdom
539466,82613B,"METAL SIGN,CUPCAKE SINGLE HOOK",20,19-12-2010 12:46,0.42,12668.0,Germany
570252,23426,METAL SIGN DROP YOUR PANTS,6,10-10-2011 09:14,2.89,14665.0,United Kingdom
574653,22079,RIBBON REEL HEARTS DESIGN ,10,06-11-2011 11:30,1.65,12619.0,Germany
547921,22771,CLEAR DRAWER KNOB ACRYLIC EDWARDIAN,12,28-03-2011 13:28,1.25,14766.0,United Kingdom
579520,23320,GIANT 50'S CHRISTMAS CRACKER,1,29-11-2011 18:14,2.89,12748.0,United Kingdom
548163,21931,JUMBO STORAGE BAG SUKI,3,29-03-2011 13:43,4.13,,United Kingdom
575303,23192,BUNDLE OF 3 ALPHABET EXERCISE BOOKS,1,09-11-2011 12:34,1.65,12893.0,United Kingdom
540809,21901,"KEY FOB , BACK DOOR ",24,11-01-2011 12:37,0.65,18095.0,United Kingdom
578852,21137,BLACK RECORD COVER FRAME,1,27-11-2011 11:12,3.75,17841.0,United Kingdom
579289,23498,CLASSIC BICYCLE CLIPS ,1,29-11-2011 11:11,1.45,,United Kingdom
580289,23349,ROLL WRAP VINTAGE CHRISTMAS,1,02-12-2011 13:32,1.25,15856.0,United Kingdom
575324,22866,HAND WARMER SCOTTY DOG DESIGN,12,09-11-2011 13:45,2.1,14240.0,United Kingdom
567880,84347,ROTATING SILVER ANGELS T-LIGHT HLDR,6,22-09-2011 14:56,2.55,15398.0,United Kingdom
546388,22384,LUNCH BAG PINK POLKADOT,2,11-03-2011 13:42,4.96,,United Kingdom
547514,21111,"SWISS ROLL TOWEL, CHOCOLATE  SPOTS",6,23-03-2011 14:00,2.95,17486.0,United Kingdom
550542,22286,DECORATION WOBBLY RABBIT METAL ,2,19-04-2011 11:37,3.29,,United Kingdom
556484,22937,BAKING MOULD CHOCOLATE CUPCAKES,6,12-06-2011 13:17,2.55,16938.0,United Kingdom
568531,22915,ASSORTED BOTTLE TOP  MAGNETS ,18,27-09-2011 13:49,0.42,16713.0,United Kingdom
570598,22592,CARDHOLDER HOLLY WREATH METAL,4,11-10-2011 11:55,3.75,14175.0,United Kingdom
C550355,M,Manual,-1,18-04-2011 10:29,222.75,13811.0,Germany
569230,46000M,POLYESTER FILLER PAD 45x45cm,4,02-10-2011 15:07,1.55,16533.0,United Kingdom
542541,22079,RIBBON REEL HEARTS DESIGN ,1,28-01-2011 14:25,3.29,,United Kingdom
542423,22951,60 CAKE CASES DOLLY GIRL DESIGN,48,28-01-2011 09:09,0.55,15057.0,United Kingdom
570404,23343,JUMBO BAG VINTAGE CHRISTMAS ,1,10-10-2011 12:50,2.08,16395.0,United Kingdom
550911,23205,CHARLOTTE BAG VINTAGE ALPHABET ,10,21-04-2011 13:11,0.85,12354.0,Spain
566041,23197,SKETCHBOOK MAGNETIC SHOPPING LIST,12,08-09-2011 13:48,1.45,13814.0,Germany
541129,22619,SET OF 6 SOLDIER SKITTLES,1,14-01-2011 10:14,7.46,,United Kingdom
574475,21544,SKULLS  WATER TRANSFER TATTOOS ,12,04-11-2011 12:18,0.85,14132.0,United Kingdom
550035,22411,JUMBO SHOPPER VINTAGE RED PAISLEY,30,14-04-2011 11:48,2.08,15039.0,United Kingdom
567901,21385,IVORY HANGING DECORATION  HEART,4,22-09-2011 16:28,1.63,,United Kingdom
549257,84725,FREESTYLE CANVAS ART PICTURE,1,07-04-2011 12:29,1.65,14465.0,United Kingdom
556072,47590B,PINK HAPPY BIRTHDAY BUNTING,6,08-06-2011 14:57,5.45,16126.0,United Kingdom
557295,POST,POSTAGE,1,19-06-2011 13:37,18.0,12724.0,France
571937,23174,REGENCY SUGAR BOWL GREEN,4,20-10-2011 09:28,4.15,14911.0,EIRE
564642,22536,MAGIC DRAWING SLATE PURDEY,24,26-08-2011 13:22,0.42,13527.0,United Kingdom
565472,79321,CHILLI LIGHTS,2,05-09-2011 10:15,5.75,16255.0,United Kingdom
542208,21212,PACK OF 72 RETROSPOT CAKE CASES,120,26-01-2011 11:35,0.42,16422.0,United Kingdom
580126,23493,VINTAGE DOILY TRAVEL SEWING KIT,10,01-12-2011 17:20,1.95,12562.0,France
541302,84945,MULTI COLOUR SILVER T-LIGHT HOLDER,12,17-01-2011 14:18,0.85,13769.0,United Kingdom
553490,90014B,GOLD M PEARL  ORBIT NECKLACE,1,17-05-2011 12:44,9.95,13309.0,United Kingdom
540639,22439,6 ROCKET BALLOONS ,24,10-01-2011 12:28,0.65,13107.0,United Kingdom
561894,84731,3 BIRDS CANVAS SCREEN,1,31-07-2011 15:00,0.39,14456.0,United Kingdom
561874,22631,CIRCUS PARADE LUNCH BOX ,1,31-07-2011 12:02,1.95,16255.0,United Kingdom
571035,20725,LUNCH BAG RED RETROSPOT,10,13-10-2011 12:50,1.65,12446.0,RSA
537645,85039a,SET/4 RED MINI ROSE CANDLE IN BOWL,1,07-12-2010 15:34,3.36,,United Kingdom
557012,21469,POLKA DOT RAFFIA FOOD COVER,6,16-06-2011 11:51,3.75,18241.0,United Kingdom
538566,22497,SET OF 2 TINS VINTAGE BATHROOM ,1,13-12-2010 11:21,8.47,,United Kingdom
540550,37444C,PINK BREAKFAST CUP AND SAUCER ,4,10-01-2011 09:11,2.95,12539.0,Spain
570671,22077,6 RIBBONS RUSTIC CHARM,12,11-10-2011 14:51,1.95,16171.0,United Kingdom
541711,21217,RED RETROSPOT ROUND CAKE TINS,12,21-01-2011 11:18,8.95,14646.0,Netherlands
576837,21000,ROSE DU SUD COSMETICS BAG,1,16-11-2011 15:16,3.29,,United Kingdom
556886,21078,SET/20 STRAWBERRY PAPER NAPKINS ,12,15-06-2011 12:34,0.85,12624.0,France
580138,23489,VINTAGE BELLS GARLAND,24,02-12-2011 08:55,2.89,13199.0,United Kingdom
556490,23049,RECYCLED ACAPULCO MAT RED,2,12-06-2011 14:08,8.25,13078.0,United Kingdom
578827,22219,LOVEBIRD HANGING DECORATION WHITE ,1,25-11-2011 14:25,1.63,,United Kingdom
572185,21154,RED RETROSPOT OVEN GLOVE ,8,21-10-2011 10:52,3.29,,United Kingdom
580094,23394,POSTE FRANCE CUSHION COVER,2,01-12-2011 14:50,3.75,15904.0,United Kingdom
568322,23049,RECYCLED ACAPULCO MAT RED,1,26-09-2011 13:41,8.25,15958.0,United Kingdom
561515,23034,DRAWER KNOB CERAMIC BLACK,2,27-07-2011 15:16,3.29,,United Kingdom
569862,23503,PLAYING CARDS KEEP CALM & CARRY ON,1,06-10-2011 14:43,1.25,14518.0,United Kingdom
548490,85066,CREAM SWEETHEART MINI CHEST,4,31-03-2011 13:13,12.75,12909.0,United Kingdom
564755,22646,CERAMIC STRAWBERRY CAKE MONEY BANK,1,30-08-2011 10:31,3.29,,United Kingdom
544695,20728,LUNCH BAG CARS BLUE,10,23-02-2011 09:38,1.65,14276.0,United Kingdom
567300,POST,POSTAGE,3,19-09-2011 12:36,18.0,12724.0,France
544484,21592,RETROSPOT CIGAR BOX MATCHES ,24,21-02-2011 11:10,1.25,15321.0,United Kingdom
553946,22699,ROSES REGENCY TEACUP AND SAUCER ,6,20-05-2011 10:48,2.95,15601.0,United Kingdom
540414,22894,TABLECLOTH RED APPLES DESIGN ,2,07-01-2011 10:32,8.5,12481.0,Germany
541219,84968F,SET OF 16 VINTAGE SKY BLUE CUTLERY,5,14-01-2011 14:06,8.29,,United Kingdom
557514,22077,6 RIBBONS RUSTIC CHARM,3,20-06-2011 16:58,1.65,14667.0,United Kingdom
566482,23403,LETTER HOLDER HOME SWEET HOME,4,13-09-2011 09:43,3.75,16609.0,United Kingdom
555242,84879,ASSORTED COLOUR BIRD ORNAMENT,24,01-06-2011 13:40,1.69,16424.0,United Kingdom
574711,82494L,WOODEN FRAME ANTIQUE WHITE ,6,06-11-2011 14:20,2.95,14517.0,United Kingdom
557762,20726,LUNCH BAG WOODLAND,10,22-06-2011 14:01,1.65,15810.0,United Kingdom
549128,22995,TRAVEL CARD WALLET SUKI,36,06-04-2011 14:25,0.42,16713.0,United Kingdom
569846,22865,HAND WARMER OWL DESIGN,12,06-10-2011 13:42,2.1,13422.0,United Kingdom
540856,22849,BREAD BIN DINER STYLE MINT,4,12-01-2011 10:16,14.95,16655.0,United Kingdom
537852,21874,GIN AND TONIC MUG,12,08-12-2010 15:56,1.25,17340.0,United Kingdom
567656,84969,BOX OF 6 ASSORTED COLOUR TEASPOONS,1,21-09-2011 14:40,8.29,14096.0,United Kingdom
577078,72799E,IVORY PILLAR CANDLE SILVER FLOCK,2,17-11-2011 15:17,3.29,,United Kingdom
553350,21232,STRAWBERRY CERAMIC TRINKET BOX,12,16-05-2011 13:32,1.25,12871.0,United Kingdom
552894,21888,BINGO SET,1,12-05-2011 10:53,3.75,14606.0,United Kingdom
560125,23319,BOX OF 6 MINI 50'S CRACKERS,1,15-07-2011 10:44,2.49,18118.0,United Kingdom
537160,22694,WICKER STAR ,3,05-12-2010 13:18,2.1,14161.0,United Kingdom
552662,84970l,SINGLE HEART ZINC T-LIGHT HOLDER,3,10-05-2011 15:04,2.08,,United Kingdom
549185,22978,PANTRY ROLLING PIN,6,07-04-2011 09:35,3.75,18272.0,United Kingdom
577358,22909,SET OF 20 VINTAGE CHRISTMAS NAPKINS,2,18-11-2011 15:59,1.63,,United Kingdom
542115,21213,PACK OF 72 SKULL CAKE CASES,1,25-01-2011 14:01,2.08,,United Kingdom
579539,22699,ROSES REGENCY TEACUP AND SAUCER ,6,30-11-2011 10:06,2.95,14911.0,EIRE
541830,84598,BOYS ALPHABET IRON ON PATCHES,7,21-01-2011 17:09,0.42,,United Kingdom
567200,21975,PACK OF 60 DINOSAUR CAKE CASES,24,19-09-2011 10:15,0.55,16460.0,United Kingdom
552315,21700,BIG DOUGHNUT FRIDGE MAGNETS,12,08-05-2011 16:10,0.85,12700.0,France
566164,22041,"RECORD FRAME 7"" SINGLE SIZE ",6,09-09-2011 11:56,5.79,,United Kingdom
543909,22858,EASTER TIN KEEPSAKE,6,14-02-2011 12:32,1.45,,United Kingdom
547251,21169,YOU'RE CONFUSING ME METAL SIGN ,12,22-03-2011 09:43,1.69,17865.0,United Kingdom
574022,23084,RABBIT NIGHT LIGHT,48,02-11-2011 12:20,1.79,12594.0,Italy
579399,23245,SET OF 3 REGENCY CAKE TINS,3,29-11-2011 12:09,4.95,13137.0,United Kingdom
539958,85132A,CHARLIE + LOLA BISCUITS TINS,3,23-12-2010 13:26,8.47,,United Kingdom
552108,21931,JUMBO STORAGE BAG SUKI,1,06-05-2011 11:36,2.08,17841.0,United Kingdom
578270,21218,RED SPOTTY BISCUIT TIN,1,23-11-2011 13:39,8.29,14096.0,United Kingdom
540953,84536A,ENGLISH ROSE NOTEBOOK A7 SIZE,2,12-01-2011 13:16,0.42,14587.0,United Kingdom
560895,22697,GREEN REGENCY TEACUP AND SAUCER,6,21-07-2011 17:12,2.95,13089.0,United Kingdom
576832,22630,DOLLY GIRL LUNCH BOX,12,16-11-2011 15:01,1.95,13102.0,United Kingdom
544339,22699,ROSES REGENCY TEACUP AND SAUCER ,6,18-02-2011 09:04,2.95,15228.0,United Kingdom
545105,22899,CHILDREN'S APRON DOLLY GIRL ,12,28-02-2011 11:58,2.1,12598.0,France
C543611,21730,GLASS STAR FROSTED T-LIGHT HOLDER,-1,10-02-2011 14:38,4.95,17850.0,United Kingdom
548522,20754,RETROSPOT RED WASHING UP GLOVES,2,31-03-2011 16:43,4.13,,United Kingdom
577768,22074,6 RIBBONS SHIMMERING PINKS ,1,21-11-2011 15:18,1.25,,United Kingdom
C541863,21231,SWEETHEART CERAMIC TRINKET BOX,-9,23-01-2011 16:08,1.06,13798.0,United Kingdom
563430,22297,HEART IVORY TRELLIS SMALL,24,16-08-2011 11:50,1.25,14918.0,United Kingdom
570488,23183,MOTHER'S KITCHEN SPOON REST ,2,10-10-2011 17:12,7.46,14096.0,United Kingdom
558904,22355,CHARLOTTE BAG SUKI DESIGN,6,04-07-2011 16:18,1.63,,United Kingdom
548808,22622,BOX OF VINTAGE ALPHABET BLOCKS,2,04-04-2011 12:55,11.95,17774.0,United Kingdom
579098,21985,PACK OF 12 HEARTS DESIGN TISSUES ,4,28-11-2011 11:18,0.39,14606.0,United Kingdom
537262,22411,JUMBO SHOPPER VINTAGE RED PAISLEY,10,06-12-2010 11:26,1.95,15039.0,United Kingdom
C545997,22634,CHILDS BREAKFAST SET SPACEBOY ,-1,08-03-2011 14:35,9.95,12679.0,France
571064,20828,GLITTER BUTTERFLY CLIPS,2,13-10-2011 14:48,2.55,17181.0,United Kingdom
552202,47566,PARTY BUNTING,8,06-05-2011 14:51,4.95,12414.0,Austria
538071,22732,3D VINTAGE CHRISTMAS STICKERS ,1,09-12-2010 14:09,2.51,,United Kingdom
559984,23207,LUNCH BAG ALPHABET DESIGN,1,14-07-2011 11:45,1.65,16657.0,United Kingdom
572986,22024,RAINY LADIES BIRTHDAY CARD,12,27-10-2011 10:51,0.42,12681.0,France
546306,35914,PINK CHICK EGG WARMER + EGG CUP,2,10-03-2011 16:16,0.83,,United Kingdom
538208,22110,BIRD HOUSE HOT WATER BOTTLE,1,10-12-2010 11:39,2.55,14037.0,United Kingdom
543801,22358,KINGS CHOICE TEA CADDY ,1,13-02-2011 11:52,2.95,17811.0,United Kingdom
567304,23408,PHOTO FRAME LINEN AND LACE SMALL,3,19-09-2011 13:27,2.08,14704.0,United Kingdom
557324,21326,AGED GLASS SILVER T-LIGHT HOLDER,14,20-06-2011 09:41,1.63,,United Kingdom
568390,21260,FIRST AID TIN,6,27-09-2011 10:08,3.25,17811.0,United Kingdom
558761,82483,WOOD 2 DRAWER CABINET WHITE FINISH,2,03-07-2011 12:52,6.95,15033.0,United Kingdom
554380,85174,S/4 CACTI CANDLES,8,24-05-2011 11:45,4.95,16709.0,United Kingdom
558196,22674,FRENCH TOILET SIGN BLUE METAL,6,27-06-2011 12:38,1.25,16033.0,United Kingdom
551653,22192,BLUE DINER WALL CLOCK,2,03-05-2011 12:03,8.5,13282.0,United Kingdom
536623,22815,CARD PSYCHEDELIC APPLES,24,02-12-2010 10:39,0.42,15601.0,United Kingdom
539333,22507,MEMO BOARD RETROSPOT  DESIGN,4,17-12-2010 09:52,4.95,13627.0,United Kingdom
542420,22348,TEA BAG PLATE RED RETROSPOT,6,27-01-2011 18:05,0.85,17180.0,United Kingdom
552036,22514,CHILDS GARDEN SPADE BLUE,2,05-05-2011 19:16,2.1,12748.0,United Kingdom
541104,84078A,SET/4 WHITE RETRO STORAGE CUBES ,1,13-01-2011 14:29,74.96,,United Kingdom
536876,84945,MULTI COLOUR SILVER T-LIGHT HOLDER,6,03-12-2010 11:36,1.84,,United Kingdom
546486,15058A,BLUE POLKADOT GARDEN PARASOL,1,14-03-2011 11:41,7.95,15039.0,United Kingdom
550631,22626,BLACK KITCHEN SCALES,2,19-04-2011 14:51,8.5,15225.0,United Kingdom
539492,22616,PACK OF 12 LONDON TISSUES ,1,20-12-2010 10:14,0.85,,United Kingdom
579458,21730,GLASS STAR FROSTED T-LIGHT HOLDER,1,29-11-2011 14:38,4.95,16549.0,United Kingdom
575324,23398,HANGING HEART BONHEUR,12,09-11-2011 13:45,0.85,14240.0,United Kingdom
581020,23242,TREASURE TIN BUFFALO BILL ,48,07-12-2011 10:12,1.85,17511.0,United Kingdom
560773,84877B,GREEN ROUND COMPACT MIRROR,2,20-07-2011 16:17,2.46,,United Kingdom
567850,23188,VINTAGE  2 METER FOLDING RULER,12,22-09-2011 13:18,1.65,15067.0,United Kingdom
569202,23247,BISCUIT TIN 50'S CHRISTMAS,1,30-09-2011 17:22,5.79,,United Kingdom
568346,22077,6 RIBBONS RUSTIC CHARM,6,26-09-2011 15:28,3.29,14096.0,United Kingdom
544323,22616,PACK OF 12 LONDON TISSUES ,1,17-02-2011 15:51,0.83,,United Kingdom
570229,22111,SCOTTIE DOG HOT WATER BOTTLE,1,09-10-2011 13:30,4.95,15756.0,United Kingdom
537434,22621,TRADITIONAL KNITTING NANCY,2,06-12-2010 16:57,1.45,,United Kingdom
537852,22197,SMALL POPCORN HOLDER,13,08-12-2010 15:56,0.85,17340.0,United Kingdom
572550,21811,HANGING HEART WITH BELL,7,24-10-2011 17:06,0.83,,United Kingdom
572762,22960,JAM MAKING SET WITH JARS,6,26-10-2011 09:50,4.25,15240.0,United Kingdom
537434,20975,12 PENCILS SMALL TUBE RED RETROSPOT,7,06-12-2010 16:57,1.28,,United Kingdom
541827,90187B,GREEN DROP EARRINGS W BEAD CLUSTER,1,21-01-2011 17:05,3.32,,United Kingdom
576617,22650,CERAMIC PIRATE CHEST MONEY BANK,1,15-11-2011 16:57,3.29,,United Kingdom
542629,22629,SPACEBOY LUNCH BOX ,24,31-01-2011 09:57,1.95,12731.0,France
C549783,22060,LARGE CAKE STAND HANGING HEARTS,-5,12-04-2011 11:50,3.95,16558.0,United Kingdom
547387,21929,JUMBO BAG PINK VINTAGE PAISLEY,10,22-03-2011 16:00,1.95,12539.0,Spain
565431,23196,VINTAGE LEAF MAGNETIC NOTEPAD,5,04-09-2011 13:15,1.45,14965.0,United Kingdom
564093,22770,MIRROR CORNICE,2,23-08-2011 10:29,14.95,14930.0,Channel Islands
574591,23531,WALL ART BIG LOVE ,3,06-11-2011 10:47,6.95,15745.0,United Kingdom
542103,21124,SET/10 BLUE POLKADOT PARTY CANDLES,24,25-01-2011 13:26,1.25,13198.0,United Kingdom
567092,22083,PAPER CHAIN KIT RETROSPOT,6,16-09-2011 12:48,2.95,13196.0,United Kingdom
575059,23333,IVORY WICKER HEART MEDIUM,1,08-11-2011 12:25,1.25,14071.0,United Kingdom
568591,21930,JUMBO STORAGE BAG SKULLS,10,28-09-2011 10:39,2.08,17088.0,United Kingdom
567288,21154,RED RETROSPOT OVEN GLOVE ,2,19-09-2011 11:49,1.25,16906.0,United Kingdom
538349,90030B,RED KUKUI COCONUT SEED NECKLACE,1,10-12-2010 14:59,5.94,,United Kingdom
577038,23266,SET OF 3 WOODEN STOCKING DECORATION,6,17-11-2011 13:30,1.25,14796.0,United Kingdom
581023,20718,RED RETROSPOT SHOPPER BAG,2,07-12-2011 10:35,3.29,,United Kingdom
540093,22117,METAL SIGN HER DINNER IS SERVED ,2,04-01-2011 15:24,2.95,16725.0,United Kingdom
569246,84915,HAND TOWEL PINK FLOWER AND DAISY,1,03-10-2011 09:57,4.13,14096.0,United Kingdom
536531,22727,ALARM CLOCK BAKELIKE RED ,9,01-12-2010 13:23,3.75,15485.0,United Kingdom
571716,22114,HOT WATER BOTTLE TEA AND SYMPATHY,3,18-10-2011 17:05,8.29,,United Kingdom
564489,23255,CHILDRENS CUTLERY CIRCUS PARADE,4,25-08-2011 14:13,4.15,15950.0,United Kingdom
541596,72741,GRAND CHOCOLATECANDLE,9,19-01-2011 16:19,1.45,17602.0,United Kingdom
558774,21944,KITTENS DESIGN FLANNEL,1,04-07-2011 10:17,0.83,,United Kingdom
554094,85169C,EAU DE NIL LOVE BIRD CANDLE,1,22-05-2011 12:49,1.25,15716.0,United Kingdom
564974,22840,ROUND CAKE TIN VINTAGE RED,1,31-08-2011 15:32,15.79,,United Kingdom
578539,22559,SEASIDE FLYING DISC,12,24-11-2011 14:55,1.25,,Unspecified
536876,22251,BIRDHOUSE DECORATION MAGIC GARDEN,1,03-12-2010 11:36,2.51,,United Kingdom
559330,23146,TRIPLE HOOK ANTIQUE IVORY ROSE,4,07-07-2011 15:44,3.29,17696.0,United Kingdom
552658,22778,GLASS CLOCHE SMALL,1,10-05-2011 14:57,3.95,14534.0,United Kingdom
539103,21348,PINK SPOTS CHOCOLATE NESTING BOXES ,24,16-12-2010 10:38,2.55,16985.0,United Kingdom
569037,82482,WOODEN PICTURE FRAME WHITE FINISH,3,30-09-2011 10:45,2.95,13263.0,United Kingdom
543466,22481,BLACK TEA TOWEL CLASSIC DESIGN,12,08-02-2011 14:34,1.25,16713.0,United Kingdom
580115,21932,SCANDINAVIAN PAISLEY PICNIC BAG,1,01-12-2011 16:22,2.46,,United Kingdom
556828,23321,SMALL WHITE HEART OF WICKER,3,15-06-2011 10:39,1.65,17284.0,United Kingdom
543166,22846,BREAD BIN DINER STYLE RED ,1,04-02-2011 08:27,16.95,13488.0,United Kingdom
578065,22468,BABUSHKA LIGHTS STRING OF 10,1,22-11-2011 15:41,13.29,,United Kingdom
550467,85200,BUNNY EGG BOX,2,18-04-2011 13:36,1.25,18009.0,United Kingdom
562454,84510C,SET OF 4 POLKADOT COASTERS,10,05-08-2011 10:31,1.25,15128.0,United Kingdom
566018,21533,RETROSPOT LARGE MILK JUG,2,08-09-2011 12:42,4.95,13137.0,United Kingdom
546753,20969,RED FLORAL FELTCRAFT SHOULDER BAG,2,16-03-2011 13:00,3.75,16383.0,United Kingdom
578065,72760B,VINTAGE CREAM 3 BASKET CAKE STAND,1,22-11-2011 15:41,20.79,,United Kingdom
566572,22558,CLOTHES PEGS RETROSPOT PACK 24 ,12,13-09-2011 12:52,1.65,13488.0,United Kingdom
573336,20983,12 PENCILS TALL TUBE RED RETROSPOT,4,30-10-2011 11:37,0.85,17372.0,United Kingdom
543013,84535B,FAIRY CAKES NOTEBOOK A6 SIZE,1,02-02-2011 13:35,1.46,,United Kingdom
571508,22909,SET OF 20 VINTAGE CHRISTMAS NAPKINS,1,17-10-2011 15:27,1.63,,United Kingdom
572335,22865,HAND WARMER OWL DESIGN,12,24-10-2011 10:27,2.1,14493.0,United Kingdom
553341,22666,RECIPE BOX PANTRY YELLOW DESIGN,6,16-05-2011 12:25,2.95,16293.0,United Kingdom
554098,22178,VICTORIAN GLASS HANGING T-LIGHT,6,22-05-2011 13:01,1.25,14769.0,United Kingdom
562371,22627,MINT KITCHEN SCALES,2,04-08-2011 14:30,8.5,13709.0,United Kingdom
575087,21790,VINTAGE SNAP CARDS,1,08-11-2011 13:57,0.85,16549.0,United Kingdom
573388,23286,BLUE VINTAGE SPOT BEAKER,8,30-10-2011 14:44,0.85,14895.0,United Kingdom
549845,23000,TRAVEL CARD WALLET TRANSPORT,11,12-04-2011 14:22,0.42,16729.0,United Kingdom
572457,20712,JUMBO BAG WOODLAND ANIMALS,10,24-10-2011 12:44,2.08,12594.0,Italy
563229,21135,VICTORIAN  METAL POSTCARD SPRING,1,14-08-2011 15:35,1.69,17988.0,United Kingdom
554157,20728,LUNCH BAG CARS BLUE,2,23-05-2011 11:33,1.65,18283.0,United Kingdom
544434,90214C,"LETTER ""C"" BLING KEY RING",1,18-02-2011 16:12,0.83,,United Kingdom
563557,22558,CLOTHES PEGS RETROSPOT PACK 24 ,12,17-08-2011 13:33,1.65,15786.0,United Kingdom
544599,22974,CHILDRENS DOLLY GIRL MUG,1,21-02-2011 18:15,3.29,,United Kingdom
572553,22123,PING MICROWAVE APRON,1,24-10-2011 17:09,4.13,,United Kingdom
553739,85123A,WHITE HANGING HEART T-LIGHT HOLDER,6,19-05-2011 09:23,2.95,14895.0,United Kingdom
558896,22384,LUNCH BAG PINK POLKADOT,1,04-07-2011 15:55,1.65,,United Kingdom
565665,22646,CERAMIC STRAWBERRY CAKE MONEY BANK,4,05-09-2011 17:44,1.45,15856.0,United Kingdom
554261,21889,WOODEN BOX OF DOMINOES,1,23-05-2011 12:32,1.25,16033.0,United Kingdom
574841,22580,ADVENT CALENDAR GINGHAM SACK,3,07-11-2011 11:42,5.95,14156.0,EIRE
552779,22729,ALARM CLOCK BAKELIKE ORANGE,4,11-05-2011 12:13,3.75,13013.0,United Kingdom
572058,23052,RECYCLED ACAPULCO MAT TURQUOISE,1,20-10-2011 12:43,8.25,18252.0,United Kingdom
580884,22578,WOODEN STAR CHRISTMAS SCANDINAVIAN,6,06-12-2011 12:21,0.29,15907.0,United Kingdom
564837,23323,WHITE WICKER STAR ,1,30-08-2011 12:40,4.13,,United Kingdom
543812,21790,VINTAGE SNAP CARDS,1,13-02-2011 14:40,0.85,17472.0,United Kingdom
580672,22541,MINI JIGSAW LEAP FROG,3,05-12-2011 14:29,0.19,17920.0,United Kingdom
579508,22195,LARGE HEART MEASURING SPOONS,1,29-11-2011 16:33,3.29,,United Kingdom
576213,22578,WOODEN STAR CHRISTMAS SCANDINAVIAN,3,14-11-2011 12:47,0.29,18117.0,United Kingdom
571676,22578,WOODEN STAR CHRISTMAS SCANDINAVIAN,2,18-10-2011 13:29,0.29,16910.0,United Kingdom
557136,21441,BLUE BIRDHOUSE DECORATION,12,17-06-2011 09:23,0.85,14911.0,EIRE
559032,23241,TREASURE TIN GYMKHANA DESIGN,6,05-07-2011 14:53,2.08,17511.0,United Kingdom
546254,22791,T-LIGHT GLASS FLUTED ANTIQUE,12,10-03-2011 14:45,1.25,14727.0,United Kingdom
579559,21899,GARAGE KEY FOB,1,30-11-2011 11:30,0.65,16764.0,United Kingdom
568877,22328,ROUND SNACK BOXES SET OF 4 FRUITS ,10,29-09-2011 12:31,2.95,14680.0,United Kingdom
548740,20914,SET/5 RED RETROSPOT LID GLASS BOWLS,6,04-04-2011 11:34,2.95,13319.0,United Kingdom
565303,22529,MAGIC DRAWING SLATE GO TO THE FAIR ,2,02-09-2011 12:17,0.42,,Unspecified
546896,15056N,EDWARDIAN PARASOL NATURAL,1,17-03-2011 18:24,12.46,,United Kingdom
566171,22169,FAMILY ALBUM WHITE PICTURE FRAME,1,09-09-2011 12:22,8.5,18118.0,United Kingdom
551719,21810,CHRISTMAS HANGING STAR WITH BELL,1,03-05-2011 16:09,2.46,,United Kingdom
577337,23382,BOX OF 6 CHRISTMAS CAKE DECORATIONS,1,18-11-2011 14:51,3.75,15494.0,United Kingdom
564322,22355,CHARLOTTE BAG SUKI DESIGN,100,24-08-2011 13:23,0.72,13694.0,United Kingdom
560078,21116,OWL DOORSTOP,3,14-07-2011 16:12,4.95,16040.0,United Kingdom
579124,23197,SKETCHBOOK MAGNETIC SHOPPING LIST,1,28-11-2011 12:14,1.45,15721.0,United Kingdom
537769,22834,HAND WARMER BABUSHKA DESIGN,1,08-12-2010 12:17,2.1,15021.0,United Kingdom
537434,21723,ALPHABET HEARTS STICKER SHEET,1,06-12-2010 16:57,1.66,,United Kingdom
572858,22086,PAPER CHAIN KIT 50'S CHRISTMAS ,2,26-10-2011 12:36,2.95,13571.0,United Kingdom
555835,21061,PARTY INVITES FOOTBALL,1,07-06-2011 12:34,0.85,14525.0,United Kingdom
572837,23221,REINDEER HEART DECORATION SILVER,12,26-10-2011 12:01,0.83,14754.0,United Kingdom
571508,22492,MINI PAINT SET VINTAGE ,2,17-10-2011 15:27,1.63,,United Kingdom
570187,84508C,BLUE CIRCLES DESIGN TEDDY,1,07-10-2011 15:09,4.96,,United Kingdom
571716,22665,RECIPE BOX BLUE SKETCHBOOK DESIGN,2,18-10-2011 17:05,5.79,,United Kingdom
560285,22348,TEA BAG PLATE RED RETROSPOT,12,18-07-2011 09:21,0.85,14944.0,United Kingdom
561371,21791,VINTAGE HEADS AND TAILS CARD GAME ,1,26-07-2011 16:25,2.46,,United Kingdom
571654,22580,ADVENT CALENDAR GINGHAM SACK,1,18-10-2011 12:17,5.95,18118.0,United Kingdom
555515,23283,DOORMAT VINTAGE LEAVES DESIGN ,5,05-06-2011 10:47,7.95,17690.0,United Kingdom
568701,20719,WOODLAND CHARLOTTE BAG,10,28-09-2011 15:07,0.85,13924.0,United Kingdom
572513,17012B,ORIGAMI JASMINE INCENSE/CANDLE SET,1,24-10-2011 14:36,0.85,16728.0,United Kingdom
565851,23145,ZINC T-LIGHT HOLDER STAR LARGE,12,07-09-2011 13:06,0.95,14911.0,EIRE
574470,23508,MINI PLAYING CARDS DOLLY GIRL ,6,04-11-2011 11:56,0.42,12748.0,United Kingdom
558475,21749,LARGE RED RETROSPOT WINDMILL,2,29-06-2011 15:58,4.13,,United Kingdom
544271,21245,GREEN POLKADOT PLATE ,8,17-02-2011 11:46,1.69,17083.0,United Kingdom
578746,23206,LUNCH BAG APPLE DESIGN,11,25-11-2011 11:36,4.96,,United Kingdom
576099,23392,SPACEBOY ROCKET LOLLY MAKERS,6,14-11-2011 10:28,2.08,13021.0,United Kingdom
546383,21232,STRAWBERRY CERAMIC TRINKET BOX,12,11-03-2011 12:54,1.25,13654.0,United Kingdom
566495,21481,FAWN BLUE HOT WATER BOTTLE,2,13-09-2011 11:14,3.75,15529.0,United Kingdom
544461,22675,FRENCH KITCHEN SIGN BLUE METAL,24,20-02-2011 14:08,1.25,13744.0,United Kingdom
580754,22835,HOT WATER BOTTLE I AM SO POORLY,4,06-12-2011 10:05,12.46,,United Kingdom
567303,23265,SET OF 3 WOODEN TREE DECORATIONS,12,19-09-2011 13:20,1.25,17613.0,United Kingdom
565235,22709,WRAP WEDDING DAY,25,02-09-2011 09:43,0.42,13418.0,United Kingdom
561056,22650,CERAMIC PIRATE CHEST MONEY BANK,12,24-07-2011 13:17,1.45,13477.0,United Kingdom
546538,82580,BATHROOM METAL SIGN,12,14-03-2011 14:51,0.55,16327.0,United Kingdom
576339,84859C,PINK DISCO HANDBAG,1,14-11-2011 15:27,4.13,14096.0,United Kingdom
576840,84032A,CHARLIE+LOLA PINK HOT WATER BOTTLE,3,16-11-2011 15:23,3.29,,United Kingdom
572553,21479,WHITE SKULL HOT WATER BOTTLE ,1,24-10-2011 17:09,8.29,,United Kingdom
551342,20975,12 PENCILS SMALL TUBE RED RETROSPOT,24,28-04-2011 08:34,0.65,16099.0,United Kingdom
540247,85123A,WHITE HANGING HEART T-LIGHT HOLDER,3,05-01-2011 15:56,2.95,15464.0,United Kingdom
547552,20712,JUMBO BAG WOODLAND ANIMALS,2,23-03-2011 15:55,4.13,,United Kingdom
578026,23205,CHARLOTTE BAG VINTAGE ALPHABET ,10,22-11-2011 13:29,0.85,17659.0,United Kingdom
576189,22367,CHILDRENS APRON SPACEBOY DESIGN,2,14-11-2011 11:33,1.95,14684.0,United Kingdom
578354,23569,TRADTIONAL ALPHABET STAMP SET,4,24-11-2011 10:12,4.95,17139.0,United Kingdom
577613,21913,VINTAGE SEASIDE JIGSAW PUZZLES,4,21-11-2011 10:02,3.75,14911.0,EIRE
547397,20711,JUMBO BAG TOYS ,1,22-03-2011 16:55,4.13,,United Kingdom
574741,22197,POPCORN HOLDER,8,06-11-2011 16:13,0.85,15993.0,United Kingdom
559112,22699,ROSES REGENCY TEACUP AND SAUCER ,2,06-07-2011 11:59,2.95,17315.0,United Kingdom
566010,22835,HOT WATER BOTTLE I AM SO POORLY,2,08-09-2011 12:05,4.95,13700.0,United Kingdom
571214,23002,TRAVEL CARD WALLET SKULLS,11,14-10-2011 12:56,0.42,14390.0,United Kingdom
550470,48194,DOORMAT HEARTS,1,18-04-2011 13:49,15.79,,United Kingdom
575628,22119,PEACE WOODEN BLOCK LETTERS,1,10-11-2011 13:31,6.95,12844.0,United Kingdom
552182,22848,BREAD BIN DINER STYLE PINK,1,06-05-2011 13:38,16.95,14180.0,United Kingdom
571318,22139,RETROSPOT TEA SET CERAMIC 11 PC ,24,17-10-2011 10:50,4.95,17404.0,Sweden
559329,22993,SET OF 4 PANTRY JELLY MOULDS,36,07-07-2011 15:41,1.25,15241.0,United Kingdom
576217,23100,SILVER BELLS TABLE DECORATION,1,14-11-2011 12:56,1.25,17081.0,United Kingdom
570333,21169,YOU'RE CONFUSING ME METAL SIGN ,1,10-10-2011 12:19,1.69,18126.0,United Kingdom
537351,21219,SET/4 BADGES BALLOON GIRL,10,06-12-2010 12:23,1.25,16898.0,United Kingdom
560555,20984,12 PENCILS TALL TUBE POSY,2,19-07-2011 13:01,0.29,14178.0,United Kingdom
562282,23232,WRAP VINTAGE LEAF DESIGN,50,04-08-2011 10:38,0.42,13098.0,United Kingdom
573553,85049e,SCANDINAVIAN REDS RIBBONS,1,31-10-2011 13:48,3.29,,United Kingdom
555149,23084,RABBIT NIGHT LIGHT,2,31-05-2011 15:49,4.13,,United Kingdom
536539,82486,WOOD S/3 CABINET ANT WHITE FINISH,2,01-12-2010 14:03,7.95,15165.0,United Kingdom
574336,23389,SPACEBOY MINI BACKPACK,4,04-11-2011 09:52,4.15,12397.0,Belgium
562688,20728,LUNCH BAG CARS BLUE,4,08-08-2011 13:53,1.65,13869.0,United Kingdom
562199,21232,STRAWBERRY CERAMIC TRINKET BOX,2,03-08-2011 12:20,1.25,12748.0,United Kingdom
576329,22679,FRENCH BLUE METAL DOOR SIGN 4,1,14-11-2011 15:22,2.46,,United Kingdom
568137,21731,RED TOADSTOOL LED NIGHT LIGHT,24,25-09-2011 10:34,1.65,12488.0,France
538524,22502,PICNIC BASKET WICKER SMALL,2,13-12-2010 09:35,8.47,,United Kingdom
579512,84536A,ENGLISH ROSE NOTEBOOK A7 SIZE,1,29-11-2011 16:47,0.83,,United Kingdom
577768,22753,SMALL YELLOW BABUSHKA NOTEBOOK ,1,21-11-2011 15:18,1.63,,United Kingdom
575066,23487,SWEET HEART CAKE CARRIER,1,08-11-2011 12:42,9.95,13668.0,United Kingdom
559807,23160,REGENCY TEA SPOON,1,12-07-2011 14:48,1.25,17841.0,United Kingdom
565409,21124,SET/10 BLUE POLKADOT PARTY CANDLES,24,04-09-2011 11:15,1.25,16761.0,United Kingdom
541592,85129D,BEADED CRYSTAL HEART PINK SMALL,2,19-01-2011 15:08,2.46,,United Kingdom
575219,21509,COWBOYS AND INDIANS BIRTHDAY CARD ,72,09-11-2011 11:17,0.36,17511.0,United Kingdom
548470,22139,RETROSPOT TEA SET CERAMIC 11 PC ,12,31-03-2011 12:36,4.95,12782.0,Portugal
569326,22634,CHILDS BREAKFAST SET SPACEBOY ,8,03-10-2011 12:47,8.5,14360.0,United Kingdom
547042,21216,"SET 3 RETROSPOT TEA,COFFEE,SUGAR",1,20-03-2011 11:00,10.79,,United Kingdom
570465,22551,PLASTERS IN TIN SPACEBOY,1,10-10-2011 16:02,3.29,,United Kingdom
569246,84988,SET OF 72 PINK HEART PAPER DOILIES,1,03-10-2011 09:57,2.92,14096.0,United Kingdom
550130,90185C,BLACK DIAMANTE EXPANDABLE RING,6,14-04-2011 13:17,4.25,14390.0,United Kingdom
554507,21206,STRAWBERRY HONEYCOMB  GARLAND ,12,24-05-2011 15:29,1.65,15513.0,United Kingdom
572703,22055,MINI CAKE STAND  HANGING STRAWBERY,1,25-10-2011 14:35,1.65,16110.0,United Kingdom
549844,21899,"KEY FOB , GARAGE DESIGN",7,12-04-2011 14:17,0.65,12854.0,United Kingdom
C562952,23244,ROUND STORAGE TIN VINTAGE LEAF,-2,11-08-2011 10:10,1.95,12749.0,United Kingdom
550123,22029,SPACEBOY BIRTHDAY CARD,12,14-04-2011 12:39,0.42,,United Kingdom
560366,72807A,SET/3 ROSE CANDLE IN JEWELLED BOX,4,18-07-2011 12:19,4.25,16859.0,United Kingdom
537395,21175,GIN + TONIC DIET METAL SIGN,2,06-12-2010 14:05,2.1,15356.0,United Kingdom
541265,85099C,JUMBO  BAG BAROQUE BLACK WHITE,2,16-01-2011 16:23,1.95,17609.0,United Kingdom
566276,22705,WRAP GREEN PEARS ,25,11-09-2011 14:00,0.42,13450.0,United Kingdom
558111,23091,ZINC HERB GARDEN CONTAINER,1,26-06-2011 16:06,6.25,17114.0,United Kingdom
573137,23198,PANTRY MAGNETIC  SHOPPING LIST,1,27-10-2011 17:15,3.29,,United Kingdom
578953,20752,BLUE POLKADOT WASHING UP GLOVES,2,27-11-2011 14:50,2.1,13546.0,United Kingdom
538999,22423,REGENCY CAKESTAND 3 TIER,16,15-12-2010 12:09,10.95,16003.0,United Kingdom
572185,22382,LUNCH BAG SPACEBOY DESIGN ,1,21-10-2011 10:52,4.96,,United Kingdom
566874,22355,CHARLOTTE BAG SUKI DESIGN,2,15-09-2011 13:32,0.85,,United Kingdom
574721,23512,EMBROIDERED RIBBON REEL ROSIE,1,06-11-2011 14:43,2.08,17920.0,United Kingdom
569372,22595,GINGHAM HEART DECORATION,1,03-10-2011 16:04,1.63,,United Kingdom
555106,22539,MINI JIGSAW DOLLY GIRL,24,31-05-2011 14:14,0.42,12790.0,Netherlands
566451,22896,PEG BAG APPLES DESIGN,3,12-09-2011 16:14,2.55,18069.0,United Kingdom
570223,23209,LUNCH BAG VINTAGE DOILY ,2,09-10-2011 13:11,1.65,15787.0,United Kingdom
571065,21213,PACK OF 72 SKULL CAKE CASES,24,13-10-2011 14:59,0.55,12613.0,Germany
552338,22845,VINTAGE CREAM CAT FOOD CONTAINER,2,09-05-2011 11:51,6.35,,United Kingdom
578344,23199,JUMBO BAG APPLES,2,24-11-2011 09:21,4.13,,United Kingdom
554075,21789,KIDS RAIN MAC PINK,24,22-05-2011 11:29,0.85,16038.0,United Kingdom
565397,22937,BAKING MOULD CHOCOLATE CUPCAKES,1,02-09-2011 16:43,2.55,14171.0,United Kingdom
547881,21993,FLORAL FOLK STATIONERY SET,1,27-03-2011 16:08,2.95,13110.0,United Kingdom
548714,22429,ENAMEL MEASURING JUG CREAM,1,03-04-2011 15:07,4.25,17337.0,United Kingdom
561217,22829,SWEETHEART WIRE WALL TIDY,1,25-07-2011 17:09,20.79,,United Kingdom
572061,21989,PACK OF 20 SKULL PAPER NAPKINS,12,20-10-2011 12:53,0.85,12474.0,Germany
571441,21917,SET 12 KIDS  WHITE CHALK STICKS,1,17-10-2011 13:31,0.83,14096.0,United Kingdom
541596,21976,PACK OF 60 MUSHROOM CAKE CASES,1,19-01-2011 16:19,0.55,17602.0,United Kingdom
577078,22659,LUNCH BOX I LOVE LONDON,2,17-11-2011 15:17,4.13,,United Kingdom
580399,48111,DOORMAT 3 SMILEY CATS,1,04-12-2011 11:45,8.25,13471.0,United Kingdom
545085,21390,FILIGRIS HEART WITH BUTTERFLY,24,28-02-2011 11:19,1.25,15039.0,United Kingdom
579187,22960,JAM MAKING SET WITH JARS,2,28-11-2011 15:31,8.29,,United Kingdom
571937,21636,MADRAS NOTEBOOK MEDIUM,12,20-10-2011 09:28,0.75,14911.0,EIRE
539631,21918,SET 12 KIDS COLOUR  CHALK STICKS,1,20-12-2010 15:03,0.85,,United Kingdom
C570775,POST,POSTAGE,-1,12-10-2011 11:45,18.0,12664.0,Finland
546892,21169,YOU'RE CONFUSING ME METAL SIGN ,1,17-03-2011 18:20,4.13,,United Kingdom
540163,16161P,WRAP ENGLISH ROSE ,25,05-01-2011 11:52,0.42,13089.0,United Kingdom
C550181,21239,PINK  POLKADOT CUP,-20,14-04-2011 17:43,0.85,13069.0,United Kingdom
570292,23533,WALL ART GARDEN HAVEN ,3,10-10-2011 11:59,5.95,13418.0,United Kingdom
559338,23176,ABC TREASURE BOOK BOX ,2,07-07-2011 16:30,4.58,,United Kingdom
551868,23231,WRAP DOILEY DESIGN,25,04-05-2011 16:29,0.42,12540.0,Spain
552852,22979,PANTRY WASHING UP BRUSH,6,11-05-2011 15:08,1.45,16712.0,United Kingdom
549293,21463,MIRRORED DISCO BALL ,1,07-04-2011 19:16,5.95,17883.0,United Kingdom
543197,22929,SCHOOL DESK AND CHAIR ,1,04-02-2011 12:36,65.0,12842.0,United Kingdom
580115,22701,PINK DOG BOWL,3,01-12-2011 16:22,2.46,,United Kingdom
569700,21232,STRAWBERRY CERAMIC TRINKET BOX,1,05-10-2011 15:56,2.46,,United Kingdom
544074,22773,GREEN DRAWER KNOB ACRYLIC EDWARDIAN,12,15-02-2011 14:49,1.25,14156.0,EIRE
573585,22355,CHARLOTTE BAG SUKI DESIGN,16,31-10-2011 14:41,0.85,,United Kingdom
555573,22031,BOTANICAL LAVENDER BIRTHDAY CARD,12,05-06-2011 15:46,0.42,15349.0,United Kingdom
563430,21710,FOLDING UMBRELLA PINKWHITE POLKADOT,8,16-08-2011 11:50,4.95,14918.0,United Kingdom
537638,21982,PACK OF 12 SUKI TISSUES ,6,07-12-2010 15:28,0.85,,United Kingdom
562542,22031,BOTANICAL LAVENDER BIRTHDAY CARD,12,05-08-2011 15:40,0.42,17377.0,United Kingdom
574962,22161,HEART DECORATION RUSTIC HANGING ,24,08-11-2011 10:26,0.19,15194.0,United Kingdom
545575,22061,LARGE CAKE STAND  HANGING STRAWBERY,6,03-03-2011 18:28,9.95,13014.0,United Kingdom
571747,20972,PINK CREAM FELT CRAFT TRINKET BOX ,12,19-10-2011 10:59,1.25,13849.0,United Kingdom
570197,44092C,PURPLE/COPPER HANGING LAMPSHADE,1,07-10-2011 15:45,0.85,13755.0,United Kingdom
567462,21888,BINGO SET,1,20-09-2011 12:35,3.75,14446.0,United Kingdom
560863,75049L,LARGE CIRCULAR MIRROR MOBILE,2,21-07-2011 13:53,1.25,12748.0,United Kingdom
543631,22893,MINI CAKE STAND T-LIGHT HOLDER,12,10-02-2011 16:17,0.42,14081.0,United Kingdom
575298,23203,JUMBO BAG VINTAGE DOILY ,5,09-11-2011 12:29,2.08,17841.0,United Kingdom
552829,23067,HANGING ENGRAVED METAL HEART,4,11-05-2011 13:42,4.15,12748.0,United Kingdom
576087,20724,RED RETROSPOT CHARLOTTE BAG,10,14-11-2011 08:31,0.85,12689.0,France
580208,46000M,POLYESTER FILLER PAD 45x45cm,4,02-12-2011 12:07,1.55,13468.0,United Kingdom
544161,20728,LUNCH BAG CARS BLUE,10,16-02-2011 12:59,1.65,16875.0,United Kingdom
C569034,22489,PACK OF 12 TRADITIONAL CRAYONS,-1,30-09-2011 10:42,0.42,16240.0,United Kingdom
564848,23033,DRAWER KNOB CERAMIC RED,6,30-08-2011 15:37,1.45,16928.0,United Kingdom
538071,21912,VINTAGE SNAKES & LADDERS,2,09-12-2010 14:09,7.62,,United Kingdom
555344,22757,LARGE RED BABUSHKA NOTEBOOK ,1,02-06-2011 11:45,1.25,15311.0,United Kingdom
578344,22219,LOVEBIRD HANGING DECORATION WHITE ,1,24-11-2011 09:21,1.63,,United Kingdom
570086,22619,SET OF 6 SOLDIER SKITTLES,8,07-10-2011 11:22,3.75,17086.0,United Kingdom
539436,20966,SANDWICH BATH SPONGE,2,17-12-2010 14:49,2.51,,United Kingdom
552318,84692,BOX OF 24 COCKTAIL PARASOLS,4,08-05-2011 16:13,0.42,17231.0,United Kingdom
543737,22366,DOORMAT AIRMAIL ,8,11-02-2011 12:45,7.95,12477.0,Germany
C570867,23293,SET OF 12 FAIRY CAKE BAKING CASES,-8,12-10-2011 16:17,0.83,12607.0,USA
545430,82494L,WOODEN FRAME ANTIQUE WHITE ,12,02-03-2011 14:50,2.95,15636.0,United Kingdom
550955,21914,BLUE HARMONICA IN BOX ,12,21-04-2011 16:26,1.25,14189.0,United Kingdom
545901,22291,HANGING CHICK CREAM DECORATION,2,07-03-2011 17:52,1.45,15834.0,United Kingdom
559491,22135,MINI LADLE LOVE HEART PINK,1,08-07-2011 13:53,0.83,,United Kingdom
580065,23355,HOT WATER BOTTLE KEEP CALM,4,01-12-2011 13:33,4.95,15434.0,United Kingdom
539300,22966,GINGERBREAD MAN COOKIE CUTTER,1,16-12-2010 17:31,1.25,,United Kingdom
551271,84692,BOX OF 24 COCKTAIL PARASOLS,25,27-04-2011 12:39,0.42,17187.0,United Kingdom
542944,84755,COLOUR GLASS T-LIGHT HOLDER HANGING,32,02-02-2011 11:14,0.65,17560.0,United Kingdom
547651,22432,WATERING CAN PINK BUNNY,3,24-03-2011 12:11,1.95,16904.0,United Kingdom
540566,22813,PACK 3 BOXES BIRD PANNETONE ,2,10-01-2011 10:58,1.95,17811.0,United Kingdom
547070,22261,FELT EGG COSY WHITE RABBIT ,1,20-03-2011 13:58,0.85,16115.0,United Kingdom
566082,23119,PACK OF 6 LARGE FRUIT STRAWS ,12,09-09-2011 10:09,0.62,16293.0,United Kingdom
561873,22147,FELTCRAFT BUTTERFLY HEARTS,40,31-07-2011 11:48,1.25,13316.0,United Kingdom
562517,21990,MODERN FLORAL STATIONERY SET,2,05-08-2011 12:27,1.25,15719.0,United Kingdom
540839,72802A,ROSE SCENT CANDLE IN JEWELLED BOX,1,11-01-2011 15:42,4.25,16791.0,United Kingdom
560048,21985,PACK OF 12 HEARTS DESIGN TISSUES ,24,14-07-2011 15:02,0.29,13515.0,United Kingdom
C560880,22666,RECIPE BOX PANTRY YELLOW DESIGN,-3,21-07-2011 15:39,2.95,15152.0,United Kingdom
581133,21933,PINK VINTAGE PAISLEY PICNIC BAG,10,07-12-2011 12:55,1.65,14904.0,United Kingdom
576837,84661B,BLACK SQUARE TABLE CLOCK,1,16-11-2011 15:16,4.96,,United Kingdom
553734,23109,LED TEA LIGHTS,6,19-05-2011 08:31,2.89,14735.0,United Kingdom
560090,22558,CLOTHES PEGS RETROSPOT PACK 24 ,1,14-07-2011 16:46,3.29,,United Kingdom
579167,22914,BLUE COAT RACK PARIS FASHION,2,28-11-2011 14:06,4.95,16800.0,United Kingdom
544928,47559B,TEA TIME OVEN GLOVE,3,24-02-2011 18:07,2.46,,United Kingdom
581492,21808,"CHRISTMAS GARLAND STARS,TREES",3,09-12-2011 10:03,3.29,,United Kingdom
560491,23236,DOILEY STORAGE TIN,1,19-07-2011 10:51,2.89,12415.0,Australia
564901,22231,JIGSAW TREE WITH BIRDHOUSE,12,31-08-2011 11:40,0.59,15690.0,United Kingdom
545183,21922,UNION STRIPE WITH FRINGE  HAMMOCK,2,28-02-2011 14:59,7.95,15570.0,United Kingdom
571441,22559,SEASIDE FLYING DISC,2,17-10-2011 13:31,2.46,14096.0,United Kingdom
543467,21790,VINTAGE SNAP CARDS,2,08-02-2011 14:35,1.63,,United Kingdom
576910,15044A,PINK PAPER PARASOL ,6,17-11-2011 09:51,2.95,12477.0,Germany
575851,23350,ROLL WRAP VINTAGE SPOT ,1,11-11-2011 12:13,1.25,14662.0,United Kingdom
578681,22469,HEART OF WICKER SMALL,12,25-11-2011 08:41,1.65,13579.0,United Kingdom
556529,21039,RED RETROSPOT SHOPPING BAG,6,13-06-2011 11:41,2.55,12714.0,France
541670,22666,RECIPE BOX PANTRY YELLOW DESIGN,48,20-01-2011 12:34,2.55,14911.0,EIRE
560368,21916,SET 12 RETRO WHITE CHALK STICKS,1,18-07-2011 12:25,0.42,17841.0,United Kingdom
559254,23029,DRAWER KNOB CRACKLE GLAZE GREEN,12,07-07-2011 11:56,1.65,16814.0,United Kingdom
539722,22654,DELUXE SEWING KIT ,3,21-12-2010 13:45,5.95,14911.0,EIRE
539434,22545,MINI JIGSAW BUNNIES,1,17-12-2010 14:41,0.85,,United Kingdom
569815,85099B,JUMBO BAG RED RETROSPOT,1000,06-10-2011 11:53,1.79,15838.0,United Kingdom
576099,21212,PACK OF 72 RETROSPOT CAKE CASES,24,14-11-2011 10:28,0.55,13021.0,United Kingdom
568183,22579,WOODEN TREE CHRISTMAS SCANDINAVIAN,24,25-09-2011 13:47,0.29,13991.0,United Kingdom
561873,22568,FELTCRAFT CUSHION OWL,24,31-07-2011 11:48,3.39,13316.0,United Kingdom
572465,22768,FAMILY PHOTO FRAME CORNICE,2,24-10-2011 13:26,9.95,14474.0,United Kingdom
579508,22030,SWALLOWS GREETING CARD,1,29-11-2011 16:33,0.83,,United Kingdom
563557,22488,NATURAL SLATE RECTANGLE CHALKBOARD,12,17-08-2011 13:33,1.65,15786.0,United Kingdom
564565,21975,PACK OF 60 DINOSAUR CAKE CASES,24,26-08-2011 10:50,0.55,14911.0,EIRE
578074,23333,IVORY WICKER HEART MEDIUM,3,22-11-2011 16:06,1.25,17590.0,United Kingdom
581412,23153,ZINC SWEETHEART WIRE LETTER RACK,2,08-12-2011 14:38,3.75,14415.0,United Kingdom
573122,22187,GREEN CHRISTMAS TREE CARD HOLDER,2,27-10-2011 16:23,1.95,14357.0,United Kingdom
557619,22624,IVORY KITCHEN SCALES,1,21-06-2011 13:58,8.5,17757.0,United Kingdom
539196,72741,GRAND CHOCOLATECANDLE,9,16-12-2010 12:09,1.45,18055.0,United Kingdom
556489,21390,FILIGRIS HEART WITH BUTTERFLY,3,12-06-2011 13:59,1.25,14704.0,United Kingdom
536522,84997D,PINK 3 PIECE POLKADOT CUTLERY SET,1,01-12-2010 12:49,3.75,15012.0,United Kingdom
556809,84997D,CHILDRENS CUTLERY POLKADOT PINK,10,14-06-2011 16:48,4.15,17179.0,United Kingdom
545411,22759,SET OF 3 NOTEBOOKS IN PARCEL,12,02-03-2011 12:21,1.65,16128.0,United Kingdom
580364,23569,TRADTIONAL ALPHABET STAMP SET,4,02-12-2011 16:34,4.95,13309.0,United Kingdom
572484,22900,SET 2 TEA TOWELS I LOVE LONDON ,3,24-10-2011 13:50,3.25,17220.0,United Kingdom
539436,84884A,ANT WHITE WIRE HEART SPIRAL,1,17-12-2010 14:49,8.47,,United Kingdom
556432,22178,VICTORIAN GLASS HANGING T-LIGHT,24,10-06-2011 13:59,1.25,16184.0,United Kingdom
558475,37340,MULTICOLOUR SPRING FLOWER MUG,48,29-06-2011 15:58,0.69,,United Kingdom
577774,22499,WOODEN UNION JACK BUNTING,3,21-11-2011 15:57,5.95,16712.0,United Kingdom
540352,21616,4 PEAR BOTANICAL DINNER CANDLES,1,06-01-2011 14:27,2.51,,United Kingdom
538094,17084N,FAIRY DREAMS INCENSE ,25,09-12-2010 14:50,0.21,13117.0,United Kingdom
556042,23133,LARGE IVORY HEART WALL ORGANISER,2,08-06-2011 12:44,8.25,14367.0,United Kingdom
563808,21156,RETROSPOT CHILDRENS APRON,8,19-08-2011 11:46,1.95,12626.0,Germany
568202,22748,POPPY'S PLAYHOUSE KITCHEN,6,25-09-2011 15:01,2.1,15366.0,United Kingdom
540977,85032A,ROMANTIC IMAGES GIFT WRAP SET,1,12-01-2011 15:01,4.21,,United Kingdom
566005,22412,METAL SIGN NEIGHBOURHOOD WITCH ,4,08-09-2011 11:56,2.1,16426.0,United Kingdom
566451,23215,JINGLE BELL HEART ANTIQUE SILVER,4,12-09-2011 16:14,2.08,18069.0,United Kingdom
572758,23439,HAND WARMER RED LOVE HEART,1,25-10-2011 18:39,4.13,,United Kingdom
581096,23203,JUMBO BAG VINTAGE DOILY ,10,07-12-2011 11:36,2.08,17412.0,United Kingdom
550137,21257,VICTORIAN SEWING BOX MEDIUM,2,14-04-2011 13:59,7.95,12477.0,Germany
577121,21559,STRAWBERRY LUNCH BOX WITH CUTLERY,6,17-11-2011 18:29,2.55,12681.0,France
569220,23301,GARDENERS KNEELING PAD KEEP CALM ,3,02-10-2011 13:26,1.65,16007.0,United Kingdom
562014,21155,RED RETROSPOT PEG BAG,6,01-08-2011 14:05,2.55,14341.0,United Kingdom
555573,22469,HEART OF WICKER SMALL,3,05-06-2011 15:46,1.65,15349.0,United Kingdom
545503,20726,LUNCH BAG WOODLAND,2,03-03-2011 11:34,1.65,15719.0,United Kingdom
558066,85173,SET/6 FROG PRINCE T-LIGHT CANDLES,1,24-06-2011 15:45,4.96,,United Kingdom
553042,22570,FELTCRAFT CUSHION RABBIT,8,13-05-2011 09:01,3.75,15845.0,United Kingdom
547485,21976,PACK OF 60 MUSHROOM CAKE CASES,3,23-03-2011 11:16,0.55,17019.0,United Kingdom
544206,22893,MINI CAKE STAND T-LIGHT HOLDER,5,17-02-2011 10:33,0.83,,United Kingdom
538154,21189,WHITE HONEYCOMB PAPER GARLAND ,3,09-12-2010 16:35,3.36,,United Kingdom
538995,82551,LAUNDRY 15C METAL SIGN,12,15-12-2010 12:05,1.45,13458.0,United Kingdom
580288,23494,VINTAGE DOILY DELUXE SEWING KIT ,3,02-12-2011 13:29,5.95,17611.0,United Kingdom
554998,82482,WOODEN PICTURE FRAME WHITE FINISH,6,29-05-2011 15:35,2.55,15925.0,United Kingdom
555923,22326,ROUND SNACK BOXES SET OF4 WOODLAND ,1,07-06-2011 17:09,5.79,,United Kingdom
C579934,21422,PORCELAIN ROSE SMALL,-2,01-12-2011 09:44,0.85,14860.0,United Kingdom
550542,22156,HEART DECORATION WITH PEARLS ,4,19-04-2011 11:37,1.63,,United Kingdom
565410,22835,HOT WATER BOTTLE I AM SO POORLY,4,04-09-2011 11:17,4.65,14691.0,United Kingdom
572244,22138,BAKING SET 9 PIECE RETROSPOT ,12,21-10-2011 15:54,4.95,14233.0,United Kingdom
538841,22197,SMALL POPCORN HOLDER,20,14-12-2010 13:11,0.85,16899.0,United Kingdom
577768,23314,VINTAGE CHRISTMAS TABLECLOTH,1,21-11-2011 15:18,24.96,,United Kingdom
553063,22646,CERAMIC STRAWBERRY CAKE MONEY BANK,12,13-05-2011 11:38,1.45,13018.0,United Kingdom
571716,22946,WOODEN ADVENT CALENDAR CREAM,1,18-10-2011 17:05,16.63,,United Kingdom
575591,23396,LE JARDIN BOTANIQUE CUSHION COVER,1,10-11-2011 12:09,3.75,17791.0,United Kingdom
571265,22478,BIRDHOUSE GARDEN MARKER ,1,16-10-2011 11:31,1.25,16674.0,United Kingdom
564373,22627,MINT KITCHEN SCALES,6,25-08-2011 09:56,8.5,15290.0,United Kingdom
543544,22436,12 COLOURED PARTY BALLOONS,1,09-02-2011 15:39,0.65,,United Kingdom
543985,85049G,CHOCOLATE BOX RIBBONS ,1,15-02-2011 09:44,2.46,,United Kingdom
540418,82613D,METAL SIGN CUPCAKE SINGLE HOOK,7,07-01-2011 11:04,0.85,,United Kingdom
577773,23245,SET OF 3 REGENCY CAKE TINS,4,21-11-2011 15:57,4.95,16712.0,United Kingdom
556090,75049L,LARGE CIRCULAR MIRROR MOBILE,2,08-06-2011 15:25,2.46,,United Kingdom
568894,22139,RETROSPOT TEA SET CERAMIC 11 PC ,6,29-09-2011 13:04,4.95,17528.0,United Kingdom
572034,23382,BOX OF 6 CHRISTMAS CAKE DECORATIONS,4,20-10-2011 12:00,3.75,14447.0,United Kingdom
537434,21595,Dad's Cab Electronic Meter,1,06-12-2010 16:57,8.47,,United Kingdom
547337,85025C,barcode problem,-230,22-03-2011 11:47,0.0,,United Kingdom
577078,23551,PACK OF 12 PAISLEY PARK TISSUES ,1,17-11-2011 15:17,0.83,,United Kingdom
570177,22082,RIBBON REEL STRIPES DESIGN ,10,07-10-2011 14:17,1.65,17509.0,United Kingdom
545021,85170C,SET/6 EAU DE NIL BIRD T-LIGHTS,6,25-02-2011 14:11,2.1,17663.0,United Kingdom
579146,22111,SCOTTIE DOG HOT WATER BOTTLE,1,28-11-2011 13:14,4.95,16347.0,United Kingdom
556116,21262,WHITE GOOSE FEATHER CHRISTMAS TREE ,6,09-06-2011 09:44,2.95,15214.0,United Kingdom
537222,22375,AIRLINE BAG VINTAGE JET SET BROWN,1,05-12-2010 16:00,4.25,14404.0,United Kingdom
578155,20726,LUNCH BAG WOODLAND,1,23-11-2011 11:32,1.65,12748.0,United Kingdom
553165,90035C,"PEARL & SHELL 42""NECKL. IVORY",2,13-05-2011 16:12,10.75,13623.0,United Kingdom
580691,90214C,"LETTER ""C"" BLING KEY RING",12,05-12-2011 15:48,0.29,13790.0,United Kingdom
578074,23263,SET OF 3 WOODEN HEART DECORATIONS,2,22-11-2011 16:06,1.25,17590.0,United Kingdom
562916,84803B,WHITE ALLIUM  ARTIFICIAL FLOWER,2,10-08-2011 13:41,1.69,,United Kingdom
552724,22728,ALARM CLOCK BAKELIKE PINK,4,11-05-2011 10:29,3.75,13418.0,United Kingdom
581403,21930,JUMBO STORAGE BAG SKULLS,10,08-12-2011 13:46,2.08,13510.0,United Kingdom
575983,90094,NECKLACE+BRACELET SET FRUIT SALAD ,1,13-11-2011 13:45,2.55,13379.0,United Kingdom
581400,22844,VINTAGE CREAM DOG FOOD CONTAINER,3,08-12-2011 13:36,8.5,14056.0,United Kingdom
546554,35915B,BLUE KNITTED HEN ,6,15-03-2011 09:13,1.65,16037.0,United Kingdom
579430,23503,PLAYING CARDS KEEP CALM & CARRY ON,2,29-11-2011 13:06,1.25,12748.0,United Kingdom
541684,22151,PLACE SETTING WHITE HEART,25,20-01-2011 15:22,0.42,15498.0,United Kingdom
573149,84625A,PINK NEW BAROQUECANDLESTICK CANDLE,2,27-10-2011 19:56,0.85,16438.0,United Kingdom
581217,21934,SKULL SHOULDER BAG,14,08-12-2011 09:20,1.63,,United Kingdom
563018,16169E,WRAP 50'S  CHRISTMAS,25,11-08-2011 12:53,0.42,13427.0,United Kingdom
574873,22111,SCOTTIE DOG HOT WATER BOTTLE,5,07-11-2011 13:01,4.95,16362.0,United Kingdom
538678,21928,JUMBO BAG SCANDINAVIAN PAISLEY,1,13-12-2010 16:46,1.95,,United Kingdom
C559347,22771,CLEAR DRAWER KNOB ACRYLIC EDWARDIAN,-12,07-07-2011 17:22,1.25,18072.0,United Kingdom
581237,23507,MINI PLAYING CARDS BUFFALO BILL ,1,08-12-2011 10:40,0.42,15443.0,United Kingdom
560080,82583,HOT BATHS METAL SIGN,96,14-07-2011 16:23,2.39,17450.0,United Kingdom
573362,22726,ALARM CLOCK BAKELIKE GREEN,4,30-10-2011 13:06,3.75,12597.0,Spain
571824,23493,VINTAGE DOILY TRAVEL SEWING KIT,10,19-10-2011 11:49,1.95,12472.0,Germany
569488,23461,SWEETHEART BIRD HOUSE,3,04-10-2011 13:10,4.15,16440.0,United Kingdom
550835,22630,DOLLY GIRL LUNCH BOX,1,21-04-2011 10:52,1.95,15034.0,United Kingdom
538783,22565,FELTCRAFT HAIRBANDS PINK AND WHITE ,12,14-12-2010 11:38,0.85,14961.0,United Kingdom
550499,85123A,WHITE HANGING HEART T-LIGHT HOLDER,1,18-04-2011 15:16,5.79,,United Kingdom
561314,22291,HANGING CHICK CREAM DECORATION,12,26-07-2011 12:36,1.45,16266.0,United Kingdom
577228,21733,RED HANGING HEART T-LIGHT HOLDER,6,18-11-2011 12:07,2.95,12391.0,Cyprus
551603,82600,NO SINGING METAL SIGN,4,03-05-2011 11:34,2.1,16745.0,United Kingdom
568539,22934,BAKING MOULD EASTER EGG WHITE CHOC,6,27-09-2011 14:07,2.95,13016.0,United Kingdom
572758,23241,TREASURE TIN GYMKHANA DESIGN,1,25-10-2011 18:39,4.13,,United Kingdom
551953,22671,FRENCH LAUNDRY SIGN BLUE METAL,12,05-05-2011 11:53,1.65,13448.0,United Kingdom
542662,22960,JAM MAKING SET WITH JARS,6,31-01-2011 12:10,4.25,18145.0,United Kingdom
542401,21329,DINOSAURS  WRITING SET ,1,27-01-2011 15:51,1.65,14541.0,United Kingdom
562106,21786,POLKADOT RAIN HAT ,1,02-08-2011 15:19,0.42,14076.0,United Kingdom
544659,84819,DANISH ROSE ROUND SEWING BOX,1,22-02-2011 13:20,4.25,18114.0,United Kingdom
569898,85150,LADIES & GENTLEMEN METAL SIGN,1,06-10-2011 16:08,4.96,,United Kingdom
570652,22733,3D TRADITIONAL CHRISTMAS STICKERS,36,11-10-2011 13:45,1.25,17863.0,United Kingdom
581498,84375,SET OF 20 KIDS COOKIE CUTTERS,3,09-12-2011 10:26,4.13,,United Kingdom
559807,21980,PACK OF 12 RED RETROSPOT TISSUES ,12,12-07-2011 14:48,0.29,17841.0,United Kingdom
543054,21080,SET/20 RED RETROSPOT PAPER NAPKINS ,12,03-02-2011 10:39,0.85,13394.0,United Kingdom
578344,84569D,PACK 6 HEART/ICE-CREAM PATCHES,2,24-11-2011 09:21,2.46,,United Kingdom
543251,22698,PINK REGENCY TEACUP AND SAUCER,6,04-02-2011 14:51,2.95,14194.0,United Kingdom
540396,15056N,EDWARDIAN PARASOL NATURAL,6,06-01-2011 18:33,5.95,14031.0,United Kingdom
576189,20981,12 PENCILS TALL TUBE WOODLAND,1,14-11-2011 11:33,0.85,14684.0,United Kingdom
579885,23093,SMALL PARISIENNE HEART PHOTO FRAME ,2,30-11-2011 17:37,2.49,15444.0,United Kingdom
581175,23172,REGENCY TEA PLATE PINK,48,07-12-2011 15:16,1.45,14646.0,Netherlands
581006,22112,CHOCOLATE HOT WATER BOTTLE,6,07-12-2011 08:45,4.95,14911.0,EIRE
543803,85017B,ENVELOPE 50 BLOSSOM IMAGES,2,13-02-2011 12:05,0.85,17126.0,United Kingdom
580367,23005,TRAVEL CARD WALLET I LOVE LONDON,5,02-12-2011 16:39,0.83,,United Kingdom
566345,22705,WRAP GREEN PEARS ,25,12-09-2011 12:27,0.42,17685.0,United Kingdom
548361,23126,FELTCRAFT GIRL AMELIE KIT,4,30-03-2011 15:38,4.95,16092.0,United Kingdom
537362,21830,ASSORTED CREEPY CRAWLIES,24,06-12-2010 12:34,0.42,17596.0,United Kingdom
564436,23004,TRAVEL CARD WALLET PANTRY,1,25-08-2011 12:06,0.42,17841.0,United Kingdom
563830,21391,FRENCH LAVENDER SCENT HEART,24,19-08-2011 12:20,0.75,16638.0,United Kingdom
555979,22383,LUNCH BAG SUKI DESIGN ,2,08-06-2011 11:18,1.65,15039.0,United Kingdom
578374,21937,found,50,24-11-2011 11:21,0.0,,United Kingdom
542409,22262,FELT EGG COSY CHICKEN,7,27-01-2011 16:30,0.85,15311.0,United Kingdom
568156,84341B,SMALL PINK MAGIC CHRISTMAS TREE,36,25-09-2011 12:16,0.38,14367.0,United Kingdom
556813,22120,WELCOME  WOODEN BLOCK LETTERS,1,14-06-2011 17:28,19.96,,United Kingdom
546891,21458,2 PICTURE BOOK EGGS EASTER BUNNY,1,17-03-2011 18:18,2.46,,United Kingdom
548011,22662,LUNCH BAG DOLLY GIRL DESIGN,200,29-03-2011 11:14,1.45,14646.0,Netherlands
552643,20886,BOX OF 9 PEBBLE CANDLES,3,10-05-2011 13:24,1.95,16791.0,United Kingdom
560723,22694,WICKER STAR ,2,20-07-2011 13:53,2.1,16464.0,United Kingdom
540550,21559,STRAWBERRY LUNCH BOX WITH CUTLERY,6,10-01-2011 09:11,2.55,12539.0,Spain
577768,22961,JAM MAKING SET PRINTED,4,21-11-2011 15:18,3.29,,United Kingdom
538811,20723,STRAWBERRY CHARLOTTE BAG,10,14-12-2010 12:22,0.85,13178.0,United Kingdom
566019,47559B,TEA TIME OVEN GLOVE,4,08-09-2011 12:44,1.25,17243.0,United Kingdom
568955,21136,PAINTED METAL PEARS ASSORTED,8,29-09-2011 15:40,1.69,13759.0,United Kingdom
538177,21210,SET OF 72 RETROSPOT PAPER  DOILIES,1,10-12-2010 09:51,2.98,,United Kingdom
556792,21509,COWBOYS AND INDIANS BIRTHDAY CARD ,12,14-06-2011 13:52,0.42,17043.0,United Kingdom
549251,84596L,BISCUITS SMALL BOWL LIGHT BLUE,2,07-04-2011 12:16,0.42,14449.0,United Kingdom
566602,21394,RED POLKADOT BEAKER ,6,13-09-2011 16:05,1.63,,United Kingdom
574950,22893,MINI CAKE STAND T-LIGHT HOLDER,8,08-11-2011 09:29,0.83,,United Kingdom
537312,21870,I CAN ONLY PLEASE ONE PERSON MUG,72,06-12-2010 11:42,1.06,14189.0,United Kingdom
554280,22380,TOY TIDY SPACEBOY  ,5,23-05-2011 13:35,2.1,14817.0,United Kingdom
577217,23485,BOTANICAL GARDENS WALL CLOCK ,1,18-11-2011 11:53,25.0,17324.0,United Kingdom
537775,22203,MILK PAN RED RETROSPOT,4,08-12-2010 12:41,3.75,17722.0,United Kingdom
545302,84800S,SMALL WHITE/PINK ROSE ART FLOWER,2,01-03-2011 12:46,1.25,14506.0,United Kingdom
553182,21169,YOU'RE CONFUSING ME METAL SIGN ,3,15-05-2011 12:21,1.69,17107.0,United Kingdom
578153,23320,GIANT 50'S CHRISTMAS CRACKER,3,23-11-2011 11:22,2.89,12748.0,United Kingdom
564093,23270,SET OF 2 CERAMIC PAINTED HEARTS ,12,23-08-2011 10:29,1.45,14930.0,Channel Islands
541827,22798,ANTIQUE GLASS DRESSING TABLE POT,1,21-01-2011 17:05,5.79,,United Kingdom
576787,23581,JUMBO BAG PAISLEY PARK,10,16-11-2011 13:54,2.08,13815.0,Germany
578518,22312,OFFICE MUG WARMER POLKADOT,1,24-11-2011 13:54,2.95,14606.0,United Kingdom
548894,22378,WALL TIDY RETROSPOT ,2,04-04-2011 16:01,4.13,,United Kingdom
544467,22464,HANGING METAL HEART LANTERN,1,20-02-2011 15:51,1.65,14502.0,United Kingdom
549989,84988,SET OF 72 PINK HEART PAPER DOILIES,1,13-04-2011 16:58,1.45,13221.0,United Kingdom
541219,22471,TV DINNER TRAY AIR HOSTESS ,3,14-01-2011 14:06,4.13,,United Kingdom
574076,22161,HEART DECORATION RUSTIC HANGING ,4,02-11-2011 15:38,0.79,,United Kingdom
556115,21531,RED RETROSPOT SUGAR JAM BOWL,6,09-06-2011 09:39,2.55,15241.0,United Kingdom
573158,22835,HOT WATER BOTTLE I AM SO POORLY,8,28-10-2011 08:56,4.95,14738.0,United Kingdom
541615,22570,FELTCRAFT CUSHION RABBIT,3,20-01-2011 10:43,3.75,16395.0,United Kingdom
549543,22519,CHILDS GARDEN BRUSH PINK,2,10-04-2011 11:14,2.1,18118.0,United Kingdom
559652,21175,GIN + TONIC DIET METAL SIGN,12,11-07-2011 12:47,2.55,17164.0,United Kingdom
555406,84879,ASSORTED COLOUR BIRD ORNAMENT,16,02-06-2011 19:50,1.69,17231.0,United Kingdom
555650,22967,SET 3 SONG BIRD PAPER EGGS ASSORTED,6,06-06-2011 13:48,2.95,14156.0,EIRE
579470,84029G,KNITTED UNION FLAG HOT WATER BOTTLE,3,29-11-2011 15:06,4.25,16549.0,United Kingdom
C576919,23239,SET OF 4 KNICK KNACK TINS POPPIES,-6,17-11-2011 10:44,4.15,15529.0,United Kingdom
570167,22465,HANGING METAL STAR LANTERN,12,07-10-2011 14:04,1.65,15615.0,United Kingdom
568988,22819,"BIRTHDAY CARD, RETRO SPOT",12,29-09-2011 16:38,0.42,12718.0,France
575690,23661,MILK MAIDS MUG ,12,10-11-2011 16:20,1.65,14189.0,United Kingdom
577228,22804,PINK HANGING HEART T-LIGHT HOLDER,6,18-11-2011 12:07,2.95,12391.0,Cyprus
544098,22432,WATERING CAN PINK BUNNY,6,16-02-2011 10:04,1.95,16019.0,United Kingdom
559538,22989,SET 2 PANTRY DESIGN TEA TOWELS,2,10-07-2011 12:25,3.25,16880.0,United Kingdom
551986,47566,PARTY BUNTING,4,05-05-2011 14:41,4.95,13888.0,United Kingdom
542397,22934,BAKING MOULD EASTER EGG WHITE CHOC,48,27-01-2011 15:22,2.55,13328.0,United Kingdom
569521,21327,SKULLS WRITING SET ,2,04-10-2011 14:33,1.65,16474.0,United Kingdom
575477,22943,CHRISTMAS LIGHTS 10 VINTAGE BAUBLES,1,09-11-2011 16:14,10.79,,United Kingdom
548197,22281,EASTER TREE YELLOW BIRDS,2,29-03-2011 15:53,5.95,13588.0,United Kingdom
547580,21756,BATH BUILDING BLOCK WORD,3,24-03-2011 10:48,5.95,13488.0,United Kingdom
546984,20725,LUNCH BAG RED RETROSPOT,1,18-03-2011 12:35,1.65,15019.0,United Kingdom
578072,23113,PANTRY CHOPPING BOARD,1,22-11-2011 16:02,4.95,17759.0,United Kingdom
575740,22579,WOODEN TREE CHRISTMAS SCANDINAVIAN,24,11-11-2011 09:25,0.29,18130.0,United Kingdom
558233,23049,RECYCLED ACAPULCO MAT RED,2,27-06-2011 14:36,8.25,18073.0,United Kingdom
552229,DOT,DOTCOM POSTAGE,1,06-05-2011 15:40,21.74,,United Kingdom
556916,22646,CERAMIC STRAWBERRY CAKE MONEY BANK,4,15-06-2011 13:35,1.45,16898.0,United Kingdom
566195,16014,SMALL CHINESE STYLE SCISSOR,20,09-09-2011 13:44,0.42,12433.0,Norway
575610,23206,LUNCH BAG APPLE DESIGN,10,10-11-2011 12:45,1.65,16628.0,United Kingdom
567890,23381,PACK OF 12 VINTAGE LEAF TISSUES ,24,22-09-2011 15:40,0.39,14125.0,United Kingdom
541576,85040A,S/4 PINK FLOWER CANDLES IN BOWL,2,19-01-2011 13:32,1.65,17097.0,Spain
570887,22589,CARDHOLDER GINGHAM STAR,6,13-10-2011 10:25,2.89,17169.0,United Kingdom
540154,90198A,VINTAGE ROSE BEAD BRACELET RASPBERR,1,05-01-2011 11:30,4.24,,United Kingdom
578149,22619,SET OF 6 SOLDIER SKITTLES,2,23-11-2011 11:11,7.46,,United Kingdom
575117,21616,4 PEAR BOTANICAL DINNER CANDLES,1,08-11-2011 14:22,1.25,12748.0,United Kingdom
541809,20724,RED RETROSPOT CHARLOTTE BAG,34,21-01-2011 14:59,2.46,,United Kingdom
568792,22697,GREEN REGENCY TEACUP AND SAUCER,6,29-09-2011 09:53,2.95,18192.0,United Kingdom
542109,48187,DOORMAT NEW ENGLAND,2,25-01-2011 13:44,12.46,,United Kingdom
543124,22171,3 HOOK PHOTO SHELF ANTIQUE WHITE,2,03-02-2011 14:15,8.5,15311.0,United Kingdom
548259,21382,SET/4 SPRING FLOWER DECORATION,4,30-03-2011 11:12,2.95,14099.0,United Kingdom
548450,22028,PENNY FARTHING BIRTHDAY CARD,12,31-03-2011 11:20,0.42,15856.0,United Kingdom
552245,21793,CLASSIC FRENCH STYLE BASKET BROWN,1,06-05-2011 19:42,3.95,12748.0,United Kingdom
558475,22203,MILK PAN RED RETROSPOT,7,29-06-2011 15:58,3.29,,United Kingdom
565320,23204,CHARLOTTE BAG APPLES DESIGN,32,02-09-2011 13:10,0.85,16745.0,United Kingdom
560580,23298,SPOTTY BUNTING,30,19-07-2011 15:23,4.15,14088.0,United Kingdom
564483,22333,RETROSPOT PARTY BAG + STICKER SET,8,25-08-2011 13:46,1.65,14050.0,United Kingdom
C556677,23169,CLASSIC GLASS COOKIE JAR,-2,13-06-2011 17:19,4.15,15643.0,United Kingdom
565470,22077,6 RIBBONS RUSTIC CHARM,12,05-09-2011 10:06,1.65,12576.0,Poland
539749,22734,,30,21-12-2010 15:33,0.0,,United Kingdom
569638,22469,HEART OF WICKER SMALL,12,05-10-2011 12:15,1.65,16140.0,United Kingdom
553199,21577,SAVE THE PLANET COTTON TOTE BAG,2,15-05-2011 15:13,2.25,17758.0,United Kingdom
574313,84029E,RED WOOLLY HOTTIE WHITE HEART.,4,03-11-2011 17:45,4.25,13267.0,United Kingdom
550470,21123,SET/10 IVORY POLKADOT PARTY CANDLES,1,18-04-2011 13:49,2.46,,United Kingdom
558570,23127,FELTCRAFT GIRL NICOLE KIT,2,30-06-2011 14:38,4.95,17673.0,United Kingdom
579427,22467,GUMBALL COAT RACK,4,29-11-2011 13:04,2.55,16479.0,United Kingdom
536819,22988,SOLDIERS EGG CUP ,12,02-12-2010 17:12,1.25,13402.0,United Kingdom
537789,21523,DOORMAT FANCY FONT HOME SWEET HOME,20,08-12-2010 12:49,6.75,14051.0,United Kingdom
C547675,22263,FELT EGG COSY LADYBIRD ,-49,24-03-2011 14:07,0.66,17754.0,United Kingdom
566923,22470,HEART OF WICKER LARGE,2,15-09-2011 15:05,2.95,15511.0,United Kingdom
539463,22300,COFFEE MUG DOG + BALL DESIGN,12,19-12-2010 11:19,2.55,18077.0,United Kingdom
542541,22310,IVORY KNITTED MUG COSY ,4,28-01-2011 14:25,3.29,,United Kingdom
545182,17001,HEAVENS SCENT FRAGRANCE OILS ASSTD,72,28-02-2011 14:48,0.29,14046.0,United Kingdom
571227,22317,FIVE CATS HANGING DECORATION,6,14-10-2011 13:54,2.95,12477.0,Germany
568782,23355,HOT WATER BOTTLE KEEP CALM,4,29-09-2011 08:53,4.95,13985.0,United Kingdom
551547,21212,PACK OF 72 RETROSPOT CAKE CASES,17,03-05-2011 09:44,2.08,,United Kingdom
565901,85099B,JUMBO BAG RED RETROSPOT,100,07-09-2011 15:34,1.79,13798.0,United Kingdom
581058,20839,FRENCH PAISLEY CUSHION COVER ,12,07-12-2011 11:06,0.85,15969.0,United Kingdom
581034,23344,JUMBO BAG 50'S CHRISTMAS ,10,07-12-2011 10:48,2.08,17049.0,United Kingdom
553053,21624,VINTAGE UNION JACK DOORSTOP,6,13-05-2011 10:20,5.95,12857.0,United Kingdom
562922,20728,LUNCH BAG CARS BLUE,20,10-08-2011 14:26,1.65,12594.0,Italy
580729,23469,CARD HOLDER LOVE BIRD SMALL,1,05-12-2011 17:24,8.29,,United Kingdom
542412,85206A,CREAM FELT EASTER EGG BASKET,1,27-01-2011 16:49,1.65,16725.0,United Kingdom
557938,20719,WOODLAND CHARLOTTE BAG,3,23-06-2011 15:35,1.63,,United Kingdom
576614,22945,CHRISTMAS METAL TAGS ASSORTED ,6,15-11-2011 16:38,0.85,12933.0,United Kingdom
567671,22386,JUMBO BAG PINK POLKADOT,1,21-09-2011 15:34,4.13,,United Kingdom
571559,23202,JUMBO BAG VINTAGE LEAF,10,18-10-2011 09:32,2.08,14911.0,EIRE
573151,23351,ROLL WRAP 50'S CHRISTMAS,12,27-10-2011 20:09,1.25,17602.0,United Kingdom
576688,22112,CHOCOLATE HOT WATER BOTTLE,3,16-11-2011 12:16,4.95,16717.0,United Kingdom
568719,22074,6 RIBBONS SHIMMERING PINKS ,1,28-09-2011 16:19,1.25,,United Kingdom
569319,23439,HAND WARMER RED LOVE HEART,12,03-10-2011 12:17,2.1,14290.0,United Kingdom
561650,22959,WRAP CHRISTMAS VILLAGE,25,28-07-2011 15:31,0.42,15329.0,United Kingdom
548703,22383,LUNCH BAG SUKI DESIGN ,2,03-04-2011 11:37,1.65,16010.0,United Kingdom
559836,85199L,LARGE HANGING IVORY & RED WOOD BIRD,12,13-07-2011 10:09,0.65,13911.0,United Kingdom
575059,20713,JUMBO BAG OWLS,1,08-11-2011 12:25,2.08,14071.0,United Kingdom
559055,20856,DENIM PATCH PURSE PINK BUTTERFLY,4,05-07-2011 17:09,1.63,,United Kingdom
549813,21710,FOLDING UMBRELLA PINKWHITE POLKADOT,1,12-04-2011 12:16,4.95,17972.0,United Kingdom
554083,21519,GIN & TONIC DIET GREETING CARD ,12,22-05-2011 11:51,0.42,18125.0,United Kingdom
550470,22861,EASTER TIN CHICKS IN GARDEN,1,18-04-2011 13:49,3.29,,United Kingdom
556813,23171,REGENCY TEA PLATE GREEN ,2,14-06-2011 17:28,3.29,,United Kingdom
538313,22727,ALARM CLOCK BAKELIKE RED ,2,10-12-2010 13:50,3.75,15514.0,United Kingdom
572567,21284,RETROSPOT CANDLE  SMALL,12,25-10-2011 10:27,1.69,12398.0,Switzerland
545333,21756,BATH BUILDING BLOCK WORD,1,01-03-2011 16:22,11.63,,United Kingdom
C580954,84997A,CHILDRENS CUTLERY POLKADOT GREEN ,-9,06-12-2011 14:19,3.75,12967.0,United Kingdom
554054,15058A,BLUE POLKADOT GARDEN PARASOL,6,20-05-2011 15:29,10.79,,United Kingdom
546732,84692,BOX OF 24 COCKTAIL PARASOLS,2,16-03-2011 11:41,0.42,14606.0,United Kingdom
540770,21524,DOORMAT SPOTTY HOME SWEET HOME,2,11-01-2011 10:40,7.95,13468.0,United Kingdom
552277,21865,PINK UNION JACK  PASSPORT COVER ,6,08-05-2011 12:34,2.1,13642.0,United Kingdom
575751,23344,JUMBO BAG 50'S CHRISTMAS ,10,11-11-2011 10:32,2.08,14911.0,EIRE
547248,85194L,HANGING SPRING FLOWER EGG LARGE,2,22-03-2011 09:23,1.63,,United Kingdom
571676,35648,VINTAGE BEAD PINK PURSE ,2,18-10-2011 13:29,0.83,16910.0,United Kingdom
552655,85123A,WHITE HANGING HEART T-LIGHT HOLDER,2,10-05-2011 14:22,2.95,14587.0,United Kingdom
562264,84380,SET OF 3 BUTTERFLY COOKIE CUTTERS,2,03-08-2011 16:14,2.46,,United Kingdom
570416,22798,ANTIQUE GLASS DRESSING TABLE POT,8,10-10-2011 13:30,2.95,15608.0,United Kingdom
567707,22037,ROBOT BIRTHDAY CARD,36,22-09-2011 09:52,0.42,14676.0,United Kingdom
580512,85099B,JUMBO BAG RED RETROSPOT,10,04-12-2011 13:55,2.08,12673.0,Germany
575698,21210,SET OF 72 RETROSPOT PAPER  DOILIES,12,10-11-2011 16:51,1.45,16094.0,United Kingdom
C540393,85042,ANTIQUE LILY FAIRY LIGHTS,-1,06-01-2011 18:08,4.95,17428.0,United Kingdom
562717,22197,POPCORN HOLDER,8,08-08-2011 15:42,1.63,,United Kingdom
570229,23503,PLAYING CARDS KEEP CALM & CARRY ON,1,09-10-2011 13:30,1.25,15756.0,United Kingdom
577768,22543,MINI JIGSAW BAKE A CAKE ,1,21-11-2011 15:18,0.83,,United Kingdom
556890,23209,LUNCH BAG DOILEY PATTERN ,10,15-06-2011 12:48,1.65,17581.0,United Kingdom
542542,22728,ALARM CLOCK BAKELIKE PINK,4,28-01-2011 14:37,3.75,12431.0,Australia
552813,23047,PAPER LANTERN 5 POINT STUDDED STAR,2,11-05-2011 12:44,5.75,15079.0,United Kingdom
577690,84991,60 TEATIME FAIRY CAKE CASES,1,21-11-2011 11:34,0.55,12856.0,United Kingdom
558904,84507B,STRIPES DESIGN MONKEY DOLL,1,04-07-2011 16:18,4.96,,United Kingdom
575739,84031B,CHARLIE LOLA BLUE HOT WATER BOTTLE ,1,11-11-2011 09:05,4.13,,United Kingdom
557742,21084,SET/6 COLLAGE PAPER CUPS,24,22-06-2011 11:46,0.19,14911.0,EIRE
571850,23247,BISCUIT TIN 50'S CHRISTMAS,4,19-10-2011 12:54,2.89,14698.0,United Kingdom
573876,21704,BAG 250g SWIRLY MARBLES,2,01-11-2011 12:48,0.85,16360.0,United Kingdom
580730,22135,MINI LADLE LOVE HEART PINK,1,05-12-2011 17:28,0.83,,United Kingdom
550348,22584,PACK OF 6 PANNETONE GIFT BOXES,6,18-04-2011 09:38,2.55,16947.0,United Kingdom
538877,22077,6 RIBBONS RUSTIC CHARM,16,14-12-2010 15:29,4.21,,United Kingdom
542006,72741,GRAND CHOCOLATECANDLE,9,25-01-2011 11:20,1.45,15218.0,United Kingdom
565235,23297,SET 40 HEART SHAPE PETIT FOUR CASES,16,02-09-2011 09:43,1.65,13418.0,United Kingdom
566912,20829,GLITTER HANGING BUTTERFLY STRING,8,15-09-2011 14:05,2.1,14367.0,United Kingdom
573183,22998,TRAVEL CARD WALLET KEEP CALM,10,28-10-2011 11:33,0.42,15028.0,United Kingdom
576841,23252,VINTAGE RED ENAMEL TRIM JUG ,1,16-11-2011 15:26,3.75,17368.0,United Kingdom
557891,23129,HEART SHAPED HOLLY WREATH,4,23-06-2011 14:05,4.15,17652.0,United Kingdom
565927,22464,HANGING METAL HEART LANTERN,12,08-09-2011 10:08,1.65,,EIRE
558045,22993,SET OF 4 PANTRY JELLY MOULDS,12,24-06-2011 13:35,1.25,12615.0,France
576910,22212,FOUR HOOK  WHITE LOVEBIRDS,12,17-11-2011 09:51,2.1,12477.0,Germany
563920,21671,RED SPOT CERAMIC DRAWER KNOB,12,21-08-2011 14:00,1.25,16407.0,United Kingdom
575176,22962,JAM JAR WITH PINK LID,1,08-11-2011 18:29,1.63,,United Kingdom
564825,23188,VINTAGE  2 METER FOLDING RULER,3,30-08-2011 12:26,3.29,,United Kingdom
565856,21922,UNION STRIPE WITH FRINGE  HAMMOCK,1,07-09-2011 14:09,7.95,17345.0,United Kingdom
571508,22339,CHRISTMAS TREE PAINTED ZINC ,3,17-10-2011 15:27,0.63,,United Kingdom
549251,85194L,HANGING SPRING FLOWER EGG LARGE,4,07-04-2011 12:16,0.85,14449.0,United Kingdom
564300,23346,SPACEBOY BEAKER,4,24-08-2011 11:31,1.25,16723.0,United Kingdom
565434,17021,NAMASTE SWAGAT INCENSE,36,04-09-2011 13:35,0.3,12867.0,United Kingdom
574547,23219,LAUREL STAR ANTIQUE SILVER ,1,04-11-2011 15:08,1.25,17841.0,United Kingdom
538356,21730,GLASS STAR FROSTED T-LIGHT HOLDER,18,10-12-2010 15:56,4.25,14062.0,United Kingdom
548698,21977,PACK OF 60 PINK PAISLEY CAKE CASES,3,03-04-2011 10:55,0.55,18109.0,United Kingdom
568614,22952,60 CAKE CASES VINTAGE CHRISTMAS,24,28-09-2011 11:26,0.55,13515.0,United Kingdom
578118,22086,PAPER CHAIN KIT 50'S CHRISTMAS ,12,23-11-2011 10:08,2.95,12955.0,United Kingdom
578941,23263,SET OF 3 WOODEN HEART DECORATIONS,1,27-11-2011 13:26,1.25,16024.0,United Kingdom
565927,84843,WHITE SOAP RACK WITH 2 BOTTLES,4,08-09-2011 10:08,5.95,,EIRE
541995,20675,BLUE POLKADOT BOWL,8,25-01-2011 09:58,1.25,13158.0,United Kingdom
565234,84596B,SMALL DOLLY MIX DESIGN ORANGE BOWL,2,02-09-2011 09:38,0.83,,United Kingdom
556425,23298,SPOTTY BUNTING,1,10-06-2011 12:51,4.95,14178.0,United Kingdom
571270,21619,4 VANILLA BOTANICAL CANDLES,3,16-10-2011 12:09,1.25,12940.0,United Kingdom
538524,22567,20 DOLLY PEGS RETROSPOT,2,13-12-2010 09:35,2.51,,United Kingdom
575491,22438,BALLOON ART MAKE YOUR OWN FLOWERS,3,09-11-2011 17:47,1.95,15531.0,United Kingdom
544776,21082,SET/20 FRUIT SALAD PAPER NAPKINS ,1,23-02-2011 11:39,1.63,,United Kingdom
551997,21215,IVORY PAPER CUP CAKE CASES ,1,05-05-2011 15:47,1.25,,United Kingdom
547249,20719,WOODLAND CHARLOTTE BAG,1,22-03-2011 09:27,1.63,,United Kingdom
562928,22710,WRAP I LOVE LONDON ,25,10-08-2011 15:29,0.42,15494.0,United Kingdom
555644,84974,S/2 ZINC HEART DESIGN PLANTERS,4,06-06-2011 13:24,9.95,16520.0,United Kingdom
571705,23008,DOLLY GIRL BABY GIFT SET,2,18-10-2011 15:22,16.95,12360.0,Austria
551718,84877A,PINK ROUND COMPACT MIRROR,1,03-05-2011 16:06,3.29,,United Kingdom
581217,23552,BICYCLE PUNCTURE REPAIR KIT ,6,08-12-2011 09:20,4.13,,United Kingdom
547555,22466,FAIRY TALE COTTAGE NIGHTLIGHT,12,23-03-2011 16:35,1.95,14075.0,United Kingdom
575742,23292,SPACEBOY CHILDRENS CUP,8,11-11-2011 09:46,1.25,14309.0,United Kingdom
551056,21523,DOORMAT FANCY FONT HOME SWEET HOME,1,26-04-2011 11:51,7.95,16442.0,United Kingdom
560537,22469,HEART OF WICKER SMALL,6,19-07-2011 12:19,1.65,17779.0,United Kingdom
543816,22953,BIRTHDAY PARTY CORDON BARRIER TAPE,3,13-02-2011 15:26,1.25,17841.0,United Kingdom
538146,21239,PINK  POLKADOT CUP,8,09-12-2010 16:10,0.85,15596.0,United Kingdom
540551,22166,WALL MIRROR RECTANGLE DIAMANTE PINK,1,10-01-2011 09:43,7.62,,United Kingdom
578844,22616,PACK OF 12 LONDON TISSUES ,4,25-11-2011 16:14,0.83,,United Kingdom
561887,21845,DAIRY MAID STRIPE MUG,72,31-07-2011 13:33,0.79,14414.0,United Kingdom
C552995,M,Manual,-1350,12-05-2011 15:19,0.16,18133.0,United Kingdom
537685,22585,PACK OF 6 BIRDY GIFT TAGS,6,08-12-2010 10:21,1.25,18077.0,United Kingdom
578264,22686,FRENCH BLUE METAL DOOR SIGN No,2,23-11-2011 13:27,1.25,12748.0,United Kingdom
561209,84536B,FAIRY CAKES NOTEBOOK A7 SIZE,1,25-07-2011 16:57,0.42,,United Kingdom
540984,72807A,SET/3 ROSE CANDLE IN JEWELLED BOX,2,12-01-2011 15:44,4.25,14167.0,United Kingdom
564646,22327,ROUND SNACK BOXES SET OF 4 SKULLS,1,26-08-2011 13:39,6.63,,United Kingdom
536566,22805,BLUE DRAWER KNOB ACRYLIC EDWARDIAN,9,01-12-2010 15:21,1.25,16928.0,United Kingdom
553189,21908,CHOCOLATE THIS WAY METAL SIGN,1,15-05-2011 13:14,2.1,15033.0,United Kingdom
571105,21744,SNOWFLAKE PORTABLE TABLE LIGHT ,2,13-10-2011 16:01,2.95,17614.0,United Kingdom
571702,85150,LADIES & GENTLEMEN METAL SIGN,6,18-10-2011 15:06,2.55,14639.0,United Kingdom
541138,84997C,BLUE 3 PIECE POLKADOT CUTLERY SET,6,14-01-2011 10:42,3.75,12553.0,France
553199,85175,CACTI T-LIGHT CANDLES,16,15-05-2011 15:13,0.42,17758.0,United Kingdom
559034,23256,CHILDRENS CUTLERY SPACEBOY ,4,05-07-2011 14:56,4.15,13109.0,United Kingdom
553369,23092,LARGE ANTIQUE WHITE PHOTO FRAME,4,16-05-2011 14:30,7.9,15044.0,United Kingdom
571932,21731,RED TOADSTOOL LED NIGHT LIGHT,1,19-10-2011 17:21,1.65,,United Kingdom
576617,20676,RED RETROSPOT BOWL,2,15-11-2011 16:57,2.46,,United Kingdom
558731,22079,RIBBON REEL HEARTS DESIGN ,10,01-07-2011 14:53,1.65,13285.0,United Kingdom
538630,22077,6 RIBBONS RUSTIC CHARM,12,13-12-2010 13:25,1.65,14565.0,United Kingdom
543255,21165,BEWARE OF THE CAT METAL SIGN ,12,04-02-2011 15:43,1.69,13050.0,United Kingdom
575983,21035,SET/2 RED RETROSPOT TEA TOWELS ,1,13-11-2011 13:45,3.25,13379.0,United Kingdom
556491,22384,LUNCH BAG PINK POLKADOT,4,12-06-2011 14:15,1.65,16794.0,United Kingdom
566203,23035,DRAWER KNOB CERAMIC IVORY,1,09-09-2011 14:47,1.45,16362.0,United Kingdom
548191,21561,DINOSAUR LUNCH BOX WITH CUTLERY,1,29-03-2011 15:20,4.96,,United Kingdom
541523,21528,DAIRY MAID TRADITIONAL TEAPOT ,3,19-01-2011 10:09,6.95,17708.0,United Kingdom
538071,22312,OFFICE MUG WARMER POLKADOT,1,09-12-2010 14:09,5.91,,United Kingdom
559338,22494,EMERGENCY FIRST AID TIN ,2,07-07-2011 16:30,2.46,,United Kingdom
580611,23103,JINGLE BELL HEART DECORATION,1,05-12-2011 11:49,1.65,12748.0,United Kingdom
548710,22570,FELTCRAFT CUSHION RABBIT,4,03-04-2011 13:24,3.75,16678.0,United Kingdom
563248,84978,HANGING HEART JAR T-LIGHT HOLDER,6,15-08-2011 11:30,1.25,14702.0,United Kingdom
550655,84870C,GREEN GEISHA GIRL ,2,19-04-2011 17:19,3.75,17217.0,United Kingdom
545333,21871,SAVE THE PLANET MUG,1,01-03-2011 16:22,3.29,,United Kingdom
C550177,20726,LUNCH BAG WOODLAND,-2,14-04-2011 17:17,1.65,13534.0,United Kingdom
537400,85123A,WHITE HANGING HEART T-LIGHT HOLDER,6,06-12-2010 14:36,2.95,17191.0,United Kingdom
561794,21929,JUMBO BAG PINK VINTAGE PAISLEY,10,29-07-2011 13:11,2.08,12921.0,United Kingdom
C576324,22141,CHRISTMAS CRAFT TREE TOP ANGEL,-1,14-11-2011 15:10,2.1,16161.0,United Kingdom
561926,23227,FILIGREE HEART BUTTERFLY WHITE ,24,01-08-2011 12:48,1.25,12749.0,United Kingdom
571668,23359,SET OF 12 T-LIGHTS VINTAGE DOILY,12,18-10-2011 13:10,1.95,16515.0,United Kingdom
575724,22112,CHOCOLATE HOT WATER BOTTLE,48,10-11-2011 18:37,4.25,14608.0,United Kingdom
549155,21213,PACK OF 72 SKULL CAKE CASES,2,06-04-2011 17:08,1.25,,United Kingdom
570180,22749,FELTCRAFT PRINCESS CHARLOTTE DOLL,4,07-10-2011 14:28,3.75,17509.0,United Kingdom
541104,21929,JUMBO BAG PINK VINTAGE PAISLEY,1,13-01-2011 14:29,4.13,,United Kingdom
541516,21259,VICTORIAN SEWING BOX SMALL ,1,18-01-2011 17:34,12.46,,United Kingdom
571669,22112,CHOCOLATE HOT WATER BOTTLE,2,18-10-2011 13:11,4.95,17758.0,United Kingdom
540821,22090,PAPER BUNTING RETROSPOT,1,11-01-2011 13:16,5.91,,United Kingdom
555722,20846,ZINC HEART LATTICE T-LIGHT HOLDER,1,06-06-2011 16:06,2.46,,United Kingdom
540163,22132,RED LOVE HEART SHAPE CUP,24,05-01-2011 11:52,0.85,13089.0,United Kingdom
569137,23229,VINTAGE DONKEY TAIL GAME ,1,30-09-2011 14:45,7.46,,United Kingdom
549743,22721,SET OF 3 CAKE TINS SKETCHBOOK,3,12-04-2011 10:05,4.95,16186.0,United Kingdom
547880,21975,PACK OF 60 DINOSAUR CAKE CASES,2,27-03-2011 16:05,0.55,15426.0,United Kingdom
581356,22692,DOORMAT WELCOME TO OUR HOME,2,08-12-2011 12:28,8.25,17830.0,United Kingdom
547860,22560,TRADITIONAL MODELLING CLAY,3,27-03-2011 12:21,1.25,17625.0,United Kingdom
540255,85034B,3 WHITE CHOC MORRIS BOXED CANDLES,1,05-01-2011 16:50,3.36,,United Kingdom
544462,22442,GROW YOUR OWN FLOWERS SET OF 3,2,20-02-2011 14:21,7.95,17050.0,United Kingdom
570218,22767,TRIPLE PHOTO FRAME CORNICE ,2,09-10-2011 12:20,9.95,16873.0,United Kingdom
550327,23254,CHILDRENS CUTLERY DOLLY GIRL ,4,17-04-2011 13:07,4.15,12878.0,United Kingdom
541370,22111,SCOTTIE DOG HOT WATER BOTTLE,3,17-01-2011 14:51,4.95,18179.0,United Kingdom
579512,22144,CHRISTMAS CRAFT LITTLE FRIENDS,3,29-11-2011 16:47,4.13,,United Kingdom
556195,23199,JUMBO BAG APPLES,10,09-06-2011 12:21,2.08,16745.0,United Kingdom
539735,21918,SET 12 KIDS COLOUR  CHALK STICKS,1,21-12-2010 15:17,0.81,,United Kingdom
559660,23168,CLASSIC CAFE SUGAR DISPENSER,64,11-07-2011 13:19,1.04,16701.0,United Kingdom
540098,21977,PACK OF 60 PINK PAISLEY CAKE CASES,1,04-01-2011 15:50,0.55,16241.0,United Kingdom
572964,22175,PINK OWL SOFT TOY,6,27-10-2011 10:41,2.95,12630.0,Finland
541434,C2,CARRIAGE,1,18-01-2011 10:22,50.0,14911.0,EIRE
568101,22950,36 DOILIES VINTAGE CHRISTMAS,24,23-09-2011 15:21,1.45,15978.0,United Kingdom
567671,21801,CHRISTMAS TREE DECORATION WITH BELL,4,21-09-2011 15:34,0.42,,United Kingdom
560724,23208,LUNCH BAG VINTAGE LEAF DESIGN,20,20-07-2011 13:55,1.65,16186.0,United Kingdom
576688,22966,GINGERBREAD MAN COOKIE CUTTER,12,16-11-2011 12:16,1.25,16717.0,United Kingdom
536412,22940,FELTCRAFT CHRISTMAS FAIRY,1,01-12-2010 11:49,4.25,17920.0,United Kingdom
558336,20725,LUNCH BAG RED RETROSPOT,20,28-06-2011 13:17,1.65,14364.0,United Kingdom
550906,79164,BLACK WINE GLASS,240,21-04-2011 12:34,0.39,14298.0,United Kingdom
545752,21703,BAG 125g SWIRLY MARBLES,96,07-03-2011 11:54,0.42,17381.0,United Kingdom
550953,22728,ALARM CLOCK BAKELIKE PINK,1,21-04-2011 16:17,7.46,,United Kingdom
569250,22460,EMBOSSED GLASS TEALIGHT HOLDER,12,03-10-2011 10:18,1.25,16747.0,United Kingdom
567380,21394,RED POLKADOT BEAKER ,48,20-09-2011 10:06,0.39,12620.0,France
561894,22277,COSMETIC BAG VINTAGE ROSE PAISLEY,1,31-07-2011 15:00,2.1,14456.0,United Kingdom
570465,90123A,PINK HEART OF GLASS BRACELET,1,10-10-2011 16:02,5.82,,United Kingdom
569469,22041,"RECORD FRAME 7"" SINGLE SIZE ",3,04-10-2011 12:22,2.55,16360.0,United Kingdom
572287,37340,MULTICOLOUR SPRING FLOWER MUG,6,23-10-2011 12:26,0.39,15584.0,United Kingdom
573335,21080,SET/20 RED RETROSPOT PAPER NAPKINS ,2,30-10-2011 11:35,0.85,15059.0,United Kingdom
559506,20669,RED HEART LUGGAGE TAG,1,08-07-2011 15:17,0.83,,United Kingdom
538886,22562,MONSTERS STENCIL CRAFT,12,14-12-2010 16:07,1.25,13846.0,United Kingdom
578347,90013B,BLACK VINTAGE EARRINGS,2,24-11-2011 09:26,4.15,,United Kingdom
547850,85130D,BEADED CRYSTAL HEART PINK LARGE,2,27-03-2011 12:06,1.65,14472.0,United Kingdom
580048,21429,RED GINGHAM ROSE JEWELLERY BOX,1,01-12-2011 12:53,1.95,12748.0,United Kingdom
570187,85078,SCANDINAVIAN 3 HEARTS NAPKIN RING,2,07-10-2011 15:09,1.63,,United Kingdom
552232,21630,FLOOR CUSHION ELEPHANT CARNIVAL,1,06-05-2011 15:54,18.29,,United Kingdom
539225,21356,TOAST ITS - FAIRY FLOWER,12,16-12-2010 13:02,1.25,15379.0,United Kingdom
549250,85030,FRENCH CHATEAU OVAL PLATTER,2,07-04-2011 12:10,1.95,14446.0,United Kingdom
545163,21878,PACK OF 6 SANDCASTLE FLAGS ASSORTED,12,28-02-2011 13:39,0.85,16607.0,United Kingdom
536563,22976,CIRCUS PARADE CHILDRENS EGG CUP ,24,01-12-2010 15:08,1.25,17760.0,United Kingdom
546998,84459B,YELLOW METAL CHICKEN HEART ,3,18-03-2011 13:32,1.49,16023.0,United Kingdom
563557,21977,PACK OF 60 PINK PAISLEY CAKE CASES,24,17-08-2011 13:33,0.55,15786.0,United Kingdom
545027,21244,BLUE POLKADOT PLATE ,7,25-02-2011 14:59,3.29,,United Kingdom
558540,22637,PIGGY BANK RETROSPOT ,6,30-06-2011 12:15,2.55,17706.0,United Kingdom
556542,22622,BOX OF VINTAGE ALPHABET BLOCKS,1,13-06-2011 12:52,11.95,14719.0,United Kingdom
570488,85036A,GARDENIA 1 WICK MORRIS BOXED CANDLE,1,10-10-2011 17:12,8.29,14096.0,United Kingdom
542229,21202,DOLLY HONEYCOMB GARLAND,12,26-01-2011 13:38,1.65,12474.0,Germany
541104,22258,FELT FARM ANIMAL RABBIT,1,13-01-2011 14:29,0.83,,United Kingdom
567625,23397,FOOT STOOL HOME SWEET HOME ,2,21-09-2011 12:55,9.95,13627.0,United Kingdom
578243,23355,HOT WATER BOTTLE KEEP CALM,12,23-11-2011 12:33,4.95,13448.0,United Kingdom
559121,22855,FINE WICKER HEART ,12,06-07-2011 12:18,1.25,13599.0,United Kingdom
545821,22371,AIRLINE BAG VINTAGE TOKYO 78,4,07-03-2011 12:50,4.25,13001.0,United Kingdom
581219,35095B,RED VICTORIAN FABRIC OVAL BOX,1,08-12-2011 09:28,0.83,,United Kingdom
550033,21931,JUMBO STORAGE BAG SUKI,2,14-04-2011 11:45,2.08,15005.0,United Kingdom
552819,22728,ALARM CLOCK BAKELIKE PINK,8,11-05-2011 12:50,3.75,16652.0,United Kingdom
577531,85049a,TRADITIONAL CHRISTMAS RIBBONS,1,20-11-2011 13:58,3.29,,United Kingdom
567659,21891,TRADITIONAL WOODEN SKIPPING ROPE,12,21-09-2011 14:55,1.45,17475.0,United Kingdom
564818,22356,CHARLOTTE BAG PINK POLKADOT,5,30-08-2011 12:10,1.63,,United Kingdom
579938,23562,SET OF 6 RIBBONS PERFECTLY PRETTY  ,6,01-12-2011 10:18,2.89,14146.0,United Kingdom
578037,22209,WOOD STAMP SET HAPPY BIRTHDAY,5,22-11-2011 14:10,0.5,,United Kingdom
543470,84380,SET OF 3 BUTTERFLY COOKIE CUTTERS,12,08-02-2011 14:58,1.25,16951.0,United Kingdom
554098,22029,SPACEBOY BIRTHDAY CARD,12,22-05-2011 13:01,0.42,14769.0,United Kingdom
563909,85204,HANGING WOOD AND FELT FLOWER,5,21-08-2011 12:36,0.12,15701.0,United Kingdom
572063,21850,BLUE  DIAMANTE PEN IN GIFT BOX,1,20-10-2011 12:57,4.95,14606.0,United Kingdom
550331,85202,HANGING WOOD AND FELT HEART,1,17-04-2011 13:43,0.42,15555.0,United Kingdom
539447,22630,DOLLY GIRL LUNCH BOX,12,17-12-2010 16:00,1.95,12395.0,Belgium
536522,84997C,BLUE 3 PIECE POLKADOT CUTLERY SET,1,01-12-2010 12:49,3.75,15012.0,United Kingdom
538566,90164B,WHITE  ROSEBUD PEARL BRACELET,1,13-12-2010 11:21,7.64,,United Kingdom
575152,22546,MINI JIGSAW PURDEY,3,08-11-2011 16:12,0.42,16284.0,United Kingdom
566589,22749,FELTCRAFT PRINCESS CHARLOTTE DOLL,4,13-09-2011 14:50,3.75,14753.0,United Kingdom
536973,22296,HEART IVORY TRELLIS LARGE,12,03-12-2010 13:43,1.65,17787.0,United Kingdom
580735,22274,FELTCRAFT DOLL EMILY,6,06-12-2011 08:52,2.95,17728.0,United Kingdom
554960,22502,PICNIC BASKET WICKER SMALL,1,27-05-2011 15:18,8.29,,United Kingdom
571909,20652,BLUE POLKADOT LUGGAGE TAG ,1,19-10-2011 15:08,1.25,15006.0,United Kingdom
562593,22352,LUNCH BOX WITH CUTLERY RETROSPOT ,2,07-08-2011 15:43,2.55,16549.0,United Kingdom
581439,23184,BULL DOG BOTTLE OPENER,1,08-12-2011 16:30,10.79,,United Kingdom
577554,47420,ASSORTED COLOUR SUCTION CUP HOOK,3,20-11-2011 15:35,0.19,15533.0,United Kingdom
551414,22413,METAL SIGN TAKE IT OR LEAVE IT ,6,28-04-2011 13:35,2.95,15622.0,United Kingdom
570826,23503,PLAYING CARDS KEEP CALM & CARRY ON,2,12-10-2011 13:14,1.25,16753.0,United Kingdom
573993,23513,EMBROIDERED RIBBON REEL SUSIE ,6,02-11-2011 11:23,2.08,16790.0,United Kingdom
536876,21986,PACK OF 12 PINK POLKADOT TISSUES,4,03-12-2010 11:36,0.85,,United Kingdom
564818,21246,RED RETROSPOT BIG BOWL,12,30-08-2011 12:10,4.13,,United Kingdom
536986,22694,WICKER STAR ,6,03-12-2010 14:40,2.1,16140.0,United Kingdom
576623,22071,SMALL WHITE RETROSPOT MUG IN BOX ,244,15-11-2011 17:12,0.5,12748.0,United Kingdom
575138,22294,HEART FILIGREE DOVE  SMALL,1,08-11-2011 15:24,2.46,,United Kingdom
578551,22945,CHRISTMAS METAL TAGS ASSORTED ,72,24-11-2011 15:05,0.85,12937.0,United Kingdom
577536,22335,HEART DECORATION PAINTED ZINC ,1,20-11-2011 14:14,0.65,15850.0,United Kingdom
570467,22139,RETROSPOT TEA SET CERAMIC 11 PC ,3,10-10-2011 16:06,4.95,12607.0,USA
569630,23293,SET OF 12 FAIRY CAKE BAKING CASES,8,05-10-2011 11:44,0.83,13458.0,United Kingdom
545714,82482,WOODEN PICTURE FRAME WHITE FINISH,4,07-03-2011 10:12,4.96,,United Kingdom
568791,22421,LIPSTICK PEN FUSCHIA,12,29-09-2011 09:51,0.42,16650.0,United Kingdom
542691,84978,HANGING HEART JAR T-LIGHT HOLDER,72,31-01-2011 12:34,1.06,13408.0,United Kingdom
538168,22731,3D CHRISTMAS STAMPS STICKERS ,9,09-12-2010 19:23,1.25,14702.0,United Kingdom
579692,21169,YOU'RE CONFUSING ME METAL SIGN ,48,30-11-2011 14:05,1.45,12433.0,Norway
574316,48129,DOORMAT TOPIARY,4,03-11-2011 18:45,8.25,17351.0,United Kingdom
558613,47591D,PINK FAIRY CAKE CHILDRENS APRON,8,30-06-2011 15:46,1.95,14911.0,EIRE
568558,22866,HAND WARMER SCOTTY DOG DESIGN,2,27-09-2011 16:28,2.1,16354.0,United Kingdom
573585,22367,CHILDRENS APRON SPACEBOY DESIGN,1,31-10-2011 14:41,4.13,,United Kingdom
566283,21166,COOK WITH WINE METAL SIGN ,12,11-09-2011 14:34,2.08,17838.0,United Kingdom
576274,20978,36 PENCILS TUBE SKULLS,1,14-11-2011 14:24,1.25,17793.0,United Kingdom
570690,23392,SPACEBOY ROCKET LOLLY MAKERS,1,11-10-2011 16:37,4.13,,United Kingdom
557316,22906,12 MESSAGE CARDS WITH ENVELOPES,2,19-06-2011 16:04,1.65,17299.0,United Kingdom
578303,47566,PARTY BUNTING,8,23-11-2011 15:39,4.95,14733.0,United Kingdom
575947,21232,STRAWBERRY CERAMIC TRINKET POT,17,13-11-2011 11:50,2.46,,United Kingdom
572549,21116,OWL DOORSTOP,1,24-10-2011 17:03,8.29,,United Kingdom
545587,22616,PACK OF 12 LONDON TISSUES ,12,04-03-2011 09:46,0.29,14796.0,United Kingdom
539488,22300,COFFEE MUG DOG + BALL DESIGN,12,20-12-2010 09:37,2.55,12377.0,Switzerland
581425,22659,LUNCH BOX I LOVE LONDON,1,08-12-2011 15:31,1.95,14796.0,United Kingdom
544766,22041,"RECORD FRAME 7"" SINGLE SIZE ",1,23-02-2011 11:09,4.96,,United Kingdom
538566,22567,20 DOLLY PEGS RETROSPOT,1,13-12-2010 11:21,2.51,,United Kingdom
563500,22915,ASSORTED BOTTLE TOP  MAGNETS ,120,16-08-2011 17:25,0.36,15856.0,United Kingdom
570229,21991,BOHEMIAN COLLAGE STATIONERY SET,1,09-10-2011 13:30,1.25,15756.0,United Kingdom
561209,82613C,"METAL SIGN,CUPCAKE SINGLE HOOK",1,25-07-2011 16:57,2.46,,United Kingdom
550986,22318,FIVE HEART HANGING DECORATION,1,21-04-2011 18:06,5.79,,United Kingdom
575141,20728,LUNCH BAG CARS BLUE,10,08-11-2011 15:35,1.65,15615.0,United Kingdom
536842,47590B,PINK HAPPY BIRTHDAY BUNTING,6,02-12-2010 18:45,5.45,17552.0,United Kingdom
572087,21209,MULTICOLOUR HONEYCOMB FAN,12,20-10-2011 14:30,0.39,12683.0,France
538566,85132A,CHARLIE + LOLA BISCUITS TINS,1,13-12-2010 11:21,8.47,,United Kingdom
542890,21169,YOU'RE CONFUSING ME METAL SIGN ,5,01-02-2011 13:25,1.69,15311.0,United Kingdom
566913,22152,PLACE SETTING WHITE STAR,24,15-09-2011 14:07,0.42,17602.0,United Kingdom
563712,22728,ALARM CLOCK BAKELIKE PINK,4,18-08-2011 15:44,3.75,12680.0,France
573362,21441,BLUE BIRDHOUSE DECORATION,12,30-10-2011 13:06,0.85,12597.0,Spain
567085,48138,DOORMAT UNION FLAG,2,16-09-2011 12:38,8.25,12434.0,Australia
580544,22561,WOODEN SCHOOL COLOURING SET,12,05-12-2011 09:15,1.65,15156.0,United Kingdom
580468,22227,HANGING HEART MIRROR DECORATION ,4,04-12-2011 12:31,0.65,12748.0,United Kingdom
580115,23379,PACK OF 12 RED APPLE TISSUES,1,01-12-2011 16:22,0.83,,United Kingdom
579103,21892,TRADITIONAL WOODEN CATCH CUP GAME ,1,28-11-2011 11:39,1.25,18041.0,United Kingdom
569100,23389,SPACEBOY MINI BACKPACK,2,30-09-2011 12:19,4.15,12748.0,United Kingdom
545709,22556,PLASTERS IN TIN CIRCUS PARADE ,12,07-03-2011 09:49,1.65,12708.0,Germany
545221,22963,JAM JAR WITH GREEN LID,12,01-03-2011 08:35,0.85,14740.0,United Kingdom
572306,21672,WHITE SPOT RED CERAMIC DRAWER KNOB,2,23-10-2011 15:11,1.45,17841.0,United Kingdom
552231,22433,WATERING CAN GREEN DINOSAUR,2,06-05-2011 15:47,1.95,17364.0,United Kingdom
569896,21373,MIRRORED WALL ART SNOWFLAKES,4,06-10-2011 15:58,0.75,,United Kingdom
568094,22600,CHRISTMAS RETROSPOT STAR WOOD,12,23-09-2011 14:43,0.85,15807.0,United Kingdom
564961,23060,HEART BEADED TRELLIS DECORATION,6,31-08-2011 14:28,2.08,14525.0,United Kingdom
558614,21519,GIN & TONIC DIET GREETING CARD ,1,30-06-2011 15:56,0.83,,United Kingdom
562156,72741,GRAND CHOCOLATECANDLE,18,03-08-2011 11:35,1.45,14401.0,United Kingdom
541870,21993,FLORAL FOLK STATIONERY SET,1,24-01-2011 09:39,2.46,,United Kingdom
547349,21109,LARGE CAKE TOWEL CHOCOLATE SPOTS,2,22-03-2011 12:02,6.75,15132.0,United Kingdom
556636,20725,LUNCH BAG RED RETROSPOT,1,13-06-2011 15:30,4.13,,United Kingdom
569372,85032D,YULETIDE IMAGES GIFT WRAP SET,1,03-10-2011 16:04,1.63,,United Kingdom
550805,47590A,BLUE HAPPY BIRTHDAY BUNTING,3,20-04-2011 15:38,5.45,13162.0,United Kingdom
569739,35964,FOLKART CLIP ON STARS,36,06-10-2011 10:48,0.39,14911.0,EIRE
540779,22666,RECIPE BOX PANTRY YELLOW DESIGN,6,11-01-2011 11:18,2.95,15346.0,United Kingdom
558371,20961,STRAWBERRY BATH SPONGE ,2,28-06-2011 15:44,2.46,,United Kingdom
567742,23144,ZINC T-LIGHT HOLDER STARS SMALL,12,22-09-2011 10:47,0.83,14261.0,United Kingdom
543630,21446,12 RED ROSE PEG PLACE SETTINGS,2,10-02-2011 16:01,1.25,15046.0,United Kingdom
538168,22111,SCOTTIE DOG HOT WATER BOTTLE,2,09-12-2010 19:23,4.95,14702.0,United Kingdom
564848,22775,PURPLE DRAWERKNOB ACRYLIC EDWARDIAN,60,30-08-2011 15:37,1.25,16928.0,United Kingdom
542103,21063,PARTY INVITES JAZZ HEARTS,12,25-01-2011 13:26,0.85,13198.0,United Kingdom
553671,72351A,SET/6 TURQUOISE BUTTERFLY T-LIGHTS,12,18-05-2011 12:37,2.1,13659.0,United Kingdom
581356,22969,HOMEMADE JAM SCENTED CANDLES,12,08-12-2011 12:28,1.45,17830.0,United Kingdom
538518,20712,JUMBO BAG WOODLAND ANIMALS,3,12-12-2010 16:14,1.95,14505.0,United Kingdom
538524,22533,MAGIC DRAWING SLATE BAKE A CAKE ,1,13-12-2010 09:35,0.85,,United Kingdom
546388,84029G,KNITTED UNION FLAG HOT WATER BOTTLE,2,11-03-2011 13:42,8.29,,United Kingdom
541849,85123A,WHITE HANGING HEART T-LIGHT HOLDER,1,23-01-2011 13:34,2.95,13230.0,United Kingdom
536759,21844,RED RETROSPOT MUG,6,02-12-2010 14:26,2.95,16781.0,United Kingdom
560918,23296,SET OF 6 TEA TIME BAKING CASES,12,21-07-2011 18:27,1.25,14849.0,United Kingdom
540095,22292,HANGING CHICK  YELLOW DECORATION,4,04-01-2011 15:40,1.45,14553.0,United Kingdom
570000,23245,SET OF 3 REGENCY CAKE TINS,4,07-10-2011 08:55,4.95,12420.0,Cyprus
550470,79030G,TUMBLER NEW ENGLAND,1,18-04-2011 13:49,5.79,,United Kingdom
547385,22087,PAPER BUNTING WHITE LACE,4,22-03-2011 15:48,5.79,,United Kingdom
559055,21754,HOME BUILDING BLOCK WORD,1,05-07-2011 17:09,11.63,,United Kingdom
572283,22899,CHILDREN'S APRON DOLLY GIRL ,2,23-10-2011 11:42,2.1,15000.0,United Kingdom
578844,21871,SAVE THE PLANET MUG,1,25-11-2011 16:14,3.29,,United Kingdom
543164,22789,T-LIGHT HOLDER SWEETHEART HANGING,4,03-02-2011 19:32,1.95,13208.0,United Kingdom
537237,22807,SET OF 6 T-LIGHTS TOADSTOOLS,1,06-12-2010 09:58,5.91,,United Kingdom
580469,22072,RED RETROSPOT TEA CUP AND SAUCER ,4,04-12-2011 12:32,1.25,14583.0,United Kingdom
550334,48138,DOORMAT UNION FLAG,1,17-04-2011 14:09,7.95,17320.0,United Kingdom
562517,23307,SET OF 60 PANTRY DESIGN CAKE CASES ,12,05-08-2011 12:27,0.55,15719.0,United Kingdom
556579,23167,SMALL CERAMIC TOP STORAGE JAR ,12,13-06-2011 14:16,0.83,15069.0,United Kingdom
562850,22356,CHARLOTTE BAG PINK POLKADOT,30,10-08-2011 10:08,0.85,14680.0,United Kingdom
552244,22296,HEART IVORY TRELLIS LARGE,1,06-05-2011 19:39,1.65,12748.0,United Kingdom
542246,21756,BATH BUILDING BLOCK WORD,3,26-01-2011 15:31,5.95,15227.0,United Kingdom
537224,22153,ANGEL DECORATION STARS ON DRESS,48,05-12-2010 16:24,0.42,13174.0,United Kingdom
572549,21329,DINOSAURS  WRITING SET ,1,24-10-2011 17:03,3.29,,United Kingdom
553718,37446,MINI CAKE STAND WITH HANGING CAKES,1,18-05-2011 16:14,3.29,,United Kingdom
569374,23640,SET 10 CARDS SCOTTIE DOG 17211,1,03-10-2011 16:14,2.49,,United Kingdom
569143,21499,BLUE POLKADOT WRAP,25,30-09-2011 15:04,0.42,15867.0,United Kingdom
578354,23583,LUNCH BAG PAISLEY PARK  ,20,24-11-2011 10:12,1.65,17139.0,United Kingdom
541292,22133,PINK LOVE HEART SHAPE CUP,12,17-01-2011 13:30,0.85,15596.0,United Kingdom
570886,72802A,ROSE SCENT CANDLE IN JEWELLED BOX,18,13-10-2011 10:23,3.81,13777.0,United Kingdom
552320,21559,STRAWBERRY LUNCH BOX WITH CUTLERY,12,09-05-2011 08:26,2.55,13985.0,United Kingdom
579145,23300,GARDENERS KNEELING PAD CUP OF TEA ,24,28-11-2011 13:13,1.65,14597.0,United Kingdom
576876,22865,HAND WARMER OWL DESIGN,4,16-11-2011 16:42,2.1,16804.0,United Kingdom
581436,22727,ALARM CLOCK BAKELIKE RED ,4,08-12-2011 16:18,3.75,17491.0,United Kingdom
575177,21750,LARGE SKULL WINDMILL,1,08-11-2011 18:41,4.13,,United Kingdom
547090,85150,LADIES & GENTLEMEN METAL SIGN,6,20-03-2011 16:12,2.55,17230.0,United Kingdom
550496,22132,RED LOVE HEART SHAPE CUP,2,18-04-2011 15:05,0.85,,United Kingdom
570479,22553,PLASTERS IN TIN SKULLS,6,10-10-2011 16:58,1.65,17589.0,United Kingdom
580983,22961,JAM MAKING SET PRINTED,12,06-12-2011 16:26,3.29,,United Kingdom
562339,20724,RED RETROSPOT CHARLOTTE BAG,4,04-08-2011 11:59,0.85,13571.0,United Kingdom
564305,21210,SET OF 72 RETROSPOT PAPER  DOILIES,12,24-08-2011 12:20,1.45,14875.0,United Kingdom
565519,22698,PINK REGENCY TEACUP AND SAUCER,6,05-09-2011 11:52,2.95,12502.0,Spain
559816,84947,ANTIQUE SILVER TEA GLASS ENGRAVED,1,12-07-2011 16:11,2.46,,United Kingdom
540848,90190B,GOLD/AMBER DROP EARRINGS W LEAF,2,12-01-2011 09:26,2.96,,United Kingdom
567866,23169,CLASSIC GLASS COOKIE JAR,6,22-09-2011 14:13,4.15,16669.0,United Kingdom
563425,23320,GIANT 50'S CHRISTMAS CRACKER,24,16-08-2011 11:37,2.89,15140.0,United Kingdom
580679,21718,RED METAL BEACH SPADE ,12,05-12-2011 14:49,1.25,18198.0,United Kingdom
549368,22753,SMALL YELLOW BABUSHKA NOTEBOOK ,1,08-04-2011 11:26,0.85,18036.0,United Kingdom
540995,84870B,BLUE GEISHA GIRL ,1,13-01-2011 09:30,2.46,,United Kingdom
564383,23245,SET OF 3 REGENCY CAKE TINS,16,25-08-2011 10:49,4.15,15251.0,United Kingdom
550471,21380,WOODEN HAPPY BIRTHDAY GARLAND,1,18-04-2011 13:52,5.79,,United Kingdom
560569,85014A,BLACK/BLUE POLKADOT UMBRELLA,3,19-07-2011 14:04,5.95,12480.0,Germany
567671,21786,POLKADOT RAIN HAT ,1,21-09-2011 15:34,0.83,,United Kingdom
547730,22649,STRAWBERRY FAIRY CAKE TEAPOT,3,25-03-2011 11:01,4.95,14796.0,United Kingdom
561247,23235,STORAGE TIN VINTAGE LEAF,6,26-07-2011 11:38,2.89,16592.0,United Kingdom
541421,20717,STRAWBERRY SHOPPER BAG,30,17-01-2011 17:44,0.83,,United Kingdom
545035,82600,NO SINGING METAL SIGN,6,25-02-2011 17:03,2.1,15078.0,United Kingdom
579301,85123A,WHITE HANGING HEART T-LIGHT HOLDER,3,29-11-2011 11:32,2.95,18118.0,United Kingdom
567424,21913,VINTAGE SEASIDE JIGSAW PUZZLES,1,20-09-2011 11:16,3.75,16369.0,United Kingdom
551136,22430,ENAMEL WATERING CAN CREAM,4,26-04-2011 13:05,4.95,15301.0,United Kingdom
543518,85232A,SET/3 POLKADOT STACKING TINS,24,09-02-2011 11:21,4.25,12753.0,Japan
544304,72351A,SET/6 TURQUOISE BUTTERFLY T-LIGHTS,2,17-02-2011 13:47,2.1,18125.0,United Kingdom
571716,21977,PACK OF 60 PINK PAISLEY CAKE CASES,1,18-10-2011 17:05,1.25,,United Kingdom
575868,23192,BUNDLE OF 3 ALPHABET EXERCISE BOOKS,12,11-11-2011 12:44,1.65,12985.0,United Kingdom
546389,21523,DOORMAT FANCY FONT HOME SWEET HOME,2,11-03-2011 13:56,7.95,16801.0,United Kingdom
539434,84375,SET OF 20 KIDS COOKIE CUTTERS,1,17-12-2010 14:41,4.21,,United Kingdom
574965,22733,3D TRADITIONAL CHRISTMAS STICKERS,3,08-11-2011 10:44,1.25,17964.0,United Kingdom
581219,23266,SET OF 3 WOODEN STOCKING DECORATION,4,08-12-2011 09:28,2.46,,United Kingdom
567167,22727,ALARM CLOCK BAKELIKE RED ,1,18-09-2011 12:21,3.75,15547.0,United Kingdom
568955,84988,SET OF 72 PINK HEART PAPER DOILIES,12,29-09-2011 15:40,1.45,13759.0,United Kingdom
578347,22944,CHRISTMAS METAL POSTCARD WITH BELLS,18,24-11-2011 09:26,0.97,,United Kingdom
540700,21577,SAVE THE PLANET COTTON TOTE BAG,12,11-01-2011 09:47,2.25,12393.0,Australia
537648,20971,PINK BLUE FELT CRAFT TRINKET BOX,12,07-12-2010 15:48,1.25,12839.0,United Kingdom
543172,22149,FELTCRAFT 6 FLOWER FRIENDS,1,04-02-2011 09:11,4.96,,United Kingdom
547785,22520,CHILDS GARDEN TROWEL BLUE ,2,25-03-2011 11:41,0.85,13097.0,United Kingdom
546133,21914,BLUE HARMONICA IN BOX ,12,09-03-2011 15:20,1.25,14291.0,United Kingdom
579286,84692,BOX OF 24 COCKTAIL PARASOLS,1,29-11-2011 10:57,0.42,17772.0,United Kingdom
579881,35599B,BLACK CHRISTMAS TREE 120CM,12,30-11-2011 17:22,1.95,12429.0,Denmark
561799,22485,SET OF 2 WOODEN MARKET CRATES,2,29-07-2011 13:46,12.75,15776.0,United Kingdom
562670,20914,SET/5 RED RETROSPOT LID GLASS BOWLS,6,08-08-2011 13:42,2.95,14911.0,EIRE
569936,22180,RETROSPOT LAMP,2,06-10-2011 17:52,9.95,17490.0,United Kingdom
568152,23231,WRAP  VINTAGE DOILY ,25,25-09-2011 11:40,0.42,16480.0,United Kingdom
554075,37446,MINI CAKE STAND WITH HANGING CAKES,8,22-05-2011 11:29,1.45,16038.0,United Kingdom
575855,21671,RED SPOT CERAMIC DRAWER KNOB,2,11-11-2011 12:24,1.45,14527.0,United Kingdom
562610,21891,TRADITIONAL WOODEN SKIPPING ROPE,432,08-08-2011 11:56,1.25,16333.0,United Kingdom
558311,23144,ZINC T-LIGHT HOLDER STARS SMALL,144,28-06-2011 11:22,0.72,14646.0,Netherlands
562348,23051,RECYCLED ACAPULCO MAT BLUE,2,04-08-2011 12:36,8.25,17511.0,United Kingdom
542620,22171,3 HOOK PHOTO SHELF ANTIQUE WHITE,2,31-01-2011 08:56,8.5,13089.0,United Kingdom
563638,22315,200 RED + WHITE BENDY STRAWS,96,18-08-2011 10:36,1.06,15311.0,United Kingdom
558862,22082,RIBBON REEL STRIPES DESIGN ,10,04-07-2011 12:25,1.65,13901.0,United Kingdom
556484,84673B,BLUE FLY SWAT,3,12-06-2011 13:17,0.65,16938.0,United Kingdom
546896,23051,RECYCLED ACAPULCO MAT BLUE,1,17-03-2011 18:24,16.63,,United Kingdom
546007,21509,COWBOYS AND INDIANS BIRTHDAY CARD ,2,08-03-2011 15:34,0.83,,United Kingdom
576329,35471D,SET OF 3 BIRD LIGHT PINK FEATHER ,6,14-11-2011 15:22,1.25,,United Kingdom
566675,23432,PRETTY HANGING QUILTED HEARTS,12,14-09-2011 11:42,0.83,15105.0,United Kingdom
544888,20998,ROSE DU SUD OVEN GLOVE,6,24-02-2011 11:55,2.95,14231.0,United Kingdom
548404,37447,CERAMIC CAKE DESIGN SPOTTED PLATE,12,31-03-2011 09:38,1.49,16398.0,United Kingdom
554280,20972,PINK CREAM FELT CRAFT TRINKET BOX ,12,23-05-2011 13:35,1.25,14817.0,United Kingdom
536401,22428,ENAMEL FIRE BUCKET CREAM,2,01-12-2010 11:21,6.95,15862.0,United Kingdom
580729,22951,60 CAKE CASES DOLLY GIRL DESIGN,2,05-12-2011 17:24,1.25,,United Kingdom
570842,22113,GREY HEART HOT WATER BOTTLE,4,12-10-2011 14:21,4.25,17676.0,United Kingdom
545423,22424,ENAMEL BREAD BIN CREAM,1,02-03-2011 14:34,12.75,15643.0,United Kingdom
572552,51014A,"FEATHER PEN,HOT PINK",20,24-10-2011 17:07,0.83,14096.0,United Kingdom
540943,20972,PINK CREAM FELT CRAFT TRINKET BOX ,5,12-01-2011 12:31,1.25,17841.0,United Kingdom
575661,22734,SET OF 6 RIBBONS VINTAGE CHRISTMAS,10,10-11-2011 14:39,2.89,12617.0,France
537638,84946,ANTIQUE SILVER TEA GLASS ETCHED,54,07-12-2010 15:28,2.51,,United Kingdom
581405,22099,CARAVAN SQUARE TISSUE BOX,1,08-12-2011 13:50,0.39,13521.0,United Kingdom
563189,47566,PARTY BUNTING,4,12-08-2011 15:22,4.95,12682.0,France
577504,22097,SWALLOW SQUARE TISSUE BOX,4,20-11-2011 12:36,0.39,14159.0,United Kingdom
575516,23531,WALL ART BIG LOVE ,3,10-11-2011 10:45,6.95,17340.0,United Kingdom
575896,79051A,SMOKEY GREY COLOUR GLASS,48,11-11-2011 14:52,0.29,12480.0,Germany
540288,21158,MOODY GIRL DOOR HANGER ,1,06-01-2011 12:45,1.45,17634.0,United Kingdom
C549786,21381,MINI WOODEN HAPPY BIRTHDAY GARLAND,-24,12-04-2011 11:58,1.69,14071.0,United Kingdom
568215,23176,ABC TREASURE BOOK BOX ,8,26-09-2011 08:38,2.25,13390.0,United Kingdom
571652,23076,ICE CREAM SUNDAE LIP GLOSS,24,18-10-2011 12:17,1.25,,Hong Kong
545320,22935,BAKING MOULD ROSE MILK CHOCOLATE,72,01-03-2011 14:47,2.75,14156.0,EIRE
556721,22927,GREEN GIANT GARDEN THERMOMETER,2,14-06-2011 11:23,5.95,15218.0,United Kingdom
580536,22302,COFFEE MUG PEARS  DESIGN,6,04-12-2011 16:07,2.55,12490.0,France
553549,82551,LAUNDRY 15C METAL SIGN,1,17-05-2011 16:09,2.46,,United Kingdom
559898,22734,SET OF 6 RIBBONS VINTAGE CHRISTMAS,2,13-07-2011 12:18,2.89,16225.0,United Kingdom
574249,21809,CHRISTMAS HANGING TREE WITH BELL,1,03-11-2011 13:01,0.39,16347.0,United Kingdom
574936,23366,SET 12 COLOURING PENCILS DOILY,3,07-11-2011 17:06,0.65,13066.0,United Kingdom
581570,22834,HAND WARMER BABUSHKA DESIGN,12,09-12-2011 11:59,2.1,12662.0,Germany
546649,84988,SET OF 72 PINK HEART PAPER DOILIES,2,15-03-2011 14:17,3.75,,United Kingdom
565150,23325,RUSTIC STRAWBERRY JAM POT SMALL,12,01-09-2011 14:26,1.45,14298.0,United Kingdom
554986,21329,DINOSAURS  WRITING SET ,3,29-05-2011 12:35,1.65,14451.0,United Kingdom
567910,22090,PAPER BUNTING RETROSPOT,12,22-09-2011 16:58,2.95,12437.0,France
562955,21257,VICTORIAN SEWING BOX MEDIUM,6,11-08-2011 10:14,15.79,,United Kingdom
562341,22385,JUMBO BAG SPACEBOY DESIGN,2,04-08-2011 12:13,2.08,15005.0,United Kingdom
540992,22077,6 RIBBONS RUSTIC CHARM,4,12-01-2011 16:57,1.65,17364.0,United Kingdom
536876,21098,CHRISTMAS TOILET ROLL,17,03-12-2010 11:36,2.51,,United Kingdom
569238,22085,PAPER CHAIN KIT SKULLS ,3,02-10-2011 15:52,2.95,17954.0,United Kingdom
543275,90010E,AMBER GLASS/SILVER BRACELET,1,06-02-2011 12:49,8.95,13584.0,United Kingdom
566329,21216,"SET 3 RETROSPOT TEA,COFFEE,SUGAR",2,12-09-2011 12:20,4.95,14527.0,United Kingdom
538349,90022,EDWARDIAN DROP EARRINGS JET BLACK,1,10-12-2010 14:59,3.81,,United Kingdom
569965,22667,RECIPE BOX RETROSPOT ,4,06-10-2011 18:47,2.95,18109.0,United Kingdom
564818,22383,LUNCH BAG SUKI DESIGN ,2,30-08-2011 12:10,4.13,,United Kingdom
551008,22411,JUMBO SHOPPER VINTAGE RED PAISLEY,1,26-04-2011 09:50,4.13,,United Kingdom
537764,84030E,ENGLISH ROSE HOT WATER BOTTLE,1,08-12-2010 12:06,4.25,16893.0,United Kingdom
545996,23184,BULL DOG BOTTLE OPENER,6,08-03-2011 14:12,4.95,14367.0,United Kingdom
545713,22112,CHOCOLATE HOT WATER BOTTLE,1,07-03-2011 10:11,5.79,,United Kingdom
572662,23316,RED REFECTORY CLOCK ,1,25-10-2011 12:54,9.95,15443.0,United Kingdom
541523,21534,DAIRY MAID LARGE MILK JUG,2,19-01-2011 10:09,4.95,17708.0,United Kingdom
544452,85125,SMALL ROUND CUT GLASS CANDLESTICK,2,20-02-2011 12:32,4.95,14162.0,United Kingdom
571430,22617,BAKING SET SPACEBOY DESIGN,24,17-10-2011 12:51,4.25,13090.0,United Kingdom
552883,23175,REGENCY MILK JUG PINK ,48,12-05-2011 10:13,2.75,14646.0,Netherlands
581219,22558,CLOTHES PEGS RETROSPOT PACK 24 ,3,08-12-2011 09:28,3.29,,United Kingdom
560451,22956,36 FOIL HEART CAKE CASES,12,19-07-2011 09:50,2.1,14911.0,EIRE
578925,22972,CHILDREN'S SPACEBOY MUG,3,27-11-2011 12:13,1.65,17365.0,United Kingdom
561915,84947,ANTIQUE SILVER TEA GLASS ENGRAVED,6,01-08-2011 11:23,1.25,14408.0,United Kingdom
C556268,22699,ROSES REGENCY TEACUP AND SAUCER ,-1,09-06-2011 19:34,2.95,13317.0,United Kingdom
542893,21136,PAINTED METAL PEARS ASSORTED,16,01-02-2011 13:36,1.69,18202.0,United Kingdom
545526,22697,GREEN REGENCY TEACUP AND SAUCER,2,03-03-2011 13:14,2.95,17789.0,United Kingdom
574691,22766,PHOTO FRAME CORNICE,2,06-11-2011 13:17,2.95,14174.0,United Kingdom
580644,22508,DOORSTOP RETROSPOT HEART,1,05-12-2011 13:10,3.75,16904.0,United Kingdom
554058,22680,FRENCH BLUE METAL DOOR SIGN 5,1,20-05-2011 16:04,1.25,17757.0,United Kingdom
576326,23321,SMALL WHITE HEART OF WICKER,4,14-11-2011 15:18,1.65,16504.0,United Kingdom
C543635,84949,SILVER HANGING T-LIGHT HOLDER,-6,10-02-2011 16:33,1.65,13894.0,United Kingdom
553869,23173,REGENCY TEAPOT ROSES ,2,19-05-2011 14:27,9.95,15394.0,United Kingdom
538148,85152,HAND OVER THE CHOCOLATE   SIGN ,2,09-12-2010 16:26,4.21,,United Kingdom
569415,23351,ROLL WRAP 50'S CHRISTMAS,1,04-10-2011 10:14,2.46,,United Kingdom
564974,22672,FRENCH BATHROOM SIGN BLUE METAL,1,31-08-2011 15:32,3.29,,United Kingdom
541497,22640,SET OF 4 NAPKIN CHARMS 3 KEYS ,15,18-01-2011 15:19,1.63,,United Kingdom
555399,20726,LUNCH BAG WOODLAND,3,02-06-2011 17:41,1.65,15555.0,United Kingdom
576617,23396,LE JARDIN BOTANIQUE CUSHION COVER,1,15-11-2011 16:57,10.79,,United Kingdom
581123,22158,3 HEARTS HANGING DECORATION RUSTIC,8,07-12-2011 12:34,2.95,15750.0,United Kingdom
545333,35915C,PEACH KNITTED HEN ,3,01-03-2011 16:22,0.83,,United Kingdom
578544,23525,WALL ART BUFFALO BILL ,6,24-11-2011 15:01,3.75,17096.0,United Kingdom
562162,22890,NOVELTY BISCUITS CAKE STAND 3 TIER,1,03-08-2011 12:03,9.95,12841.0,United Kingdom
564198,21787,RAIN PONCHO RETROSPOT,2,23-08-2011 17:18,0.85,14418.0,United Kingdom
541592,22438,BALLOON ART MAKE YOUR OWN FLOWERS,4,19-01-2011 15:08,1.63,,United Kingdom
539836,85123A,WHITE HANGING HEART T-LIGHT HOLDER,5,22-12-2010 13:46,2.95,17894.0,United Kingdom
538831,22759,SET OF 3 NOTEBOOKS IN PARCEL,12,14-12-2010 13:02,1.65,18144.0,United Kingdom
574328,22580,ADVENT CALENDAR GINGHAM SACK,12,04-11-2011 09:05,5.95,13081.0,United Kingdom
575176,84947,ANTIQUE SILVER TEA GLASS ENGRAVED,1,08-11-2011 18:29,2.46,,United Kingdom
579408,23123,COCKTAIL SWORDS 50 PIECES,1,29-11-2011 12:34,0.83,14701.0,United Kingdom
579257,23681,LUNCH BAG RED VINTAGE DOILY,100,29-11-2011 08:14,1.45,15619.0,United Kingdom
568654,72818,CHRISTMAS DECOUPAGE CANDLE,12,28-09-2011 12:20,0.85,14911.0,EIRE
565920,23158,SET OF 5 LUCKY CAT MAGNETS ,12,08-09-2011 08:56,2.08,15298.0,United Kingdom
559310,21927,BLUE/CREAM STRIPE CUSHION COVER ,12,07-07-2011 13:33,1.25,15505.0,United Kingdom
575516,84997D,CHILDRENS CUTLERY POLKADOT PINK,4,10-11-2011 10:45,4.15,17340.0,United Kingdom
536840,84991,60 TEATIME FAIRY CAKE CASES,24,02-12-2010 18:27,0.55,12738.0,Germany
559038,22489,PACK OF 12 TRADITIONAL CRAYONS,5,05-07-2011 15:31,1.25,,United Kingdom
544453,22117,METAL SIGN HER DINNER IS SERVED ,2,20-02-2011 13:06,2.95,17214.0,United Kingdom
580367,22745,POPPY'S PLAYHOUSE BEDROOM ,1,02-12-2011 16:39,4.13,,United Kingdom
566421,23109,PACK OF SIX LED TEA LIGHTS,18,12-09-2011 13:55,2.89,12924.0,United Kingdom
559527,85152,HAND OVER THE CHOCOLATE   SIGN ,6,10-07-2011 11:24,2.1,17787.0,United Kingdom
551468,22457,NATURAL SLATE HEART CHALKBOARD ,2,28-04-2011 16:21,5.79,,United Kingdom
566033,22633,HAND WARMER UNION JACK,3,08-09-2011 13:07,2.1,16031.0,United Kingdom
537963,37449,CERAMIC CAKE STAND + HANGING CAKES,2,09-12-2010 11:30,9.95,13369.0,United Kingdom
550911,23008,DOLLY GIRL BABY GIFT SET,1,21-04-2011 13:11,16.95,12354.0,Spain
568696,23405,HOME SWEET HOME 2 DRAWER CABINET,4,28-09-2011 14:56,4.95,13842.0,United Kingdom
559338,23096,PETIT TRAY CHIC,1,07-07-2011 16:30,3.29,,United Kingdom
541684,20961,STRAWBERRY BATH SPONGE ,21,20-01-2011 15:22,1.25,15498.0,United Kingdom
555574,23010,CIRCUS PARADE BABY GIFT SET,1,05-06-2011 15:46,16.95,12417.0,Belgium
565338,23293,SET OF 12 FAIRY CAKE BAKING CASES,8,02-09-2011 14:39,0.83,14948.0,United Kingdom
538849,22904,CALENDAR PAPER CUT DESIGN,4,14-12-2010 13:31,2.95,14415.0,United Kingdom
552320,22382,LUNCH BAG SPACEBOY DESIGN ,10,09-05-2011 08:26,1.65,13985.0,United Kingdom
580115,22697,GREEN REGENCY TEACUP AND SAUCER,1,01-12-2011 16:22,5.79,,United Kingdom
581219,22586,FELTCRAFT HAIRBAND PINK AND BLUE,1,08-12-2011 09:28,1.63,,United Kingdom
544157,22544,MINI JIGSAW SPACEBOY,24,16-02-2011 12:46,0.42,12372.0,Denmark
540371,82484,WOOD BLACK BOARD ANT WHITE FINISH,3,06-01-2011 16:35,6.45,14312.0,United Kingdom
545238,21122,SET/10 PINK POLKADOT PARTY CANDLES,24,01-03-2011 11:02,1.25,15241.0,United Kingdom
547042,21775,DECORATIVE FLORE BATHROOM BOTTLE,2,20-03-2011 11:00,2.46,,United Kingdom
564840,22947,WOODEN ADVENT CALENDAR RED,1,30-08-2011 12:49,16.63,,United Kingdom
551305,85094,CANDY SPOT EGG WARMER RABBIT,48,27-04-2011 14:58,0.19,16145.0,United Kingdom
564556,23148,MINIATURE ANTIQUE ROSE HOOK IVORY,2,25-08-2011 19:48,0.83,12748.0,United Kingdom
541830,84050,PINK HEART SHAPE EGG FRYING PAN,2,21-01-2011 17:09,4.13,,United Kingdom
577539,23452,HEART MINI PORTRAIT FRAME,18,20-11-2011 14:24,1.95,14547.0,United Kingdom
568216,22668,PINK BABY BUNTING,10,26-09-2011 09:28,2.95,16168.0,United Kingdom
562539,21948,SET OF 6 CAKE CHOPSTICKS,4,05-08-2011 15:30,1.25,17220.0,United Kingdom
575610,22866,HAND WARMER SCOTTY DOG DESIGN,12,10-11-2011 12:45,2.1,16628.0,United Kingdom
547109,20725,LUNCH BAG RED RETROSPOT,10,21-03-2011 11:46,1.65,12423.0,Belgium
575177,22065,CHRISTMAS PUDDING TRINKET POT ,10,08-11-2011 18:41,1.63,,United Kingdom
546387,22966,GINGERBREAD MAN COOKIE CUTTER,24,11-03-2011 13:34,1.25,16766.0,United Kingdom
549833,22986,GINGHAM ROSE WRAP,25,12-04-2011 13:19,0.42,13458.0,United Kingdom
580193,23349,ROLL WRAP VINTAGE CHRISTMAS,2,02-12-2011 12:03,1.25,16899.0,United Kingdom
562161,23201,JUMBO BAG ALPHABET,1,03-08-2011 11:58,2.08,17841.0,United Kingdom
545035,85152,HAND OVER THE CHOCOLATE   SIGN ,12,25-02-2011 17:03,2.1,15078.0,United Kingdom
543988,22698,PINK REGENCY TEACUP AND SAUCER,6,15-02-2011 09:50,2.95,14849.0,United Kingdom
574096,22098,BOUDOIR SQUARE TISSUE BOX,36,03-11-2011 09:55,0.39,13599.0,United Kingdom
543098,21068,VINTAGE BILLBOARD LOVE/HATE MUG,12,03-02-2011 11:49,1.25,13102.0,United Kingdom
551014,22546,MINI JIGSAW PURDEY,24,26-04-2011 11:04,0.42,13209.0,United Kingdom
564754,23301,GARDENERS KNEELING PAD KEEP CALM ,1,30-08-2011 10:29,3.29,,United Kingdom
552658,22501,PICNIC BASKET WICKER LARGE,2,10-05-2011 14:57,9.95,14534.0,United Kingdom
541120,22377,BOTTLE BAG RETROSPOT ,20,14-01-2011 09:13,0.85,12490.0,France
560772,22149,FELTCRAFT 6 FLOWER FRIENDS,1,20-07-2011 16:12,4.13,,United Kingdom
575091,22356,CHARLOTTE BAG PINK POLKADOT,10,08-11-2011 14:05,0.85,17160.0,United Kingdom
553527,22558,CLOTHES PEGS RETROSPOT PACK 24 ,12,17-05-2011 14:57,1.65,15123.0,United Kingdom
558341,23252,VINTAGE RED ENAMEL TRIM JUG ,4,28-06-2011 14:20,3.75,14741.0,United Kingdom
563359,23084,,20,15-08-2011 14:56,0.0,,United Kingdom
555854,23159,SET OF 5 PANCAKE DAY MAGNETS,2,07-06-2011 13:47,2.08,12748.0,United Kingdom
C544814,M,Manual,-1,23-02-2011 16:36,30.19,15590.0,United Kingdom
575601,22971,QUEENS GUARD COFFEE MUG,1,10-11-2011 12:16,2.55,,United Kingdom
578344,35095B,RED VICTORIAN FABRIC OVAL BOX,1,24-11-2011 09:21,0.83,,United Kingdom
576617,46776F,WOVEN ROSE GARDEN CUSHION COVER ,1,15-11-2011 16:57,4.13,,United Kingdom
561322,20724,RED RETROSPOT CHARLOTTE BAG,10,26-07-2011 13:03,0.85,15203.0,United Kingdom
565014,23206,LUNCH BAG APPLE DESIGN,30,31-08-2011 16:28,1.65,16180.0,United Kingdom
577300,47504H,ENGLISH ROSE SPIRIT LEVEL ,9,18-11-2011 12:53,0.79,16924.0,United Kingdom
574831,22994,TRAVEL CARD WALLET RETROSPOT,6,07-11-2011 11:26,0.42,15522.0,United Kingdom
537219,84029G,KNITTED UNION FLAG HOT WATER BOTTLE,2,05-12-2010 15:47,3.75,14081.0,United Kingdom
578019,40005B,BLUE ORGANDY ROUND LAMPSHADE W BEA,4,22-11-2011 13:11,0.85,17360.0,United Kingdom
540458,22654,DELUXE SEWING KIT ,3,07-01-2011 12:28,5.95,12501.0,Germany
537240,84380,SET OF 3 BUTTERFLY COOKIE CUTTERS,1,06-12-2010 10:08,2.51,,United Kingdom
554102,22059,CERAMIC STRAWBERRY DESIGN MUG,2,22-05-2011 13:40,1.49,14647.0,United Kingdom
560772,35916A,YELLOW FELT HANGING HEART W FLOWER,4,20-07-2011 16:12,0.63,,United Kingdom
545719,47566,PARTY BUNTING,4,07-03-2011 10:28,4.95,13344.0,United Kingdom
552304,48184,DOORMAT ENGLISH ROSE ,1,08-05-2011 15:15,7.95,12748.0,United Kingdom
573288,48194,DOORMAT HEARTS,10,28-10-2011 14:42,7.08,14194.0,United Kingdom
578551,23177,TREASURE ISLAND BOOK BOX,1,24-11-2011 15:05,2.25,12937.0,United Kingdom
572662,22941,CHRISTMAS LIGHTS 10 REINDEER,3,25-10-2011 12:54,8.5,15443.0,United Kingdom
550278,82583,HOT BATHS METAL SIGN,5,15-04-2011 13:15,4.96,,United Kingdom
569374,22540,MINI JIGSAW CIRCUS PARADE ,1,03-10-2011 16:14,0.83,,United Kingdom
C553478,22847,BREAD BIN DINER STYLE IVORY,-1,17-05-2011 11:47,16.95,17677.0,United Kingdom
556107,85123A,WHITE HANGING HEART T-LIGHT HOLDER,2,08-06-2011 17:09,2.95,17360.0,United Kingdom
560422,16048,TEATIME ROUND PENCIL SHARPENER ,24,18-07-2011 15:14,0.12,16746.0,United Kingdom
572552,22867,HAND WARMER BIRD DESIGN,2,24-10-2011 17:07,4.13,14096.0,United Kingdom
551815,23078,ICE CREAM PEN LIP GLOSS ,24,04-05-2011 11:46,1.25,18065.0,United Kingdom
570465,23243,SET OF TEA COFFEE SUGAR TINS PANTRY,1,10-10-2011 16:02,10.79,,United Kingdom
538345,84789,ENCHANTED BIRD PLANT CAGE,4,10-12-2010 14:45,3.75,13787.0,United Kingdom
536742,22451,SILK PURSE BABUSHKA RED,1,02-12-2010 13:14,3.35,16916.0,United Kingdom
541424,22325,MOBILE VINTAGE HEARTS ,1,17-01-2011 17:57,3.29,,United Kingdom
539492,48184,DOORMAT ENGLISH ROSE ,1,20-12-2010 10:14,14.43,,United Kingdom
545011,47566,PARTY BUNTING,1,25-02-2011 13:05,4.95,13666.0,United Kingdom
547248,21843,RED RETROSPOT CAKE STAND,1,22-03-2011 09:23,20.79,,United Kingdom
541698,82486,WOOD S/3 CABINET ANT WHITE FINISH,1,20-01-2011 19:16,7.95,14713.0,United Kingdom
540647,72232,FENG SHUI PILLAR CANDLE,1,10-01-2011 14:57,0.19,17406.0,United Kingdom
540538,47422,ASSORTED MONKEY SUCTION CUP HOOK,1,09-01-2011 14:36,0.42,17841.0,United Kingdom
580500,21498,RED RETROSPOT WRAP ,25,04-12-2011 12:52,0.42,17131.0,United Kingdom
552268,21977,PACK OF 60 PINK PAISLEY CAKE CASES,24,08-05-2011 11:49,0.55,14709.0,United Kingdom
573373,21892,TRADITIONAL WOODEN CATCH CUP GAME ,2,30-10-2011 13:37,1.25,14684.0,United Kingdom
545688,22763,KEY CABINET MA CAMPAGNE,2,06-03-2011 12:42,9.95,16033.0,United Kingdom
568949,90214S,"LETTER ""S"" BLING KEY RING",1,29-09-2011 15:13,0.83,,United Kingdom
556879,22493,PAINT YOUR OWN CANVAS SET,3,15-06-2011 12:07,1.65,16461.0,United Kingdom
569229,23198,PANTRY MAGNETIC  SHOPPING LIST,3,02-10-2011 14:56,1.45,14502.0,United Kingdom
574076,22557,PLASTERS IN TIN VINTAGE PAISLEY ,1,02-11-2011 15:38,3.29,,United Kingdom
568513,23296,SET OF 6 TEA TIME BAKING CASES,8,27-09-2011 12:36,1.25,13555.0,United Kingdom
561099,22804,CANDLEHOLDER PINK HANGING HEART,1,25-07-2011 11:01,2.95,14100.0,United Kingdom
553689,84970L,SINGLE HEART ZINC T-LIGHT HOLDER,24,18-05-2011 14:07,0.79,17389.0,United Kingdom
561658,22320,BIRDS MOBILE VINTAGE DESIGN,1,28-07-2011 16:06,5.95,12743.0,Unspecified
567186,23184,BULL DOG BOTTLE OPENER,2,18-09-2011 16:04,4.95,17073.0,United Kingdom
571328,22573,STAR WOODEN CHRISTMAS DECORATION,12,17-10-2011 11:27,0.85,12473.0,Germany
544776,84997d,CHILDRENS CUTLERY POLKADOT PINK,5,23-02-2011 11:39,8.29,,United Kingdom
564838,23087,ZINC  HEART T-LIGHT HOLDER,3,30-08-2011 12:43,2.46,,United Kingdom
575930,23225,CHERUB HEART DECORATION SILVER ,5,11-11-2011 17:58,1.63,,United Kingdom
557497,20712,JUMBO BAG WOODLAND ANIMALS,1,20-06-2011 15:20,4.13,,United Kingdom
540356,22738,RIBBON REEL SNOWY VILLAGE,1,06-01-2011 15:12,2.51,,United Kingdom
565541,22398,MAGNETS PACK OF 4 SWALLOWS,4,05-09-2011 12:00,0.39,14159.0,United Kingdom
571054,23126,FELTCRAFT GIRL AMELIE KIT,1,13-10-2011 13:58,4.95,14234.0,United Kingdom
536798,21877,HOME SWEET HOME MUG,6,02-12-2010 15:55,1.25,17838.0,United Kingdom
565840,22670,FRENCH WC SIGN BLUE METAL,2,07-09-2011 12:02,2.46,,United Kingdom
543021,22030,SWALLOWS GREETING CARD,12,02-02-2011 14:36,0.42,15421.0,United Kingdom
570374,21770,OPEN CLOSED METAL SIGN,1,10-10-2011 12:34,4.95,14719.0,United Kingdom
577535,20756,GREEN FERN POCKET BOOK,1,20-11-2011 14:07,0.85,14071.0,United Kingdom
578463,23367,SET 12 COLOUR PENCILS SPACEBOY ,16,24-11-2011 12:30,0.65,12757.0,Portugal
540838,22693,GROW A FLYTRAP OR SUNFLOWER IN TIN,24,11-01-2011 15:13,1.25,13862.0,United Kingdom
543099,22699,ROSES REGENCY TEACUP AND SAUCER ,72,03-02-2011 12:00,2.55,16684.0,United Kingdom
578445,21108,FAIRY CAKE FLANNEL ASSORTED COLOUR,18,24-11-2011 12:25,0.79,15005.0,United Kingdom
539991,35443,RASTA IN BATH W SPLIFF ASHTRAY,1,23-12-2010 16:49,0.85,,United Kingdom
580727,23245,SET OF 3 REGENCY CAKE TINS,6,05-12-2011 17:17,10.79,14096.0,United Kingdom
574950,23434,3 RAFFIA RIBBONS 50'S CHRISTMAS ,9,08-11-2011 09:29,0.83,,United Kingdom
556682,22751,FELTCRAFT PRINCESS OLIVIA DOLL,4,14-06-2011 09:42,3.75,15358.0,United Kingdom
567384,21166,COOK WITH WINE METAL SIGN ,48,20-09-2011 10:23,2.41,17450.0,United Kingdom
540278,85123A,WHITE HANGING HEART T-LIGHT HOLDER,2,06-01-2011 12:31,2.95,15719.0,United Kingdom
544470,22520,CHILDS GARDEN TROWEL BLUE ,12,21-02-2011 08:38,0.85,12707.0,France
543354,84520B,PACK 20 ENGLISH ROSE PAPER NAPKINS,12,07-02-2011 13:50,0.85,13458.0,United Kingdom
570479,84997D,CHILDRENS CUTLERY POLKADOT PINK,5,10-10-2011 16:58,4.15,17589.0,United Kingdom
576538,22111,SCOTTIE DOG HOT WATER BOTTLE,1,15-11-2011 12:42,4.95,14725.0,United Kingdom
556082,20676,RED RETROSPOT BOWL,3,08-06-2011 15:22,2.46,,United Kingdom
564872,22197,POPCORN HOLDER,100,31-08-2011 10:47,0.72,16083.0,United Kingdom
566400,23171,REGENCY TEA PLATE GREEN ,12,12-09-2011 13:16,1.65,17139.0,United Kingdom
571671,23210,WHITE ROCKING HORSE HAND PAINTED,6,18-10-2011 13:15,1.25,16940.0,United Kingdom
551010,22719,GUMBALL MONOCHROME COAT RACK,2,26-04-2011 09:52,2.46,,United Kingdom
573564,22939,ADULT APRON APPLE DELIGHT,4,31-10-2011 13:58,4.95,16127.0,United Kingdom
580730,21704,BAG 250g SWIRLY MARBLES,1,05-12-2011 17:28,1.63,,United Kingdom
551035,22727,ALARM CLOCK BAKELIKE RED ,4,26-04-2011 11:34,3.75,15065.0,United Kingdom
C572059,21242,RED RETROSPOT PLATE ,-12,20-10-2011 12:45,1.69,17346.0,United Kingdom
572675,23319,BOX OF 6 MINI 50'S CRACKERS,2,25-10-2011 13:20,2.49,17917.0,United Kingdom
566912,22077,6 RIBBONS RUSTIC CHARM,12,15-09-2011 14:05,1.95,14367.0,United Kingdom
567380,21039,RED RETROSPOT SHOPPING BAG,6,20-09-2011 10:06,2.55,12620.0,France
556108,20667,CHERRY BLOSSOM PURSE,1,08-06-2011 17:59,2.46,,United Kingdom
548893,20719,WOODLAND CHARLOTTE BAG,1,04-04-2011 15:54,1.63,,United Kingdom
537638,21846,PINK DIAMANTE PEN IN GIFT BOX,7,07-12-2010 15:28,4.21,,United Kingdom
572881,85036C,ROSE 1 WICK MORRIS BOXED CANDLE,90,26-10-2011 13:36,0.5,12748.0,United Kingdom
567613,23358,HOT STUFF HOT WATER BOTTLE,6,21-09-2011 11:49,3.75,13908.0,United Kingdom
557263,20676,RED RETROSPOT BOWL,72,19-06-2011 11:08,1.06,14646.0,Netherlands
543629,84987,SET OF 36 TEATIME PAPER DOILIES,1,10-02-2011 15:55,3.75,,United Kingdom
568710,72586,SET OF 6 HALLOWEEN GHOST T-LIGHTS,2,28-09-2011 15:42,0.42,14649.0,United Kingdom
543277,21657,MILK BOTTLE WITH GLASS STOPPER ,2,06-02-2011 14:33,6.95,15808.0,United Kingdom
544167,21217,RED RETROSPOT ROUND CAKE TINS,1,16-02-2011 13:14,9.95,14755.0,United Kingdom
573576,22965,3 TRADITIONAl BISCUIT CUTTERS  SET,2,31-10-2011 14:09,4.13,14096.0,United Kingdom
547867,85152,HAND OVER THE CHOCOLATE   SIGN ,2,27-03-2011 13:56,2.1,13357.0,United Kingdom
540798,21094,SET/6 RED SPOTTY PAPER PLATES,6,11-01-2011 12:11,0.85,17365.0,United Kingdom
576212,23000,TRAVEL CARD WALLET TRANSPORT,24,14-11-2011 12:45,0.42,18082.0,United Kingdom
576078,23365,SET 12 COLOUR PENCILS LOVE LONDON,4,13-11-2011 16:22,0.65,14432.0,United Kingdom
539434,20682,RED RETROSPOT CHILDRENS UMBRELLA,1,17-12-2010 14:41,6.77,,United Kingdom
563585,22501,PICNIC BASKET WICKER LARGE,2,17-08-2011 17:01,9.95,17070.0,United Kingdom
579527,21810,CHRISTMAS HANGING STAR WITH BELL,48,30-11-2011 08:43,0.39,18210.0,United Kingdom
541104,90125C,TURQUOISE BERTIE GLASS BEAD CHARM,1,13-01-2011 14:29,1.63,,United Kingdom
576321,23215,JINGLE BELL HEART ANTIQUE SILVER,1,14-11-2011 14:59,2.08,14953.0,United Kingdom
563404,22630,DOLLY GIRL LUNCH BOX,12,16-08-2011 11:04,1.95,16303.0,United Kingdom
537666,22963,JAM JAR WITH GREEN LID,1,07-12-2010 18:36,1.66,,United Kingdom
546388,22081,RIBBON REEL FLORA + FAUNA ,1,11-03-2011 13:42,3.29,,United Kingdom
547498,22248,DECORATION  PINK CHICK MAGIC GARDEN,1,23-03-2011 12:24,0.85,15021.0,United Kingdom
575914,22867,HAND WARMER BIRD DESIGN,12,11-11-2011 16:31,2.1,17071.0,United Kingdom
569243,21524,DOORMAT SPOTTY HOME SWEET HOME,2,03-10-2011 09:44,8.25,13344.0,United Kingdom
557279,22925,BLUE GIANT GARDEN THERMOMETER,6,19-06-2011 12:10,5.95,18077.0,United Kingdom
560398,21563,RED HEART SHAPE LOVE BUCKET ,12,18-07-2011 14:10,2.95,12731.0,France
562716,20725,LUNCH BAG RED RETROSPOT,20,08-08-2011 15:35,1.65,14257.0,United Kingdom
567200,21989,PACK OF 20 SKULL PAPER NAPKINS,12,19-09-2011 10:15,0.85,16460.0,United Kingdom
577230,23365,SET 12 COLOUR PENCILS LOVE LONDON,48,18-11-2011 12:08,0.65,18034.0,United Kingdom
554993,22898,CHILDRENS APRON APPLES DESIGN,2,29-05-2011 14:13,1.95,17051.0,United Kingdom
545667,84625A,PINK NEW BAROQUECANDLESTICK CANDLE,1,04-03-2011 16:07,5.79,,United Kingdom
567128,21466,RED FLOWER CROCHET FOOD COVER,2,16-09-2011 14:04,3.75,18055.0,United Kingdom
561231,47566,PARTY BUNTING,8,26-07-2011 10:20,4.95,15855.0,United Kingdom
C540417,22197,SMALL POPCORN HOLDER,-10,07-01-2011 10:56,0.85,13680.0,United Kingdom
541596,22271,FELTCRAFT DOLL ROSIE,2,19-01-2011 16:18,2.95,17602.0,United Kingdom
562104,23168,CLASSIC CAFE SUGAR DISPENSER,11,02-08-2011 14:31,3.29,,United Kingdom
565207,22508,DOORSTOP RETROSPOT HEART,2,01-09-2011 16:46,3.75,16764.0,United Kingdom
573879,23462,ROCOCO WALL MIRROR WHITE,1,01-11-2011 13:21,19.95,15039.0,United Kingdom
537224,21481,FAWN BLUE HOT WATER BOTTLE,2,05-12-2010 16:24,2.95,13174.0,United Kingdom
576590,23311,VINTAGE CHRISTMAS STOCKING ,6,15-11-2011 14:30,2.55,16240.0,United Kingdom
553889,22430,ENAMEL WATERING CAN CREAM,4,19-05-2011 16:31,4.95,13405.0,United Kingdom
558485,23084,RABBIT NIGHT LIGHT,1,30-06-2011 10:11,2.08,,United Kingdom
540288,22485,SET OF 2 WOODEN MARKET CRATES,1,06-01-2011 12:45,12.75,17634.0,United Kingdom
559163,23286,BLUE VINTAGE SPOT BEAKER,2,06-07-2011 16:33,1.63,,United Kingdom
557805,23165,LARGE CERAMIC TOP STORAGE JAR,12,23-06-2011 10:27,1.65,17651.0,United Kingdom
566303,17136A,BLUE STONES ON WIRE FOR CANDLE,24,12-09-2011 08:24,0.08,12997.0,United Kingdom
556507,22554,PLASTERS IN TIN WOODLAND ANIMALS,12,13-06-2011 09:55,1.65,12567.0,France
577695,37489D,PINK/GREEN FLOWER DESIGN BIG MUG,4,21-11-2011 11:55,0.39,15645.0,United Kingdom
543653,22174,PHOTO CUBE,1,11-02-2011 10:26,1.65,14796.0,United Kingdom
562933,22697,GREEN REGENCY TEACUP AND SAUCER,1,10-08-2011 16:51,5.79,,United Kingdom
546017,35971,ROSE FOLKART HEART DECORATIONS,6,08-03-2011 17:23,1.25,14507.0,United Kingdom
563444,20654,FIRST CLASS LUGGAGE TAG ,4,16-08-2011 13:50,1.25,16033.0,United Kingdom
551005,85099B,JUMBO BAG RED RETROSPOT,3,26-04-2011 09:48,4.13,,United Kingdom
576246,22086,PAPER CHAIN KIT 50'S CHRISTMAS ,4,14-11-2011 13:42,2.95,17566.0,United Kingdom
538354,85230F,JASMINE VOTIVE CANDLE,24,10-12-2010 15:45,0.29,16873.0,United Kingdom
537864,22966,GINGERBREAD MAN COOKIE CUTTER,12,08-12-2010 16:34,1.25,16700.0,United Kingdom
570676,35970,ZINC FOLKART SLEIGH BELLS,12,11-10-2011 15:10,1.69,14640.0,United Kingdom
569030,22365,DOORMAT RESPECTABLE HOUSE,40,30-09-2011 10:27,8.0,17450.0,United Kingdom
549721,22180,RETROSPOT LAMP,4,11-04-2011 15:35,9.95,14911.0,EIRE
552958,23284,DOORMAT KEEP CALM AND COME IN,10,12-05-2011 12:49,6.75,15498.0,United Kingdom
560938,22549,PICTURE DOMINOES,3,22-07-2011 11:16,2.46,,United Kingdom
553834,23173,REGENCY TEAPOT ROSES ,8,19-05-2011 11:47,9.95,15189.0,United Kingdom
539472,20618,QUEEN OF THE SKIES PASSPORT COVER ,1,19-12-2010 14:23,2.1,15581.0,United Kingdom
569669,23131,MISTLETOE HEART WREATH CREAM,1,05-10-2011 13:47,4.15,14730.0,United Kingdom
555094,22329,ROUND CONTAINER SET OF 5 RETROSPOT,12,31-05-2011 13:17,1.65,13398.0,United Kingdom
570410,22930,BAKING MOULD HEART MILK CHOCOLATE,1,10-10-2011 13:04,2.55,16776.0,United Kingdom
549578,21175,GIN + TONIC DIET METAL SIGN,12,11-04-2011 08:49,2.55,17340.0,United Kingdom
557957,22630,DOLLY GIRL LUNCH BOX,2,23-06-2011 19:20,1.95,13969.0,United Kingdom
551269,22382,LUNCH BAG SPACEBOY DESIGN ,10,27-04-2011 12:21,1.65,12840.0,United Kingdom
550953,72598,SET/12 TAPER CANDLES,2,21-04-2011 16:17,1.63,,United Kingdom
560926,22219,LOVEBIRD HANGING DECORATION WHITE ,2,22-07-2011 09:20,1.63,,United Kingdom
572553,23322,LARGE WHITE HEART OF WICKER,4,24-10-2011 17:09,5.79,,United Kingdom
558614,22481,BLACK TEA TOWEL CLASSIC DESIGN,1,30-06-2011 15:56,0.83,,United Kingdom
556408,22549,PICTURE DOMINOES,1,10-06-2011 11:54,1.45,13533.0,United Kingdom
568719,22617,BAKING SET SPACEBOY DESIGN,1,28-09-2011 16:19,10.79,,United Kingdom
580536,21731,RED TOADSTOOL LED NIGHT LIGHT,12,04-12-2011 16:07,1.65,12490.0,France
578103,22727,ALARM CLOCK BAKELIKE RED ,4,23-11-2011 08:42,3.75,17554.0,United Kingdom
541827,21442,GREEN BIRDHOUSE DECORATION,17,21-01-2011 17:05,1.63,,United Kingdom
546917,21576,LETS GO SHOPPING COTTON TOTE BAG,6,18-03-2011 09:17,2.25,14911.0,EIRE
C548463,82483,WOOD 2 DRAWER CABINET WHITE FINISH,-18,31-03-2011 12:11,5.95,13225.0,United Kingdom
540469,20972,PINK CREAM FELT CRAFT TRINKET BOX ,3,07-01-2011 14:04,1.25,12484.0,Spain
570091,22591,CARDHOLDER GINGHAM CHRISTMAS TREE,6,07-10-2011 11:47,3.25,15632.0,United Kingdom
578116,21519,GIN & TONIC DIET GREETING CARD ,12,23-11-2011 09:51,0.42,13078.0,United Kingdom
540821,84968A,SET OF 16 VINTAGE ROSE CUTLERY,4,11-01-2011 13:16,8.47,,United Kingdom
565857,21216,"SET 3 RETROSPOT TEA,COFFEE,SUGAR",4,07-09-2011 14:13,4.95,14911.0,EIRE
556503,15056BL,EDWARDIAN PARASOL BLACK,3,13-06-2011 08:44,5.95,13517.0,United Kingdom
550912,21754,HOME BUILDING BLOCK WORD,3,21-04-2011 13:17,5.95,13267.0,United Kingdom
545661,20971,PINK BLUE FELT CRAFT TRINKET BOX,12,04-03-2011 14:41,1.25,15358.0,United Kingdom
554827,22908,PACK OF 20 NAPKINS RED APPLES,96,26-05-2011 15:19,0.72,14646.0,Netherlands
537666,22311,OFFICE MUG WARMER BLACK+SILVER ,1,07-12-2010 18:36,5.91,,United Kingdom
537240,22536,MAGIC DRAWING SLATE PURDEY,1,06-12-2010 10:08,0.85,,United Kingdom
581256,23357,HOT WATER BOTTLE SEX BOMB,1,08-12-2011 11:21,5.79,,United Kingdom
566605,23393,HOME SWEET HOME CUSHION COVER ,2,13-09-2011 16:27,3.75,13263.0,United Kingdom
570818,23266,SET OF 3 WOODEN STOCKING DECORATION,4,12-10-2011 12:47,1.25,17841.0,United Kingdom
575040,22730,ALARM CLOCK BAKELIKE IVORY,4,08-11-2011 11:58,3.75,13381.0,United Kingdom
571304,23348,CHILDRENS TOY COOKING UTENSIL SET,6,17-10-2011 09:37,2.08,12526.0,Germany
537859,22797,CHEST OF DRAWERS GINGHAM HEART ,1,08-12-2010 16:11,16.95,14030.0,United Kingdom
544398,85188A,GREEN METAL SWINGING BUNNY,4,18-02-2011 12:27,0.85,15311.0,United Kingdom
577809,22666,RECIPE BOX PANTRY YELLOW DESIGN,6,22-11-2011 08:34,2.95,12584.0,Italy
542059,22030,SWALLOWS GREETING CARD,12,25-01-2011 11:59,0.42,16757.0,United Kingdom
572090,23399,HOME SWEET HOME HANGING HEART,12,20-10-2011 14:33,0.85,13573.0,United Kingdom
544472,22957,SET 3 PAPER VINTAGE CHICK PAPER EGG,6,21-02-2011 09:09,2.95,15129.0,United Kingdom
562934,22698,PINK REGENCY TEACUP AND SAUCER,2,10-08-2011 16:56,5.79,,United Kingdom
564539,85099B,JUMBO BAG RED RETROSPOT,10,25-08-2011 15:22,2.08,12715.0,Sweden
564850,22189,CREAM HEART CARD HOLDER,2,30-08-2011 16:43,3.95,17298.0,United Kingdom
541410,47566B,TEA TIME PARTY BUNTING,5,17-01-2011 16:06,4.65,13089.0,United Kingdom
561465,22869,NUMBER TILE COTTAGE GARDEN 1,1,27-07-2011 12:45,1.95,16447.0,United Kingdom
543652,20676,RED RETROSPOT BOWL,8,11-02-2011 10:15,1.25,15544.0,United Kingdom
542794,85131A,BEADED PEARL HEART WHITE ON STICK,2,01-02-2011 10:56,0.83,,United Kingdom
566971,23199,JUMBO BAG APPLES,10,16-09-2011 09:03,2.08,12963.0,United Kingdom
578344,23355,HOT WATER BOTTLE KEEP CALM,1,24-11-2011 09:21,10.79,,United Kingdom
552325,23204,CHARLOTTE BAG APPLES DESIGN,20,09-05-2011 09:47,0.85,12490.0,France
565231,20979,36 PENCILS TUBE RED RETROSPOT,1,02-09-2011 09:26,2.46,,United Kingdom
551136,21530,DAIRY MAID TOASTRACK,18,26-04-2011 13:05,0.79,15301.0,United Kingdom
555158,23172,REGENCY TEA PLATE PINK,12,01-06-2011 08:38,1.65,14842.0,United Kingdom
553912,22962,JAM JAR WITH PINK LID,12,19-05-2011 19:32,0.85,15122.0,United Kingdom
552684,22381,TOY TIDY PINK POLKADOT,1,10-05-2011 15:09,4.96,,United Kingdom
581006,23495,SET OF 3 PANTRY WOODEN SPOONS,12,07-12-2011 08:45,1.25,14911.0,EIRE
563580,22530,MAGIC DRAWING SLATE DOLLY GIRL ,1,17-08-2011 15:53,0.42,16706.0,United Kingdom
563557,22907,PACK OF 20 NAPKINS PANTRY DESIGN,12,17-08-2011 13:33,0.85,15786.0,United Kingdom
571797,22328,ROUND SNACK BOXES SET OF 4 FRUITS ,2,19-10-2011 11:41,4.13,,United Kingdom
576634,23482,PEARLISED IVORY HEART LARGE ,24,16-11-2011 09:28,1.65,13297.0,United Kingdom
573305,22513,DOORSTOP FOOTBALL DESIGN,2,28-10-2011 16:13,3.75,17837.0,United Kingdom
556927,20685,DOORMAT RED RETROSPOT,50,15-06-2011 14:47,6.75,14156.0,EIRE
545830,22244,3 HOOK HANGER MAGIC GARDEN,2,07-03-2011 13:10,1.95,17634.0,United Kingdom
550500,82482,WOODEN PICTURE FRAME WHITE FINISH,2,18-04-2011 15:26,4.96,,United Kingdom
542998,84378,SET OF 3 HEART COOKIE CUTTERS,2,02-02-2011 12:16,3.29,,United Kingdom
541265,85025C,PINK HEART SHAPE PHOTO FRAME,1,16-01-2011 16:23,1.65,17609.0,United Kingdom
544790,21060,PARTY INVITES BALLOON GIRL,2,23-02-2011 12:27,0.85,16940.0,United Kingdom
571274,21287,SCENTED VELVET LOUNGE CANDLE ,12,16-10-2011 12:25,0.38,16934.0,United Kingdom
544598,20713,JUMBO BAG OWLS,1,21-02-2011 18:10,4.13,,United Kingdom
544338,22644,CERAMIC CHERRY CAKE MONEY BANK,24,18-02-2011 08:47,1.45,12852.0,United Kingdom
580875,22067,CHOC TRUFFLE GOLD TRINKET POT ,36,06-12-2011 12:11,0.39,17744.0,United Kingdom
565541,23347,I LOVE LONDON BEAKER,3,05-09-2011 12:00,1.25,14159.0,United Kingdom
541493,20718,RED RETROSPOT SHOPPER BAG,6,18-01-2011 14:29,3.29,,United Kingdom
555560,37342,POLKADOT COFFEE CUP & SAUCER PINK,2,05-06-2011 14:20,0.79,17346.0,United Kingdom
550513,22431,WATERING CAN BLUE ELEPHANT,3,18-04-2011 16:37,1.95,16928.0,United Kingdom
558459,22355,CHARLOTTE BAG SUKI DESIGN,3,29-06-2011 14:20,0.85,15334.0,United Kingdom
571429,20984,12 PENCILS TALL TUBE POSY,1,17-10-2011 12:50,0.29,15335.0,United Kingdom
570983,23501,KEY RING BASEBALL BOOT UNION JACK,40,13-10-2011 11:57,1.25,14963.0,United Kingdom
552888,22328,ROUND SNACK BOXES SET OF 4 FRUITS ,96,12-05-2011 10:23,2.55,15061.0,United Kingdom
541130,21876,POTTERING MUG,2,14-01-2011 10:15,3.29,,United Kingdom
562049,22113,GREY HEART HOT WATER BOTTLE,8,02-08-2011 11:33,3.75,14133.0,United Kingdom
536632,79066K,RETRO MOD TRAY,10,02-12-2010 11:02,0.85,14388.0,United Kingdom
552508,23150,IVORY SWEETHEART SOAP DISH,1,09-05-2011 16:27,4.96,,United Kingdom
580367,22817,CARD SUKI BIRTHDAY,9,02-12-2011 16:39,0.42,,United Kingdom
568567,DOT,DOTCOM POSTAGE,1,27-09-2011 18:41,227.99,,United Kingdom
567850,79321,CHILLI LIGHTS,4,22-09-2011 13:18,5.75,15067.0,United Kingdom
550476,84997B,CHILDRENS CUTLERY RETROSPOT RED ,12,18-04-2011 14:00,3.39,15769.0,United Kingdom
577057,21306,SET/4 DAISY MIRROR MAGNETS,1,17-11-2011 14:26,0.29,12748.0,United Kingdom
538349,84685,BEACH HUT KEY CABINET,2,10-12-2010 14:59,7.62,,United Kingdom
549743,22821,GIFT BAG PSYCHEDELIC APPLES,12,12-04-2011 10:05,0.65,16186.0,United Kingdom
566451,23311,VINTAGE CHRISTMAS STOCKING ,2,12-09-2011 16:14,2.55,18069.0,United Kingdom
555278,90214S,"LETTER ""S"" BLING KEY RING",1,01-06-2011 17:33,0.83,,United Kingdom
580148,22629,SPACEBOY LUNCH BOX ,1,02-12-2011 10:08,2.46,,United Kingdom
563844,22469,HEART OF WICKER SMALL,12,19-08-2011 14:04,1.65,17725.0,United Kingdom
540551,22162,HEART GARLAND RUSTIC PADDED,3,10-01-2011 09:43,3.36,,United Kingdom
541104,21026,SPACE OWL,1,13-01-2011 14:29,0.83,,United Kingdom
579146,22734,SET OF 6 RIBBONS VINTAGE CHRISTMAS,5,28-11-2011 13:14,2.89,16347.0,United Kingdom
561797,20726,LUNCH BAG WOODLAND,30,29-07-2011 13:37,1.65,13178.0,United Kingdom
580730,20728,LUNCH BAG CARS BLUE,3,05-12-2011 17:28,4.13,,United Kingdom
566171,20725,LUNCH BAG RED RETROSPOT,2,09-09-2011 12:22,1.65,18118.0,United Kingdom
559055,20712,JUMBO BAG WOODLAND ANIMALS,1,05-07-2011 17:09,4.13,,United Kingdom
569530,16225,RATTLE SNAKE EGGS,1,04-10-2011 14:58,1.25,17957.0,United Kingdom
552978,22354,RETROSPOT PADDED SEAT CUSHION,60,12-05-2011 14:46,3.39,12590.0,Germany
555853,82583,HOT BATHS METAL SIGN,2,07-06-2011 13:44,2.1,14375.0,United Kingdom
C566745,22065,CHRISTMAS PUDDING TRINKET POT ,-3,14-09-2011 15:15,1.45,16150.0,United Kingdom
559167,23172,REGENCY TEA PLATE PINK,48,06-07-2011 16:54,1.45,17997.0,United Kingdom
575965,23371,SET 36 COLOUR PENCILS SPACEBOY ,16,13-11-2011 12:32,1.25,13426.0,United Kingdom
547666,22759,SET OF 3 NOTEBOOKS IN PARCEL,24,24-03-2011 13:23,1.65,14235.0,United Kingdom
547833,22595,GINGHAM HEART DECORATION,12,25-03-2011 17:34,0.85,16780.0,United Kingdom
580137,23103,JINGLE BELL HEART DECORATION,24,01-12-2011 19:54,1.65,17566.0,United Kingdom
540998,22285,HANGING HEN ON NEST DECORATION,24,13-01-2011 10:04,1.65,15290.0,United Kingdom
580964,23114,VINTAGE LEAF CHOPPING BOARD  ,2,06-12-2011 14:50,4.95,15822.0,United Kingdom
575842,22577,WOODEN HEART CHRISTMAS SCANDINAVIAN,10,11-11-2011 12:01,0.29,15024.0,United Kingdom
559338,23193,BUFFALO BILL TREASURE BOOK BOX,1,07-07-2011 16:30,4.58,,United Kingdom
539750,21485,RETROSPOT HEART HOT WATER BOTTLE,6,21-12-2010 15:40,7.62,,United Kingdom
564429,22610,PENS ASSORTED FUNNY FACE,36,25-08-2011 11:31,0.19,16638.0,United Kingdom
581219,23175,REGENCY MILK JUG PINK ,2,08-12-2011 09:28,7.46,,United Kingdom
537823,22851,SET 20 NAPKINS FAIRY CAKES DESIGN ,2,08-12-2010 14:25,1.66,,United Kingdom
545217,35915B,BLUE KNITTED HEN ,1,28-02-2011 16:59,0.83,,United Kingdom
566591,17084A,TRANQUILITY MASALA INCENSE,25,13-09-2011 14:53,0.21,16036.0,United Kingdom
557937,22329,ROUND CONTAINER SET OF 5 RETROSPOT,1,23-06-2011 15:30,3.29,,United Kingdom
552239,23201,JUMBO BAG ALPHABET,1,06-05-2011 16:54,2.08,14056.0,United Kingdom
539595,22502,PICNIC BASKET WICKER SMALL,1,20-12-2010 13:43,8.47,,United Kingdom
559801,22107,PIZZA PLATE IN BOX,1,12-07-2011 13:46,7.46,,United Kingdom
575854,85230B,CINNAMON SCENTED VOTIVE CANDLE,24,11-11-2011 12:20,0.29,14125.0,United Kingdom
539471,21985,PACK OF 12 HEARTS DESIGN TISSUES ,12,19-12-2010 14:16,0.29,17358.0,United Kingdom
562933,22310,IVORY KNITTED MUG COSY ,1,10-08-2011 16:51,3.29,,United Kingdom
553167,22074,6 RIBBONS SHIMMERING PINKS ,1,13-05-2011 16:19,2.46,,United Kingdom
537144,35953,FOLKART STAR CHRISTMAS DECORATIONS,24,05-12-2010 13:00,1.25,15880.0,United Kingdom
572540,23201,JUMBO BAG ALPHABET,4,24-10-2011 16:17,4.13,,United Kingdom
550352,22179,SET 10 LIGHTS NIGHT OWL,1,18-04-2011 10:21,6.75,16719.0,United Kingdom
C563606,22846,BREAD BIN DINER STYLE RED ,-1,18-08-2011 06:30,16.95,13925.0,United Kingdom
568160,22336,DOVE DECORATION PAINTED ZINC ,96,25-09-2011 12:25,0.19,17498.0,United Kingdom
566577,22430,ENAMEL WATERING CAN CREAM,2,13-09-2011 13:29,9.96,,United Kingdom
566599,23331,DECORATIVE WICKER HEART SMALL,2,13-09-2011 15:37,0.63,15998.0,United Kingdom
568170,22725,ALARM CLOCK BAKELIKE CHOCOLATE,1,25-09-2011 13:08,3.75,16931.0,United Kingdom
550471,22963,JAM JAR WITH GREEN LID,1,18-04-2011 13:52,1.63,,United Kingdom
579002,23289,DOLLY GIRL CHILDRENS BOWL,4,27-11-2011 16:27,1.25,14093.0,United Kingdom
540977,22576,SWALLOW WOODEN CHRISTMAS DECORATION,1,12-01-2011 15:01,1.66,,United Kingdom
579529,21936,RED RETROSPOT PICNIC BAG,5,30-11-2011 08:50,2.95,12488.0,France
561911,22082,RIBBON REEL STRIPES DESIGN ,10,01-08-2011 10:26,1.65,12534.0,Germany
550470,20733,GOLD MINI TAPE MEASURE ,3,18-04-2011 13:49,0.83,,United Kingdom
568346,22665,RECIPE BOX BLUE SKETCHBOOK DESIGN,1,26-09-2011 15:28,5.79,14096.0,United Kingdom
561894,23146,TRIPLE HOOK ANTIQUE IVORY ROSE,1,31-07-2011 15:00,3.29,14456.0,United Kingdom
553182,84836,ZINC METAL HEART DECORATION,12,15-05-2011 12:21,1.25,17107.0,United Kingdom
539214,22926,IVORY GIANT GARDEN THERMOMETER,2,16-12-2010 12:31,5.95,17062.0,United Kingdom
544150,22180,RETROSPOT LAMP,1,16-02-2011 11:59,9.95,14180.0,United Kingdom
549989,21730,GLASS STAR FROSTED T-LIGHT HOLDER,4,13-04-2011 16:58,4.95,13221.0,United Kingdom
539451,22949,36 DOILIES DOLLY GIRL,1,17-12-2010 16:59,2.98,,United Kingdom
571508,20996,JAZZ HEARTS ADDRESS BOOK,2,17-10-2011 15:27,0.83,,United Kingdom
C560880,22977,DOLLY GIRL CHILDRENS EGG CUP,-1,21-07-2011 15:39,1.25,15152.0,United Kingdom
539737,21411,GINGHAM HEART  DOORSTOP RED,1,21-12-2010 15:19,8.47,,United Kingdom
561217,21218,RED SPOTTY BISCUIT TIN,2,25-07-2011 17:09,8.29,,United Kingdom
569977,23534,WALL ART STOP FOR TEA ,4,06-10-2011 19:27,5.95,14702.0,United Kingdom
564818,23308,SET OF 60 VINTAGE LEAF CAKE CASES ,1,30-08-2011 12:10,1.25,,United Kingdom
552655,22789,T-LIGHT HOLDER SWEETHEART HANGING,2,10-05-2011 14:22,1.95,14587.0,United Kingdom
553890,22791,T-LIGHT GLASS FLUTED ANTIQUE,10,19-05-2011 16:32,2.46,,United Kingdom
548894,21774,DECORATIVE CATS BATHROOM BOTTLE,1,04-04-2011 16:01,2.46,,United Kingdom
564300,22984,CARD GINGHAM ROSE ,12,24-08-2011 11:31,0.42,16723.0,United Kingdom
573601,23199,JUMBO BAG APPLES,4,31-10-2011 15:24,4.13,,United Kingdom
579512,22818,CARD CHRISTMAS VILLAGE,5,29-11-2011 16:47,0.42,,United Kingdom
544484,22379,RECYCLING BAG RETROSPOT ,50,21-02-2011 11:10,1.85,15321.0,United Kingdom
549966,22032,BOTANICAL LILY GREETING CARD,12,13-04-2011 14:17,0.42,16224.0,United Kingdom
550899,22955,36 FOIL STAR CAKE CASES ,6,21-04-2011 12:07,2.1,13505.0,Switzerland
569695,85183A,CHARLIE & LOLA WASTEPAPER BIN BLUE,12,05-10-2011 15:35,1.25,16843.0,United Kingdom
567183,23342,MINT DINER WALL CLOCK,1,18-09-2011 15:32,8.5,14769.0,United Kingdom
542931,22892,SET OF SALT AND PEPPER TOADSTOOLS,12,02-02-2011 10:46,1.25,15589.0,United Kingdom
570793,23407,SET OF 2 TRAYS HOME SWEET HOME,2,12-10-2011 12:08,9.95,12444.0,Norway
567213,22141,CHRISTMAS CRAFT TREE TOP ANGEL,1,19-09-2011 11:04,2.1,14684.0,United Kingdom
566202,23412,HEART MIRROR ANTIQUE WHITE,4,09-09-2011 14:22,7.5,15652.0,United Kingdom
C569993,23328,SET 6 SCHOOL MILK BOTTLES IN CRATE,-4,06-10-2011 20:28,3.75,17633.0,United Kingdom
544214,22549,PICTURE DOMINOES,3,17-02-2011 11:19,2.46,,United Kingdom
548703,21985,PACK OF 12 HEARTS DESIGN TISSUES ,1,03-04-2011 11:37,0.29,16010.0,United Kingdom
551584,22925,BLUE GIANT GARDEN THERMOMETER,2,03-05-2011 11:22,5.95,15620.0,United Kingdom
564356,23241,TREASURE TIN GYMKHANA DESIGN,6,24-08-2011 15:47,2.08,13969.0,United Kingdom
571203,21213,PACK OF 72 SKULL CAKE CASES,24,14-10-2011 12:33,0.55,17677.0,United Kingdom
575165,23566,EGG CUP MILKMAID HEIDI,12,08-11-2011 17:05,1.25,14342.0,United Kingdom
567462,70007,HI TEC ALPINE HAND WARMER,1,20-09-2011 12:35,1.65,14446.0,United Kingdom
560281,23293,SET OF 12 FAIRY CAKE BAKING CASES,1,17-07-2011 15:59,0.83,17984.0,United Kingdom
571706,20712,JUMBO BAG WOODLAND ANIMALS,10,18-10-2011 15:26,2.08,15144.0,United Kingdom
568207,35970,ZINC FOLKART SLEIGH BELLS,12,25-09-2011 15:34,1.69,15150.0,United Kingdom
573020,22909,SET OF 20 VINTAGE CHRISTMAS NAPKINS,12,27-10-2011 12:37,0.85,14842.0,United Kingdom
541493,21989,PACK OF 20 SKULL PAPER NAPKINS,3,18-01-2011 14:29,1.63,,United Kingdom
579512,20711,JUMBO BAG TOYS ,1,29-11-2011 16:47,4.13,,United Kingdom
546387,22965,3 TRADITIONAl BISCUIT CUTTERS  SET,12,11-03-2011 13:34,2.1,16766.0,United Kingdom
551173,85093,CANDY SPOT EGG WARMER HARE,1,26-04-2011 16:54,0.83,,United Kingdom
543036,22132,RED LOVE HEART SHAPE CUP,6,02-02-2011 15:57,0.85,17223.0,United Kingdom
560186,84527,FLAMES SUNGLASSES PINK LENSES,1,15-07-2011 11:57,1.95,17266.0,United Kingdom
539437,47559B,TEA TIME OVEN GLOVE,1,17-12-2010 14:54,2.51,,United Kingdom
569545,22620,4 TRADITIONAL SPINNING TOPS,1,04-10-2011 16:37,2.46,,United Kingdom
566296,84792,ENCHANTED BIRD COATHANGER 5 HOOK,2,11-09-2011 15:47,4.65,17841.0,United Kingdom
563217,20718,RED RETROSPOT SHOPPER BAG,10,14-08-2011 13:21,1.25,13515.0,United Kingdom
577490,22735,RIBBON REEL SOCKS AND MITTENS,1,20-11-2011 12:11,1.65,16464.0,United Kingdom
550290,22570,FELTCRAFT CUSHION RABBIT,4,15-04-2011 14:45,3.75,15246.0,United Kingdom
546843,21383,PACK OF 12 STICKY BUNNIES,12,17-03-2011 12:40,0.65,12472.0,Germany
570841,21039,RED RETROSPOT SHOPPING BAG,12,12-10-2011 14:18,2.55,12553.0,France
567793,22894,TABLECLOTH RED APPLES DESIGN ,2,22-09-2011 11:40,9.95,12657.0,France
568721,37327,ASSTD MULTICOLOUR CIRCLES MUG,6,28-09-2011 16:24,0.97,,United Kingdom
576617,23193,BUFFALO BILL TREASURE BOOK BOX,1,15-11-2011 16:57,4.58,,United Kingdom
568173,16161P,WRAP ENGLISH ROSE ,25,25-09-2011 13:16,0.42,16187.0,United Kingdom
558077,22740,POLKADOT PEN,96,26-06-2011 10:59,0.85,13408.0,United Kingdom
572306,22112,CHOCOLATE HOT WATER BOTTLE,2,23-10-2011 15:11,4.95,17841.0,United Kingdom
565967,22556,PLASTERS IN TIN CIRCUS PARADE ,12,08-09-2011 11:27,1.65,14646.0,Netherlands
559796,22041,"RECORD FRAME 7"" SINGLE SIZE ",3,12-07-2011 13:30,4.96,,United Kingdom
576329,21900,"KEY FOB , SHED",2,14-11-2011 15:22,1.63,,United Kingdom
561320,20984,12 PENCILS TALL TUBE POSY,1,26-07-2011 12:57,0.29,16942.0,United Kingdom
561197,20751,FUNKY WASHING UP GLOVES ASSORTED,4,25-07-2011 14:35,2.1,16364.0,United Kingdom
569132,21889,WOODEN BOX OF DOMINOES,6,30-09-2011 13:54,1.25,17757.0,United Kingdom
544935,84879,ASSORTED COLOUR BIRD ORNAMENT,8,25-02-2011 09:09,1.69,13870.0,United Kingdom
565432,71477,COLOUR GLASS. STAR T-LIGHT HOLDER,1,04-09-2011 13:16,3.95,16241.0,United Kingdom
566746,22598,CHRISTMAS MUSICAL ZINC TREE,24,14-09-2011 15:18,0.85,13321.0,United Kingdom
557974,84997A,CHILDRENS CUTLERY POLKADOT GREEN ,10,24-06-2011 10:31,4.15,14541.0,United Kingdom
560996,21385,IVORY HANGING DECORATION  HEART,24,22-07-2011 13:53,0.85,17625.0,United Kingdom
576828,23084,RABBIT NIGHT LIGHT,1,16-11-2011 14:36,2.08,,United Kingdom
554950,21673,WHITE SPOT BLUE CERAMIC DRAWER KNOB,12,27-05-2011 14:48,1.25,14227.0,United Kingdom
539741,20969,RED FLORAL FELTCRAFT SHOULDER BAG,1,21-12-2010 15:20,7.62,,United Kingdom
550180,15056BL,EDWARDIAN PARASOL BLACK,2,14-04-2011 17:33,5.95,14163.0,United Kingdom
564167,23206,LUNCH BAG APPLE DESIGN,20,23-08-2011 13:50,1.65,17735.0,United Kingdom
541489,21314,SMALL GLASS HEART TRINKET POT,1,18-01-2011 13:38,2.1,15023.0,United Kingdom
545053,22055,MINI CAKE STAND  HANGING STRAWBERY,1,27-02-2011 12:41,1.65,17516.0,United Kingdom
546984,37482P,CUBIC MUG PINK POLKADOT,6,18-03-2011 12:35,0.39,15019.0,United Kingdom
545568,47574A,ENGLISH ROSE SCENTED HANGING FLOWER,1,03-03-2011 16:22,2.46,,United Kingdom
540026,20728,LUNCH BAG CARS BLUE,1,04-01-2011 13:25,4.21,,United Kingdom
577084,22625,RED KITCHEN SCALES,2,17-11-2011 15:41,8.5,16626.0,United Kingdom
559665,22840,ROUND CAKE TIN VINTAGE RED,1,11-07-2011 13:35,7.95,12556.0,Spain
538370,22698,PINK REGENCY TEACUP AND SAUCER,4,12-12-2010 11:06,2.95,16923.0,United Kingdom
562980,23083,SET 6 PAPER TABLE LANTERN STARS ,6,11-08-2011 11:44,3.75,17686.0,United Kingdom
545317,21174,POTTERING IN THE SHED METAL SIGN,1,01-03-2011 14:14,4.13,,United Kingdom
569564,21390,FILIGRIS HEART WITH BUTTERFLY,24,05-10-2011 09:47,1.25,13989.0,United Kingdom
568176,23390,DOLLY GIRL MINI BACKPACK,4,25-09-2011 13:25,4.15,12685.0,France
549543,84050,PINK HEART SHAPE EGG FRYING PAN,1,10-04-2011 11:14,1.65,18118.0,United Kingdom
567095,21986,PACK OF 12 PINK POLKADOT TISSUES,24,16-09-2011 13:03,0.39,17049.0,United Kingdom
563534,22851,SET 20 NAPKINS FAIRY CAKES DESIGN ,12,17-08-2011 11:37,0.85,14323.0,United Kingdom
580729,22732,3D VINTAGE CHRISTMAS STICKERS ,4,05-12-2011 17:24,2.46,,United Kingdom
570187,23307,SET OF 60 PANTRY DESIGN CAKE CASES ,3,07-10-2011 15:09,1.25,,United Kingdom
546365,22745,POPPY'S PLAYHOUSE BEDROOM ,6,11-03-2011 11:35,2.1,12520.0,Germany
575731,22467,GUMBALL COAT RACK,1,10-11-2011 20:01,2.55,13230.0,United Kingdom
558995,22730,ALARM CLOCK BAKELIKE IVORY,4,05-07-2011 12:03,3.75,17671.0,United Kingdom
561693,23550,WRAP ALPHABET POSTER  ,25,29-07-2011 09:48,0.42,15120.0,United Kingdom
566281,22741,FUNKY DIVA PEN,48,11-09-2011 14:15,0.85,12748.0,United Kingdom
581571,21313,GLASS HEART T-LIGHT HOLDER ,1,09-12-2011 12:00,0.85,15311.0,United Kingdom
554511,47574A,ENGLISH ROSE SCENTED HANGING FLOWER,2,24-05-2011 15:52,2.46,,United Kingdom
576920,22720,SET OF 3 CAKE TINS PANTRY DESIGN ,3,17-11-2011 10:49,4.95,13871.0,United Kingdom
570488,22493,PAINT YOUR OWN CANVAS SET,1,10-10-2011 17:12,3.29,14096.0,United Kingdom
C575161,22960,JAM MAKING SET WITH JARS,-5,08-11-2011 16:25,4.25,15271.0,United Kingdom
559055,85086A,CANDY SPOT HEART DECORATION,2,05-07-2011 17:09,0.83,,United Kingdom
581476,22197,POPCORN HOLDER,100,09-12-2011 08:48,0.72,12433.0,Norway
546113,85066,CREAM SWEETHEART MINI CHEST,1,09-03-2011 13:18,12.75,14344.0,United Kingdom
560255,22635,CHILDS BREAKFAST SET DOLLY GIRL ,2,17-07-2011 13:08,9.95,16054.0,United Kingdom
539451,84459A,PINK METAL CHICKEN HEART ,1,17-12-2010 16:59,3.36,,United Kingdom
579559,23581,JUMBO BAG PAISLEY PARK,1,30-11-2011 11:30,2.08,16764.0,United Kingdom
561870,22608,PENS ASSORTED FUNKY JEWELED ,36,31-07-2011 11:45,0.19,14911.0,EIRE
542898,22796,PHOTO FRAME 3 CLASSIC HANGING,1,01-02-2011 14:01,9.95,16110.0,United Kingdom
564353,22945,CHRISTMAS METAL TAGS ASSORTED ,24,24-08-2011 15:08,0.85,15764.0,United Kingdom
540646,21803,CHRISTMAS TREE STAR DECORATION,5,10-01-2011 14:32,0.43,,United Kingdom
579143,22577,WOODEN HEART CHRISTMAS SCANDINAVIAN,24,28-11-2011 13:08,0.29,13882.0,United Kingdom
548796,85099F,JUMBO BAG STRAWBERRY,4,04-04-2011 12:42,2.08,15752.0,United Kingdom
552769,48194,DOORMAT HEARTS,1,11-05-2011 11:47,7.95,16241.0,United Kingdom
580729,23526,WALL ART DOG LICENCE ,3,05-12-2011 17:24,12.46,,United Kingdom
577506,23127,FELTCRAFT GIRL NICOLE KIT,1,20-11-2011 12:40,4.95,13212.0,United Kingdom
545073,22485,SET OF 2 WOODEN MARKET CRATES,2,28-02-2011 09:26,12.75,14036.0,United Kingdom
573185,22153,ANGEL DECORATION STARS ON DRESS,48,28-10-2011 11:34,0.42,17730.0,United Kingdom
556942,22437,SET OF 9 BLACK SKULL BALLOONS,20,15-06-2011 16:42,0.85,14222.0,United Kingdom
576321,23344,JUMBO BAG 50'S CHRISTMAS ,6,14-11-2011 14:59,2.08,14953.0,United Kingdom
540545,21181,PLEASE ONE PERSON METAL SIGN,4,09-01-2011 15:35,2.1,13451.0,United Kingdom
557598,85040A,S/4 PINK FLOWER CANDLES IN BOWL,36,21-06-2011 11:33,1.65,14667.0,United Kingdom
579572,23173,REGENCY TEAPOT ROSES ,2,30-11-2011 11:49,9.95,15394.0,United Kingdom
553521,22684,FRENCH BLUE METAL DOOR SIGN 9,2,17-05-2011 14:35,0.0,,United Kingdom
544586,22173,METAL 4 HOOK HANGER FRENCH CHATEAU,2,21-02-2011 15:04,2.95,17338.0,United Kingdom
560434,23300,GARDENERS KNEELING PAD CUP OF TEA ,1,18-07-2011 15:56,3.29,,United Kingdom
571291,22467,GUMBALL COAT RACK,2,16-10-2011 15:44,2.55,13610.0,United Kingdom
562616,23188,VINTAGE  2 METER FOLDING RULER,12,08-08-2011 12:28,1.65,14748.0,United Kingdom
565766,21908,CHOCOLATE THIS WAY METAL SIGN,1,06-09-2011 14:23,2.1,17841.0,United Kingdom
577074,20775,DAISY NOTEBOOK ,6,17-11-2011 15:04,1.65,15399.0,United Kingdom
574327,21169,YOU'RE CONFUSING ME METAL SIGN ,12,04-11-2011 09:03,1.69,13013.0,United Kingdom
571429,23333,IVORY WICKER HEART MEDIUM,5,17-10-2011 12:50,1.25,15335.0,United Kingdom
543995,22726,ALARM CLOCK BAKELIKE GREEN,12,15-02-2011 10:45,3.75,13408.0,United Kingdom
548317,16156S,WRAP PINK FAIRY CAKES ,25,30-03-2011 12:43,0.42,18179.0,United Kingdom
547498,22382,LUNCH BAG SPACEBOY DESIGN ,1,23-03-2011 12:24,1.65,15021.0,United Kingdom
570224,20719,WOODLAND CHARLOTTE BAG,3,09-10-2011 13:15,0.85,16931.0,United Kingdom
574239,22962,JAM JAR WITH PINK LID,12,03-11-2011 12:43,0.85,14849.0,United Kingdom
555322,85099B,JUMBO BAG RED RETROSPOT,1,02-06-2011 11:01,4.13,,United Kingdom
563565,23168,CLASSIC CAFE SUGAR DISPENSER,3,17-08-2011 14:22,1.25,17338.0,United Kingdom
547650,21922,UNION STRIPE WITH FRINGE  HAMMOCK,2,24-03-2011 12:08,7.95,17059.0,United Kingdom
C546128,22726,ALARM CLOCK BAKELIKE GREEN,-1,09-03-2011 15:05,3.75,15622.0,United Kingdom
540418,85116,BLACK CANDELABRA T-LIGHT HOLDER,8,07-01-2011 11:04,1.66,,United Kingdom
542624,21890,S/6 WOODEN SKITTLES IN COTTON BAG,1,31-01-2011 09:48,5.79,,United Kingdom
556128,23167,SMALL CERAMIC TOP STORAGE JAR ,12,09-06-2011 10:31,0.83,13038.0,United Kingdom
571054,23517,EMBROIDERED RIBBON REEL REBECCA ,1,13-10-2011 13:58,2.89,14234.0,United Kingdom
545851,22295,HEART FILIGREE DOVE LARGE,1,07-03-2011 13:45,1.65,15026.0,United Kingdom
569374,23411, TRELLIS COAT RACK,1,03-10-2011 16:14,10.79,,United Kingdom
558086,22364,GLASS JAR DIGESTIVE BISCUITS,1,26-06-2011 11:59,2.95,16728.0,United Kingdom
560845,22925,BLUE GIANT GARDEN THERMOMETER,2,21-07-2011 12:29,5.95,15570.0,United Kingdom
562933,22295,HEART FILIGREE DOVE LARGE,1,10-08-2011 16:51,3.29,,United Kingdom
568567,23188,VINTAGE  2 METER FOLDING RULER,1,27-09-2011 18:41,3.29,,United Kingdom
557278,22718,CARD CAT AND TREE ,12,19-06-2011 12:08,0.42,13089.0,United Kingdom
542862,22497,SET OF 2 TINS VINTAGE BATHROOM ,1,01-02-2011 11:51,4.25,14606.0,United Kingdom
546980,22411,JUMBO SHOPPER VINTAGE RED PAISLEY,10,18-03-2011 12:18,1.95,13591.0,United Kingdom
C562139,84978,HANGING HEART JAR T-LIGHT HOLDER,-1,03-08-2011 10:10,1.25,12921.0,United Kingdom
566561,23551,PACK OF 12 PAISLEY PARK TISSUES ,24,13-09-2011 12:13,0.39,18145.0,United Kingdom
548327,21730,GLASS STAR FROSTED T-LIGHT HOLDER,2,30-03-2011 13:05,4.95,16788.0,United Kingdom
562846,84692,BOX OF 24 COCKTAIL PARASOLS,25,10-08-2011 09:29,1.63,,United Kingdom
568650,85017B,ENVELOPE 50 BLOSSOM IMAGES,12,28-09-2011 11:56,0.42,13505.0,Switzerland
570872,21791,VINTAGE HEADS AND TAILS CARD GAME ,1,12-10-2011 16:40,2.46,,United Kingdom
546884,22295,HEART FILIGREE DOVE LARGE,1,17-03-2011 18:08,3.29,,United Kingdom
566737,22621,TRADITIONAL KNITTING NANCY,12,14-09-2011 14:26,1.65,13430.0,United Kingdom
554285,22501,PICNIC BASKET WICKER LARGE,1,23-05-2011 14:15,20.79,,United Kingdom
540540,22443,GROW YOUR OWN HERBS SET OF 3,3,09-01-2011 15:10,7.95,17218.0,United Kingdom
569741,22768,FAMILY PHOTO FRAME CORNICE,2,06-10-2011 10:52,9.95,14626.0,United Kingdom
552683,21078,SET/20 STRAWBERRY PAPER NAPKINS ,1,10-05-2011 15:09,2.46,,United Kingdom
556201,23162,REGENCY TEA STRAINER,8,09-06-2011 13:01,3.75,12347.0,Iceland
574039,47599A,PINK PARTY BAGS,15,02-11-2011 12:57,2.1,17800.0,United Kingdom
551174,DOT,DOTCOM POSTAGE,1,26-04-2011 17:02,111.73,,United Kingdom
560937,23154,SET OF 4 JAM JAR MAGNETS,1,22-07-2011 10:52,2.08,17920.0,United Kingdom
575512,22139,RETROSPOT TEA SET CERAMIC 11 PC ,6,10-11-2011 10:36,4.95,14121.0,United Kingdom
545048,82482,WOODEN PICTURE FRAME WHITE FINISH,2,27-02-2011 11:48,2.55,14810.0,United Kingdom
551341,84978,HANGING HEART JAR T-LIGHT HOLDER,108,28-04-2011 07:52,1.06,15189.0,United Kingdom
541497,22728,ALARM CLOCK BAKELIKE PINK,1,18-01-2011 15:19,7.46,,United Kingdom
576147,23583,LUNCH BAG PAISLEY PARK  ,20,14-11-2011 10:49,1.65,16303.0,United Kingdom
564835,22960,JAM MAKING SET WITH JARS,1,30-08-2011 12:31,8.29,,United Kingdom
581173,21172,PARTY METAL SIGN ,1,07-12-2011 15:07,1.45,17870.0,United Kingdom
547093,21495,SKULLS AND CROSSBONES WRAP,25,21-03-2011 08:20,0.42,14762.0,United Kingdom
556237,15058A,BLUE POLKADOT GARDEN PARASOL,1,09-06-2011 15:34,10.79,,United Kingdom
543459,21080,SET/20 RED RETROSPOT PAPER NAPKINS ,24,08-02-2011 13:28,0.85,12599.0,France
557762,20728,LUNCH BAG CARS BLUE,10,22-06-2011 14:01,1.65,15810.0,United Kingdom
558682,22431,WATERING CAN BLUE ELEPHANT,1,01-07-2011 11:20,4.13,,United Kingdom
537655,84970L,SINGLE HEART ZINC T-LIGHT HOLDER,12,07-12-2010 16:20,0.95,15081.0,United Kingdom
563557,23031,DRAWER KNOB CRACKLE GLAZE PINK,24,17-08-2011 13:33,1.65,15786.0,United Kingdom
567656,22573,STAR WOODEN CHRISTMAS DECORATION,1,21-09-2011 14:40,1.63,14096.0,United Kingdom
577768,22633,HAND WARMER UNION JACK,2,21-11-2011 15:18,4.13,,United Kingdom
567504,23393,HOME SWEET HOME CUSHION COVER ,4,20-09-2011 14:33,3.75,13356.0,United Kingdom
569007,21790,VINTAGE SNAP CARDS,24,29-09-2011 18:51,0.85,17552.0,United Kingdom
550464,75049L,LARGE CIRCULAR MIRROR MOBILE,12,18-04-2011 13:30,1.25,16550.0,United Kingdom
570694,22720,SET OF 3 CAKE TINS PANTRY DESIGN ,3,12-10-2011 08:10,4.95,14911.0,EIRE
537823,22079,RIBBON REEL HEARTS DESIGN ,2,08-12-2010 14:25,3.36,,United Kingdom
550298,23076,ICE CREAM SUNDAE LIP GLOSS,24,15-04-2011 16:11,1.25,17346.0,United Kingdom
562964,22457,NATURAL SLATE HEART CHALKBOARD ,6,11-08-2011 10:29,2.95,13488.0,United Kingdom
556510,84674,FLYING PIG WATERING CAN,6,13-06-2011 10:36,2.95,14911.0,EIRE
575947,22961,JAM MAKING SET PRINTED,3,13-11-2011 11:50,3.29,,United Kingdom
538349,22465,HANGING METAL STAR LANTERN,1,10-12-2010 14:59,3.36,,United Kingdom
550188,22622,BOX OF VINTAGE ALPHABET BLOCKS,4,14-04-2011 18:57,9.95,12457.0,Switzerland
579787,82482,WOODEN PICTURE FRAME WHITE FINISH,2,30-11-2011 15:33,4.96,,United Kingdom
568650,84849A,HELLO SAILOR BLUE SOAP HOLDER,12,28-09-2011 11:56,1.69,13505.0,Switzerland
572552,22147,FELTCRAFT BUTTERFLY HEARTS,1,24-10-2011 17:07,3.29,14096.0,United Kingdom
561025,84970S,HANGING HEART ZINC T-LIGHT HOLDER,4,24-07-2011 10:37,0.85,16241.0,United Kingdom
580065,84029G,KNITTED UNION FLAG HOT WATER BOTTLE,4,01-12-2011 13:33,4.25,15434.0,United Kingdom
542107,22913,RED COAT RACK PARIS FASHION,1,25-01-2011 13:38,4.95,16222.0,United Kingdom
541588,21188,3D HEARTS  HONEYCOMB PAPER GARLAND,12,19-01-2011 14:43,2.95,14307.0,United Kingdom
536408,84879,ASSORTED COLOUR BIRD ORNAMENT,8,01-12-2010 11:41,1.69,14307.0,United Kingdom
578516,21930,JUMBO STORAGE BAG SKULLS,10,24-11-2011 13:53,2.08,14591.0,United Kingdom
571672,22139,RETROSPOT TEA SET CERAMIC 11 PC ,6,18-10-2011 13:15,4.95,13880.0,United Kingdom
574678,22796,PHOTO FRAME 3 CLASSIC HANGING,4,06-11-2011 12:36,9.95,13365.0,United Kingdom
565150,84660B,BLACK STITCHED WALL CLOCK,86,01-09-2011 14:26,0.79,14298.0,United Kingdom
560996,22295,HEART FILIGREE DOVE LARGE,12,22-07-2011 13:53,1.65,17625.0,United Kingdom
568104,23307,SET OF 60 PANTRY DESIGN CAKE CASES ,1,23-09-2011 15:50,0.55,16485.0,United Kingdom
550620,20971,PINK BLUE FELT CRAFT TRINKET BOX,12,19-04-2011 13:39,1.25,12585.0,Germany
578668,21819,GLITTER CHRISTMAS STAR ,72,24-11-2011 17:11,0.39,12971.0,United Kingdom
543040,21975,PACK OF 60 DINOSAUR CAKE CASES,1,02-02-2011 17:06,0.55,17337.0,United Kingdom
572674,23490,T-LIGHT HOLDER HANGING LOVE BIRD,3,25-10-2011 13:17,3.75,14173.0,United Kingdom
575739,23566,EGG CUP MILKMAID HEIDI,2,11-11-2011 09:05,2.46,,United Kingdom
574076,23328,SET 6 SCHOOL MILK BOTTLES IN CRATE,12,02-11-2011 15:38,7.46,,United Kingdom
559009,23047,PAPER LANTERN 5 POINT SEQUIN STAR,6,05-07-2011 12:47,5.75,15549.0,United Kingdom
543036,21174,POTTERING IN THE SHED METAL SIGN,1,02-02-2011 15:57,1.95,17223.0,United Kingdom
571741,84946,ANTIQUE SILVER T-LIGHT GLASS,12,19-10-2011 10:36,1.25,15610.0,United Kingdom
540604,22705,WRAP GREEN PEARS ,25,10-01-2011 11:38,0.42,15326.0,United Kingdom
540523,22380,TOY TIDY SPACEBOY  ,5,09-01-2011 12:51,2.1,13069.0,United Kingdom
580043,22696,WICKER WREATH LARGE,2,01-12-2011 12:25,1.95,14527.0,United Kingdom
542236,82494L,WOODEN FRAME ANTIQUE WHITE ,1,26-01-2011 14:19,2.95,17027.0,United Kingdom
542929,22500,SET OF 2 TINS JARDIN DE PROVENCE,1,02-02-2011 10:34,4.95,17811.0,United Kingdom
539742,21876,POTTERING MUG,1,21-12-2010 15:20,3.36,,United Kingdom
546088,22430,ENAMEL WATERING CAN CREAM,4,09-03-2011 11:44,4.95,12881.0,United Kingdom
551305,21395,BLUE POLKADOT BEAKER ,48,27-04-2011 14:58,0.39,16145.0,United Kingdom
571312,23243,SET OF TEA COFFEE SUGAR TINS PANTRY,4,17-10-2011 10:42,4.95,12474.0,Germany
547414,21754,HOME BUILDING BLOCK WORD,3,23-03-2011 09:54,5.95,17733.0,United Kingdom
565426,23191,BUNDLE OF 3 RETRO NOTE BOOKS,1,04-09-2011 12:41,1.65,12851.0,United Kingdom
551005,22283,6 EGG HOUSE PAINTED WOOD,1,26-04-2011 09:48,15.79,,United Kingdom
544207,21559,STRAWBERRY LUNCH BOX WITH CUTLERY,1,17-02-2011 10:34,4.96,,United Kingdom
576841,23168,CLASSIC CAFE SUGAR DISPENSER,1,16-11-2011 15:26,1.25,17368.0,United Kingdom
540995,22973,CHILDREN'S CIRCUS PARADE MUG,1,13-01-2011 09:30,3.29,,United Kingdom
554859,22899,CHILDREN'S APRON DOLLY GIRL ,50,27-05-2011 10:16,1.85,14828.0,United Kingdom
545996,22908,PACK OF 20 NAPKINS RED APPLES,6,08-03-2011 14:12,0.85,14367.0,United Kingdom
578827,23395,BELLE JARDINIERE CUSHION COVER,1,25-11-2011 14:25,10.79,,United Kingdom
570690,22338,STAR DECORATION PAINTED ZINC ,2,11-10-2011 16:37,0.63,,United Kingdom
561113,22189,CREAM HEART CARD HOLDER,10,25-07-2011 12:09,3.95,17841.0,United Kingdom
579512,23355,HOT WATER BOTTLE KEEP CALM,1,29-11-2011 16:47,10.79,,United Kingdom
573911,20979,36 PENCILS TUBE RED RETROSPOT,6,01-11-2011 15:40,1.25,17315.0,United Kingdom
552857,21559,STRAWBERRY LUNCH BOX WITH CUTLERY,1,11-05-2011 15:34,4.96,,United Kingdom
541414,21733,RED HANGING HEART T-LIGHT HOLDER,1,17-01-2011 16:14,2.95,18212.0,United Kingdom
568591,22169,FAMILY ALBUM WHITE PICTURE FRAME,4,28-09-2011 10:39,8.5,17088.0,United Kingdom
548708,22963,JAM JAR WITH GREEN LID,6,03-04-2011 12:41,0.85,13269.0,United Kingdom
543097,90208,PAIR OF PINK FLOWER CLUSTER SLIDE,1,03-02-2011 11:41,2.48,,United Kingdom
547249,21288,STRIPEY CHOCOLATE NESTING BOXES,2,22-03-2011 09:27,3.29,,United Kingdom
575726,22745,POPPY'S PLAYHOUSE BEDROOM ,2,10-11-2011 19:12,2.1,16791.0,United Kingdom
546096,84970L,SINGLE HEART ZINC T-LIGHT HOLDER,12,09-03-2011 11:59,0.95,15502.0,United Kingdom
565396,21916,SET 12 RETRO WHITE CHALK STICKS,1,02-09-2011 16:39,0.83,,United Kingdom
569129,23234,BISCUIT TIN VINTAGE CHRISTMAS,2,30-09-2011 13:40,2.89,15034.0,United Kingdom
545417,22840,ROUND CAKE TIN VINTAGE RED,2,02-03-2011 13:42,7.95,15622.0,United Kingdom
575481,16011,ANIMAL STICKERS,23,09-11-2011 16:28,0.21,15679.0,United Kingdom
564483,22435,SET OF 9 HEART SHAPED BALLOONS,12,25-08-2011 13:46,1.25,14050.0,United Kingdom
558767,21034,REX CASH+CARRY JUMBO SHOPPER,1,03-07-2011 13:27,0.95,13833.0,United Kingdom
558045,84077,WORLD WAR 2 GLIDERS ASSTD DESIGNS,48,24-06-2011 13:35,0.29,12615.0,France
578539,22138,BAKING SET 9 PIECE RETROSPOT ,9,24-11-2011 14:55,4.95,,Unspecified
569215,22386,JUMBO BAG PINK POLKADOT,2,02-10-2011 12:30,2.08,13571.0,United Kingdom
542777,21470,FLOWER VINE RAFFIA FOOD COVER,6,01-02-2011 08:31,3.75,14911.0,EIRE
573138,23543,WALL ART KEEP CALM ,1,27-10-2011 17:22,8.25,15023.0,United Kingdom
546005,48184,DOORMAT ENGLISH ROSE ,10,08-03-2011 15:17,6.75,14426.0,United Kingdom
553224,23209,LUNCH BAG DOILEY PATTERN ,4,16-05-2011 10:40,1.65,17228.0,United Kingdom
569643,23534,STOP FOR TEA WALL ART,3,05-10-2011 12:31,5.95,15730.0,United Kingdom
562955,22698,PINK REGENCY TEACUP AND SAUCER,12,11-08-2011 10:14,5.79,,United Kingdom
569834,22993,SET OF 4 PANTRY JELLY MOULDS,12,06-10-2011 13:00,1.25,14383.0,United Kingdom
580367,22113,GREY HEART HOT WATER BOTTLE,2,02-12-2011 16:39,8.29,,United Kingdom
537237,21896,POTTING SHED TWINE,1,06-12-2010 09:58,4.21,,United Kingdom
553979,20749,ASSORTED COLOUR MINI CASES,12,20-05-2011 11:07,6.35,15694.0,United Kingdom
567356,22219,LOVEBIRD HANGING DECORATION WHITE ,8,19-09-2011 16:21,0.85,16527.0,United Kingdom
554978,15036,ASSORTED COLOURS SILK FAN,12,29-05-2011 11:05,0.83,16889.0,United Kingdom
540153,85123A,WHITE HANGING HEART T-LIGHT HOLDER,32,05-01-2011 11:25,2.55,15841.0,United Kingdom
538035,21115,ROSE CARAVAN DOORSTOP,1,09-12-2010 13:03,6.75,16065.0,United Kingdom
568346,21094,SET/6 RED SPOTTY PAPER PLATES,1,26-09-2011 15:28,0.83,14096.0,United Kingdom
575930,23002,TRAVEL CARD WALLET SKULLS,2,11-11-2011 17:58,0.83,,United Kingdom
537155,22865,HAND WARMER OWL DESIGN,1,05-12-2010 13:05,2.1,12748.0,United Kingdom
547712,85066,CREAM SWEETHEART MINI CHEST,1,24-03-2011 19:31,12.75,16905.0,United Kingdom
566739,22915,ASSORTED BOTTLE TOP  MAGNETS ,24,14-09-2011 14:30,0.42,12566.0,Germany
541584,47566b,TEA TIME PARTY BUNTING,1,19-01-2011 14:12,8.29,,United Kingdom
575624,23295,SET OF 12 MINI LOAF BAKING CASES,40,10-11-2011 13:18,0.83,18217.0,United Kingdom
541827,22117,METAL SIGN HER DINNER IS SERVED ,1,21-01-2011 17:05,1.63,,United Kingdom
569653,23389,SPACEBOY MINI BACKPACK,4,05-10-2011 12:52,4.15,12451.0,Switzerland
562046,22631,CIRCUS PARADE LUNCH BOX ,12,02-08-2011 10:34,1.95,12378.0,Switzerland
555076,22627,MINT KITCHEN SCALES,2,31-05-2011 12:11,8.5,13900.0,United Kingdom
C578832,22379,RECYCLING BAG RETROSPOT ,-15,25-11-2011 15:18,2.1,13069.0,United Kingdom
551247,22607,WOODEN ROUNDERS GARDEN SET ,4,27-04-2011 11:56,9.95,15640.0,United Kingdom
577489,84946,ANTIQUE SILVER T-LIGHT GLASS,6,20-11-2011 12:07,1.25,,United Kingdom
561036,21905,MORE BUTTER METAL SIGN ,2,24-07-2011 11:54,0.79,13137.0,United Kingdom
547874,22284,HEN HOUSE DECORATION,2,27-03-2011 15:39,1.65,14476.0,United Kingdom
578746,84997d,CHILDRENS CUTLERY POLKADOT PINK,10,25-11-2011 11:36,8.29,,United Kingdom
548703,22896,PEG BAG APPLES DESIGN,1,03-04-2011 11:37,2.55,16010.0,United Kingdom
578946,20728,LUNCH BAG CARS BLUE,1,27-11-2011 13:47,1.65,16005.0,United Kingdom
542344,22983,CARD BILLBOARD FONT,2,27-01-2011 11:30,0.83,,United Kingdom
543098,22729,ALARM CLOCK BAKELIKE ORANGE,4,03-02-2011 11:49,3.75,13102.0,United Kingdom
550499,21452,TOADSTOOL MONEY BOX,1,18-04-2011 15:16,5.79,,United Kingdom
579102,22423,REGENCY CAKESTAND 3 TIER,6,28-11-2011 11:33,12.75,14911.0,EIRE
560240,22517,CHILDS GARDEN RAKE PINK,1,17-07-2011 11:59,2.1,15716.0,United Kingdom
545916,21217,RED RETROSPOT ROUND CAKE TINS,2,08-03-2011 11:46,9.95,12528.0,Germany
564315,23319,BOX OF 6 MINI 50'S CRACKERS,2,24-08-2011 13:07,2.49,14730.0,United Kingdom
571653,23432,PRETTY HANGING QUILTED HEARTS,48,18-10-2011 12:17,0.72,14298.0,United Kingdom
544077,85186C,BUNNY EGG GARLAND,4,15-02-2011 15:04,0.42,14825.0,United Kingdom
542996,21385,IVORY HANGING DECORATION  HEART,24,02-02-2011 12:10,0.85,15046.0,United Kingdom
576078,23439,HAND WARMER RED LOVE HEART,4,13-11-2011 16:22,2.1,14432.0,United Kingdom
550899,21976,PACK OF 60 MUSHROOM CAKE CASES,24,21-04-2011 12:07,0.55,13505.0,Switzerland
577537,71459,HANGING JAM JAR T-LIGHT HOLDERS,12,20-11-2011 14:17,0.85,14860.0,United Kingdom
548505,22357,KINGS CHOICE BISCUIT TIN,1,31-03-2011 14:34,8.29,,United Kingdom
566424,22333,RETROSPOT PARTY BAG + STICKER SET,8,12-09-2011 14:15,1.65,13309.0,United Kingdom
563238,22120,WELCOME  WOODEN BLOCK LETTERS,12,15-08-2011 09:59,8.5,15093.0,United Kingdom
554030,23163,REGENCY SUGAR TONGS,8,20-05-2011 13:56,2.49,16497.0,United Kingdom
C571707,23198,PANTRY MAGNETIC  SHOPPING LIST,-1,18-10-2011 15:33,1.45,14056.0,United Kingdom
567721,20676,RED RETROSPOT BOWL,72,22-09-2011 10:38,1.06,12409.0,Switzerland
544637,22933,BAKING MOULD EASTER EGG MILK CHOC,18,22-02-2011 11:20,2.95,16546.0,United Kingdom
547664,21398,RED POLKADOT COFFEE  MUG,12,24-03-2011 13:16,0.39,13069.0,United Kingdom
543251,22383,LUNCH BAG SUKI  DESIGN ,10,04-02-2011 14:51,1.65,14194.0,United Kingdom
562649,21985,PACK OF 12 HEARTS DESIGN TISSUES ,4,08-08-2011 13:11,0.29,14606.0,United Kingdom
538108,22637,PIGGY BANK RETROSPOT ,4,09-12-2010 15:23,2.55,17456.0,United Kingdom
566291,22523,CHILDS GARDEN FORK PINK,4,11-09-2011 15:31,0.85,12965.0,United Kingdom
557757,85114A,BLACK ENCHANTED FOREST PLACEMAT,4,22-06-2011 13:28,1.65,14606.0,United Kingdom
552460,21936,RED RETROSPOT PICNIC BAG,5,09-05-2011 14:44,2.95,13178.0,United Kingdom
544453,21034,REX CASH+CARRY JUMBO SHOPPER,1,20-02-2011 13:06,0.95,17214.0,United Kingdom
579141,22898,CHILDRENS APRON APPLES DESIGN,2,28-11-2011 13:06,1.95,17019.0,United Kingdom
572553,16219,HOUSE SHAPE PENCIL SHARPENER,1,24-10-2011 17:09,0.83,,United Kingdom
536778,15036,ASSORTED COLOURS SILK FAN,12,02-12-2010 15:03,0.75,13138.0,United Kingdom
579522,82486,3 DRAWER ANTIQUE WHITE WOOD CABINET,4,30-11-2011 08:04,8.95,14432.0,United Kingdom
570592,22726,ALARM CLOCK BAKELIKE GREEN,6,11-10-2011 11:37,8.29,,United Kingdom
547822,22215,CAKE STAND WHITE TWO TIER LACE,2,25-03-2011 14:53,8.5,12668.0,Germany
C577779,23056,FLOWERS CHANDELIER T-LIGHT HOLDER,-96,21-11-2011 16:11,1.0,,United Kingdom
562570,22047,EMPIRE GIFT WRAP,25,07-08-2011 12:10,0.42,14079.0,United Kingdom
569824,23354,6 GIFT TAGS 50'S CHRISTMAS ,6,06-10-2011 12:22,0.83,17295.0,United Kingdom
567656,84924A,WAKE UP COCKEREL CALENDAR SIGN ,1,21-09-2011 14:40,7.46,14096.0,United Kingdom
555399,22560,TRADITIONAL MODELLING CLAY,3,02-06-2011 17:41,1.25,15555.0,United Kingdom
570087,23298,SPOTTY BUNTING,1,07-10-2011 11:26,10.79,,United Kingdom
568411,21523,DOORMAT FANCY FONT HOME SWEET HOME,1,27-09-2011 10:52,16.63,,United Kingdom
579885,23136,IVORY WIRE SWEETHEART LETTER TRAY,1,30-11-2011 17:37,3.75,15444.0,United Kingdom
571430,84949,SILVER HANGING T-LIGHT HOLDER,6,17-10-2011 12:51,1.65,13090.0,United Kingdom
580384,23329,DECORATIVE WICKER HEART LARGE,10,04-12-2011 10:10,1.65,17243.0,United Kingdom
565854,21564,PINK  HEART SHAPE LOVE BUCKET ,6,07-09-2011 13:22,2.95,12490.0,France
581002,22716,CARD CIRCUS PARADE,12,07-12-2011 08:21,0.42,14708.0,United Kingdom
574481,23508,MINI PLAYING CARDS DOLLY GIRL ,1,04-11-2011 12:45,0.42,18022.0,United Kingdom
544214,22694,WICKER STAR ,2,17-02-2011 11:19,3.29,,United Kingdom
541508,22161,HEART DECORATION RUSTIC HANGING ,1,18-01-2011 16:06,1.63,,United Kingdom
579777,21257,VICTORIAN SEWING BOX MEDIUM,1,30-11-2011 15:13,15.79,,United Kingdom
562715,22945,CHRISTMAS METAL TAGS ASSORTED ,6,08-08-2011 15:34,1.8,,United Kingdom
574624,23570,TRADITIONAL PICK UP STICKS GAME ,7,06-11-2011 11:20,1.25,17769.0,United Kingdom
536876,84663A,GRASS HOPPER WOODEN WALL CLOCK ,1,03-12-2010 11:36,5.91,,United Kingdom
566164,20728,LUNCH BAG CARS BLUE,14,09-09-2011 11:56,4.96,,United Kingdom
537955,79066K,RETRO MOD TRAY,2,09-12-2010 11:28,0.85,16782.0,United Kingdom
573142,21990,MODERN FLORAL STATIONERY SET,36,27-10-2011 17:48,1.25,18035.0,United Kingdom
543997,21086,SET/6 RED SPOTTY PAPER CUPS,4,15-02-2011 10:49,0.65,17348.0,United Kingdom
551997,21154,RED RETROSPOT OVEN GLOVE ,1,05-05-2011 15:47,2.46,,United Kingdom
557850,23240,SET OF 4 KNICK KNACK TINS DOILEY ,6,23-06-2011 10:56,4.15,12720.0,Germany
561642,23301,GARDENERS KNEELING PAD KEEP CALM ,3,28-07-2011 15:04,1.65,17965.0,United Kingdom
565396,20733,GOLD MINI TAPE MEASURE ,1,02-09-2011 16:39,0.83,,United Kingdom
581358,22979,PANTRY WASHING UP BRUSH,12,08-12-2011 12:30,1.45,17436.0,United Kingdom
545227,23231,WRAP DOILEY DESIGN,25,01-03-2011 09:35,0.42,12428.0,Finland
568614,22728,ALARM CLOCK BAKELIKE PINK,4,28-09-2011 11:26,3.75,13515.0,United Kingdom
561704,22325,MOBILE VINTAGE HEARTS ,1,29-07-2011 11:07,4.95,14606.0,United Kingdom
565776,21929,JUMBO BAG PINK VINTAGE PAISLEY,3,06-09-2011 14:38,2.08,15311.0,United Kingdom
548335,20712,JUMBO BAG WOODLAND ANIMALS,10,30-03-2011 13:57,1.95,14272.0,United Kingdom
560366,85231B,CINAMMON SET OF 9 T-LIGHTS,12,18-07-2011 12:19,0.85,16859.0,United Kingdom
569714,23388,WOODLAND MINI BACKPACK,1,05-10-2011 17:28,4.15,18033.0,United Kingdom
581164,22111,SCOTTIE DOG HOT WATER BOTTLE,2,07-12-2011 14:34,4.95,14395.0,United Kingdom
543354,22089,PAPER BUNTING VINTAGE PAISLEY,6,07-02-2011 13:50,2.95,13458.0,United Kingdom
562457,23309,SET OF 60 I LOVE LONDON CAKE CASES ,24,05-08-2011 11:00,0.55,18079.0,United Kingdom
573332,85062,PEARL CRYSTAL PUMPKIN T-LIGHT HLDR,12,30-10-2011 11:28,1.65,15059.0,United Kingdom
561515,21311,SET/4 BIRD MIRROR MAGNETS ,1,27-07-2011 15:16,3.29,,United Kingdom
540821,21901,"KEY FOB , BACK DOOR ",1,11-01-2011 13:16,1.66,,United Kingdom
555477,22477,WATERING CAN GARDEN MARKER,10,03-06-2011 12:26,1.25,12359.0,Cyprus
545568,84991,60 TEATIME FAIRY CAKE CASES,1,03-03-2011 16:22,1.25,,United Kingdom
560868,23168,CLASSIC CAFE SUGAR DISPENSER,1,21-07-2011 14:14,1.25,14866.0,United Kingdom
555393,47566,PARTY BUNTING,4,02-06-2011 17:00,4.95,14221.0,United Kingdom
567378,22327,ROUND SNACK BOXES SET OF 4 SKULLS,6,20-09-2011 10:01,2.95,14911.0,EIRE
556089,20712,JUMBO BAG WOODLAND ANIMALS,2,08-06-2011 15:25,4.13,,United Kingdom
540188,85014B,RED RETROSPOT UMBRELLA,1,05-01-2011 13:57,5.95,16771.0,United Kingdom
547083,21071,VINTAGE BILLBOARD DRINK ME MUG,2,20-03-2011 15:21,1.25,15452.0,United Kingdom
541631,22382,LUNCH BAG SPACEBOY DESIGN ,10,20-01-2011 10:48,1.65,12637.0,France
571682,23177,TREASURE ISLAND BOOK BOX,1,18-10-2011 14:00,2.25,14179.0,United Kingdom
547914,22966,GINGERBREAD MAN COOKIE CUTTER,12,28-03-2011 12:35,1.25,12594.0,Italy
574501,47503A,ASS FLORAL PRINT MULTI SCREWDRIVER,12,04-11-2011 13:15,0.42,12577.0,France
538255,21531,RED RETROSPOT SUGAR JAM BOWL,6,10-12-2010 12:33,2.55,14911.0,EIRE
545337,22070,SMALL RED RETROSPOT MUG IN BOX ,2,01-03-2011 17:28,3.75,15984.0,United Kingdom
555150,22255,FELT TOADSTOOL  SMALL,10,31-05-2011 15:53,1.63,,United Kingdom
541424,90198A,VINTAGE ROSE BEAD BRACELET RASPBERR,1,17-01-2011 17:57,4.15,,United Kingdom
560225,37448,CERAMIC CAKE DESIGN SPOTTED MUG,1,15-07-2011 16:27,3.29,,United Kingdom
544434,22570,FELTCRAFT CUSHION RABBIT,3,18-02-2011 16:12,3.75,,United Kingdom
575739,22156,HEART DECORATION WITH PEARLS ,2,11-11-2011 09:05,1.63,,United Kingdom
573585,21328,BALLOONS  WRITING SET ,1,31-10-2011 14:41,3.29,,United Kingdom
560861,21385,IVORY HANGING DECORATION  HEART,7,21-07-2011 13:37,0.85,17660.0,United Kingdom
544778,21868,POTTING SHED TEA MUG,2,23-02-2011 12:03,1.25,14978.0,United Kingdom
552641,21524,DOORMAT SPOTTY HOME SWEET HOME,10,10-05-2011 13:20,6.75,16525.0,United Kingdom
537645,20679,EDWARDIAN PARASOL RED,1,07-12-2010 15:34,12.72,,United Kingdom
578285,23515,EMBROIDERED RIBBON REEL DAISY ,1,23-11-2011 13:57,2.08,12748.0,United Kingdom
542272,22720,SET OF 3 CAKE TINS PANTRY DESIGN ,3,27-01-2011 09:42,4.95,16496.0,United Kingdom
575880,23229,VINTAGE DONKEY TAIL GAME ,6,11-11-2011 13:35,3.75,12726.0,France
547830,22077,6 RIBBONS RUSTIC CHARM,3,25-03-2011 15:50,3.29,,United Kingdom
541134,22386,JUMBO BAG PINK POLKADOT,10,14-01-2011 10:20,1.95,15615.0,United Kingdom
538198,20762,GREEN FERN SKETCHBOOK ,2,10-12-2010 11:01,3.75,17827.0,United Kingdom
565682,21700,BIG DOUGHNUT FRIDGE MAGNETS,6,06-09-2011 10:42,0.85,14796.0,United Kingdom
562558,23185,FRENCH STYLE STORAGE JAR JAM,6,05-08-2011 16:43,0.29,13451.0,United Kingdom
557067,22382,LUNCH BAG SPACEBOY DESIGN ,24,16-06-2011 15:12,1.65,13098.0,United Kingdom
536830,84077,WORLD WAR 2 GLIDERS ASSTD DESIGNS,2880,02-12-2010 17:38,0.18,16754.0,United Kingdom
546632,84978,HANGING HEART JAR T-LIGHT HOLDER,72,15-03-2011 12:05,1.06,17080.0,United Kingdom
552038,22842,BISCUIT TIN VINTAGE RED,24,06-05-2011 08:08,5.95,14156.0,EIRE
541592,47504H,ENGLISH ROSE SPIRIT LEVEL ,1,19-01-2011 15:08,3.29,,United Kingdom
568149,23319,BOX OF 6 MINI 50'S CRACKERS,12,25-09-2011 11:38,2.49,14285.0,United Kingdom
560590,23307,SET OF 60 PANTRY DESIGN CAKE CASES ,24,19-07-2011 15:55,0.55,12560.0,Germany
575583,22531,MAGIC DRAWING SLATE CIRCUS PARADE  ,1,10-11-2011 11:55,0.42,14456.0,United Kingdom
552233,20728,LUNCH BAG CARS BLUE,10,06-05-2011 15:54,1.65,17068.0,United Kingdom
538524,21071,VINTAGE BILLBOARD DRINK ME MUG,1,13-12-2010 09:35,2.51,,United Kingdom
581219,22144,CHRISTMAS CRAFT LITTLE FRIENDS,2,08-12-2011 09:28,4.13,,United Kingdom
548863,48116,DOORMAT MULTICOLOUR STRIPE,10,04-04-2011 13:57,6.75,15311.0,United Kingdom
540468,22356,CHARLOTTE BAG PINK POLKADOT,1,07-01-2011 13:55,1.66,,United Kingdom
563540,22418,10 COLOUR SPACEBOY PEN,24,17-08-2011 12:04,0.85,12473.0,Germany
572718,21494,ROTATING LEAVES T-LIGHT HOLDER,12,25-10-2011 14:56,1.25,15656.0,United Kingdom
550179,22109,FULL ENGLISH BREAKFAST PLATE,4,14-04-2011 17:29,3.75,15220.0,United Kingdom
546212,21166,COOK WITH WINE METAL SIGN ,144,10-03-2011 11:33,1.85,14156.0,EIRE
553691,15056N,EDWARDIAN PARASOL NATURAL,2,18-05-2011 14:08,5.95,15311.0,United Kingdom
550651,85049C,ROMANTIC PINKS RIBBONS ,1,19-04-2011 16:52,1.25,15436.0,United Kingdom
580032,21328,BALLOONS  WRITING SET ,3,01-12-2011 12:17,1.65,14659.0,United Kingdom
548400,22192,BLUE DINER WALL CLOCK,1,30-03-2011 17:33,8.5,17400.0,United Kingdom
580883,84596F,SMALL MARSHMALLOWS PINK BOWL,2,06-12-2011 12:21,0.42,16979.0,United Kingdom
581218,23581,JUMBO BAG PAISLEY PARK,10,08-12-2011 09:23,2.08,14191.0,United Kingdom
568170,22867,HAND WARMER BIRD DESIGN,3,25-09-2011 13:08,2.1,16931.0,United Kingdom
578147,20769,DAISY JOURNAL ,1,23-11-2011 11:09,2.55,12748.0,United Kingdom
568901,21034,REX CASH+CARRY JUMBO SHOPPER,1,29-09-2011 13:22,0.95,15050.0,United Kingdom
575137,23008,DOLLY GIRL BABY GIFT SET,6,08-11-2011 15:13,14.95,13090.0,United Kingdom
538177,22946,WOODEN ADVENT CALENDAR CREAM,2,10-12-2010 09:51,34.0,,United Kingdom
537399,22952,60 CAKE CASES VINTAGE CHRISTMAS,3,06-12-2010 14:31,0.55,13030.0,United Kingdom
556685,23301,GARDENERS KNEELING PAD KEEP CALM ,12,14-06-2011 10:00,1.65,14503.0,United Kingdom
541279,22196,SMALL HEART MEASURING SPOONS,12,17-01-2011 11:55,0.85,18223.0,United Kingdom
579069,22094,RED RETROSPOT TISSUE BOX,36,28-11-2011 10:31,0.39,14911.0,EIRE
544687,22041,"RECORD FRAME 7"" SINGLE SIZE ",2,22-02-2011 17:25,2.55,13184.0,United Kingdom
551997,22494,EMERGENCY FIRST AID TIN ,1,05-05-2011 15:47,2.46,,United Kingdom
C566252,22856,ASSORTED EASTER DECORATIONS  BELLS,-19,11-09-2011 12:14,1.25,13527.0,United Kingdom
544573,22960,JAM MAKING SET WITH JARS,6,21-02-2011 13:40,4.25,12621.0,Germany
556102,21090,SET/6 COLLAGE PAPER PLATES,12,08-06-2011 16:15,0.39,13115.0,United Kingdom
539761,22558,CLOTHES PEGS RETROSPOT PACK 24 ,48,22-12-2010 10:29,1.25,17593.0,United Kingdom
545377,22411,JUMBO SHOPPER VINTAGE RED PAISLEY,1,02-03-2011 11:32,1.95,14606.0,United Kingdom
576364,23494,VINTAGE DOILY DELUXE SEWING KIT ,2,14-11-2011 17:40,5.95,15009.0,United Kingdom
543978,20969,RED FLORAL FELTCRAFT SHOULDER BAG,4,14-02-2011 15:37,3.75,12867.0,United Kingdom
561209,22813,PACK 3 BOXES BIRD PANNETONE ,2,25-07-2011 16:57,4.13,,United Kingdom
575477,85129B,BEADED CRYSTAL HEART GREEN SMALL,1,09-11-2011 16:14,2.46,,United Kingdom
557640,22384,LUNCH BAG PINK POLKADOT,1,21-06-2011 16:24,4.96,,United Kingdom
570287,23493,VINTAGE DOILY TRAVEL SEWING KIT,10,10-10-2011 11:37,1.95,17425.0,United Kingdom
570883,23380,PACK OF 12 VINTAGE DOILY TISSUES,24,13-10-2011 09:55,0.39,13477.0,United Kingdom
557502,21035,SET/2 RED RETROSPOT TEA TOWELS ,1,20-06-2011 15:32,6.63,,United Kingdom
560828,21641,ASSORTED TUTTI FRUTTI KEYRING BALL,48,21-07-2011 11:55,0.29,14298.0,United Kingdom
576618,72800C,4 PINK DINNER CANDLE SILVER FLOCK,1,15-11-2011 17:00,4.96,,United Kingdom
573112,23298,SPOTTY BUNTING,3,27-10-2011 15:33,4.95,16416.0,United Kingdom
557500,15056N,EDWARDIAN PARASOL NATURAL,1,20-06-2011 15:27,12.46,,United Kingdom
571216,21851,LILAC DIAMANTE PEN IN GIFT BOX,1,14-10-2011 13:06,4.95,16081.0,United Kingdom
541842,21891,TRADITIONAL WOODEN SKIPPING ROPE,3,23-01-2011 12:07,1.25,16085.0,United Kingdom
574227,23301,GARDENERS KNEELING PAD KEEP CALM ,12,03-11-2011 12:18,1.65,16992.0,United Kingdom
571554,21212,PACK OF 72 RETROSPOT CAKE CASES,7,18-10-2011 09:13,2.08,,United Kingdom
540352,15039,SANDALWOOD FAN,1,06-01-2011 14:27,1.66,,United Kingdom
540647,22666,RECIPE BOX PANTRY YELLOW DESIGN,4,10-01-2011 14:57,2.95,17406.0,United Kingdom
579694,21425,SKULLS STORAGE BOX LARGE,1,30-11-2011 14:11,6.63,,United Kingdom
542425,84380,SET OF 3 BUTTERFLY COOKIE CUTTERS,12,28-01-2011 09:20,1.25,12574.0,France
560914,22156,HEART DECORATION WITH PEARLS ,36,21-07-2011 18:08,0.85,17175.0,United Kingdom
575930,23207,LUNCH BAG ALPHABET DESIGN,2,11-11-2011 17:58,4.13,,United Kingdom
563193,23182,TOILET SIGN OCCUPIED OR VACANT,1,12-08-2011 16:30,2.46,,United Kingdom
552967,22488,NATURAL SLATE RECTANGLE CHALKBOARD,5,12-05-2011 13:12,1.65,16006.0,United Kingdom
543653,22649,STRAWBERRY FAIRY CAKE TEAPOT,1,11-02-2011 10:26,4.95,14796.0,United Kingdom
543182,21975,PACK OF 60 DINOSAUR CAKE CASES,1,04-02-2011 10:40,1.25,,United Kingdom
574170,22142,CHRISTMAS CRAFT WHITE FAIRY ,3,03-11-2011 11:43,1.45,16221.0,United Kingdom
555282,22666,RECIPE BOX PANTRY YELLOW DESIGN,24,02-06-2011 09:04,2.55,12709.0,Germany
545063,22698,PINK REGENCY TEACUP AND SAUCER,3,27-02-2011 14:26,2.95,14606.0,United Kingdom
540968,20718,RED RETROSPOT SHOPPER BAG,4,12-01-2011 13:40,1.25,17338.0,United Kingdom
578620,21889,WOODEN BOX OF DOMINOES,1,24-11-2011 15:21,1.25,17247.0,United Kingdom
555835,22761,CHEST 7 DRAWER MA CAMPAGNE,1,07-06-2011 12:34,24.95,14525.0,United Kingdom
571239,21948,SET OF 6 CAKE CHOPSTICKS,12,14-10-2011 14:54,1.25,12744.0,Singapore
559055,21439,BASKET OF TOADSTOOLS,2,05-07-2011 17:09,1.25,,United Kingdom
537395,22867,HAND WARMER BIRD DESIGN,2,06-12-2010 14:05,2.1,15356.0,United Kingdom
548710,21375,LARGE CAMPHOR WOOD FIELD MUSHROOM ,2,03-04-2011 13:24,5.45,16678.0,United Kingdom
580367,22076,6 RIBBONS EMPIRE  ,6,02-12-2011 16:39,1.25,,United Kingdom
549946,47566,PARTY BUNTING,2,13-04-2011 12:44,4.95,17819.0,United Kingdom
580503,47566B,TEA TIME PARTY BUNTING,1,04-12-2011 13:20,4.95,13956.0,United Kingdom
563555,21500,PINK POLKADOT WRAP ,25,17-08-2011 13:21,0.42,16755.0,United Kingdom
538593,21704,BAG 250g SWIRLY MARBLES,12,13-12-2010 11:51,0.85,16701.0,United Kingdom
578041,22940,FELTCRAFT CHRISTMAS FAIRY,3,22-11-2011 14:23,4.25,17338.0,United Kingdom
541975,22629,SPACEBOY LUNCH BOX ,12,24-01-2011 14:24,1.95,,Hong Kong
537871,22556,PLASTERS IN TIN CIRCUS PARADE ,1,08-12-2010 17:20,1.65,12748.0,United Kingdom
576303,22139,RETROSPOT TEA SET CERAMIC 11 PC ,4,14-11-2011 14:51,4.95,15532.0,United Kingdom
555573,21519,GIN & TONIC DIET GREETING CARD ,12,05-06-2011 15:46,0.42,15349.0,United Kingdom
578940,84029E,RED WOOLLY HOTTIE WHITE HEART.,9,27-11-2011 13:18,9.13,,United Kingdom
574547,22212,FOUR HOOK  WHITE LOVEBIRDS,1,04-11-2011 15:08,2.1,17841.0,United Kingdom
540365,22750,FELTCRAFT PRINCESS LOLA DOLL,4,06-01-2011 16:12,3.75,12413.0,France
548351,82583,HOT BATHS METAL SIGN,12,30-03-2011 14:51,2.1,13001.0,United Kingdom
545701,48173C,DOORMAT BLACK FLOCK ,10,06-03-2011 15:17,6.75,17107.0,United Kingdom
556939,46000M,POLYESTER FILLER PAD 45x45cm,80,15-06-2011 16:34,0.0,,United Kingdom
576688,21790,VINTAGE SNAP CARDS,12,16-11-2011 12:16,0.85,16717.0,United Kingdom
566625,23401,RUSTIC MIRROR WITH LACE HEART,2,14-09-2011 09:38,6.25,14911.0,EIRE
550953,22797,CHEST OF DRAWERS GINGHAM HEART ,1,21-04-2011 16:17,33.29,,United Kingdom
572741,22755,SMALL PURPLE BABUSHKA NOTEBOOK ,12,25-10-2011 15:47,0.85,14341.0,United Kingdom
558761,20983,12 PENCILS TALL TUBE RED RETROSPOT,2,03-07-2011 12:52,0.85,15033.0,United Kingdom
555638,22984,CARD GINGHAM ROSE ,12,06-06-2011 12:51,0.42,15150.0,United Kingdom
569568,22619,SET OF 6 SOLDIER SKITTLES,4,05-10-2011 09:57,3.75,12700.0,France
572901,22963,JAM JAR WITH GREEN LID,2,26-10-2011 14:54,0.85,16332.0,United Kingdom
566446,22915,ASSORTED BOTTLE TOP  MAGNETS ,6,12-09-2011 15:40,0.83,,United Kingdom
569037,22766,PHOTO FRAME CORNICE,3,30-09-2011 10:45,2.95,13263.0,United Kingdom
564857,21430,SET/3 RED GINGHAM ROSE STORAGE BOX,6,31-08-2011 09:23,7.46,,United Kingdom
547969,84997A,CHILDRENS CUTLERY POLKADOT GREEN ,5,28-03-2011 16:27,4.15,17238.0,United Kingdom
567094,84030E,ENGLISH ROSE HOT WATER BOTTLE,2,16-09-2011 12:54,4.25,16924.0,United Kingdom
552824,22076,6 RIBBONS EMPIRE  ,2,11-05-2011 13:16,1.65,14056.0,United Kingdom
546888,22921,HERB MARKER CHIVES ,1,17-03-2011 18:15,1.63,,United Kingdom
561352,22910,PAPER CHAIN KIT VINTAGE CHRISTMAS,40,26-07-2011 14:41,2.55,18094.0,United Kingdom
577613,22113,GREY HEART HOT WATER BOTTLE,4,21-11-2011 10:02,4.25,14911.0,EIRE
C575572,23485,BOTANICAL GARDENS WALL CLOCK ,-1,10-11-2011 11:33,20.8,17528.0,United Kingdom
538993,35817P,"ACRYLIC JEWEL SNOWFLAKE,PINK",6,15-12-2010 12:01,2.55,15512.0,United Kingdom
555854,47481,50CM METAL STRING WITH  7 CLIPS,2,07-06-2011 13:47,0.85,12748.0,United Kingdom
543535,82582,AREA PATROLLED METAL SIGN,1,09-02-2011 13:37,2.1,17537.0,United Kingdom
578332,23378,PACK OF 12 50'S CHRISTMAS TISSUES,3,24-11-2011 08:50,0.39,,United Kingdom
550638,84992,72 SWEETHEART FAIRY CAKE CASES,1,19-04-2011 15:44,1.25,,United Kingdom
552249,21922,UNION STRIPE WITH FRINGE  HAMMOCK,1,06-05-2011 19:53,7.95,12748.0,United Kingdom
574709,22158,3 HEARTS HANGING DECORATION RUSTIC,8,06-11-2011 14:14,2.95,17768.0,United Kingdom
537666,21849,SILVER DIAMANTE PEN IN GIFT BOX,1,07-12-2010 18:36,4.21,,United Kingdom
548373,22873,NUMBER TILE COTTAGE GARDEN 5,1,30-03-2011 16:34,4.13,,United Kingdom
552252,23299,FOOD COVER WITH BEADS SET 2 ,6,08-05-2011 10:11,3.75,15227.0,United Kingdom
563557,21790,VINTAGE SNAP CARDS,12,17-08-2011 13:33,0.85,15786.0,United Kingdom
567656,21809,CHRISTMAS HANGING TREE WITH BELL,3,21-09-2011 14:40,2.46,14096.0,United Kingdom
560584,21363,HOME SMALL WOOD LETTERS,1,19-07-2011 15:38,4.95,13827.0,United Kingdom
542649,84596F,SMALL MARSHMALLOWS PINK BOWL,8,31-01-2011 11:46,1.25,17373.0,United Kingdom
571726,22964,3 PIECE SPACEBOY COOKIE CUTTER SET,6,19-10-2011 09:00,2.1,16191.0,United Kingdom
563944,85099C,JUMBO  BAG BAROQUE BLACK WHITE,10,22-08-2011 10:08,2.08,17581.0,United Kingdom
553718,22421,LIPSTICK PEN FUSCHIA,1,18-05-2011 16:14,0.83,,United Kingdom
543602,22435,SET OF 9 HEART SHAPED BALLOONS,5,10-02-2011 13:34,1.25,15570.0,United Kingdom
575076,21928,JUMBO BAG SCANDINAVIAN BLUE PAISLEY,10,08-11-2011 13:20,2.08,16639.0,United Kingdom
554916,22315,200 RED + WHITE BENDY STRAWS,1,27-05-2011 12:26,1.25,17345.0,United Kingdom
553834,23171,REGENCY TEA PLATE GREEN ,12,19-05-2011 11:47,1.65,15189.0,United Kingdom
551277,21528,DAIRY MAID TRADITIONAL TEAPOT ,1,27-04-2011 13:06,6.95,13637.0,United Kingdom
577106,22998,TRAVEL CARD WALLET KEEP CALM,2,17-11-2011 17:18,0.42,14456.0,United Kingdom
546429,22951,60 CAKE CASES DOLLY GIRL DESIGN,1,13-03-2011 15:25,0.55,17611.0,United Kingdom
541870,20676,RED RETROSPOT BOWL,5,24-01-2011 09:39,2.46,,United Kingdom
552948,22111,SCOTTIE DOG HOT WATER BOTTLE,6,12-05-2011 11:59,4.95,18136.0,United Kingdom
552883,21918,SET 12 KIDS COLOUR  CHALK STICKS,288,12-05-2011 10:13,0.36,14646.0,Netherlands
575947,22812,PACK 3 BOXES CHRISTMAS PANNETONE,3,13-11-2011 11:50,4.13,,United Kingdom
552353,21933,PINK VINTAGE PAISLEY PICNIC BAG,10,09-05-2011 12:14,1.65,17612.0,United Kingdom
577358,84988,SET OF 72 PINK HEART PAPER DOILIES,1,18-11-2011 15:59,2.92,,United Kingdom
566581,22155,STAR DECORATION RUSTIC,20,13-09-2011 13:47,0.42,16081.0,United Kingdom
548666,79321,CHILLI LIGHTS,5,01-04-2011 14:58,5.75,13124.0,United Kingdom
566606,22749,FELTCRAFT PRINCESS CHARLOTTE DOLL,4,13-09-2011 16:33,3.75,15194.0,United Kingdom
564756,84031A,CHARLIE+LOLA RED HOT WATER BOTTLE ,1,30-08-2011 10:33,4.13,,United Kingdom
547724,47585A,PINK FAIRY CAKE CUSHION COVER,4,25-03-2011 10:42,3.75,13468.0,United Kingdom
576618,23559,WOODLAND BUNNIES LOLLY MAKERS,2,15-11-2011 17:00,4.13,,United Kingdom
545227,22819,"BIRTHDAY CARD, RETRO SPOT",12,01-03-2011 09:35,0.42,12428.0,Finland
550799,22844,VINTAGE CREAM DOG FOOD CONTAINER,2,20-04-2011 14:46,8.5,17115.0,United Kingdom
557466,20712,JUMBO BAG WOODLAND ANIMALS,30,20-06-2011 13:08,2.08,13815.0,Germany
564825,22303,COFFEE MUG APPLES DESIGN,1,30-08-2011 12:26,4.96,,United Kingdom
570866,23408,PHOTO FRAME LINEN AND LACE SMALL,12,12-10-2011 15:49,2.08,17096.0,United Kingdom
537685,85178,VICTORIAN SEWING KIT,10,08-12-2010 10:21,1.25,18077.0,United Kingdom
576463,22766,PHOTO FRAME CORNICE,2,15-11-2011 11:37,2.95,17974.0,United Kingdom
543533,85040a,S/4 PINK FLOWER CANDLES IN BOWL,1,09-02-2011 13:00,3.29,,United Kingdom
568134,22163,HEART STRING MEMO HOLDER HANGING,1,23-09-2011 17:02,1.63,,United Kingdom
558194,20970,PINK FLORAL FELTCRAFT SHOULDER BAG,1,27-06-2011 12:28,3.75,14583.0,United Kingdom
538510,21056,DOCTOR'S BAG SOFT TOY,1,12-12-2010 13:47,8.95,18004.0,United Kingdom
577076,20983,12 PENCILS TALL TUBE RED RETROSPOT,4,17-11-2011 15:08,0.85,14362.0,United Kingdom
573286,22602,RETROSPOT WOODEN HEART DECORATION,8,28-10-2011 14:38,0.85,,Switzerland
566074,22138,BAKING SET 9 PIECE RETROSPOT ,6,09-09-2011 08:48,4.95,12535.0,France
540550,21880,RED RETROSPOT TAPE,12,10-01-2011 09:11,0.65,12539.0,Spain
540528,21448,12 DAISY PEGS IN WOOD BOX,1,09-01-2011 13:50,1.65,17800.0,United Kingdom
562839,20981,12 PENCILS TALL TUBE WOODLAND,2,09-08-2011 16:17,0.85,14056.0,United Kingdom
538146,21564,PINK  HEART SHAPE LOVE BUCKET ,6,09-12-2010 16:10,2.95,15596.0,United Kingdom
580610,22891,TEA FOR ONE POLKADOT,1,05-12-2011 11:48,8.29,,United Kingdom
571716,20963,APPLE BATH SPONGE,3,18-10-2011 17:05,2.46,,United Kingdom
546648,22423,REGENCY CAKESTAND 3 TIER,13,15-03-2011 14:15,24.96,,United Kingdom
576861,22578,WOODEN STAR CHRISTMAS SCANDINAVIAN,50,16-11-2011 16:00,0.29,18041.0,United Kingdom
C539710,21314,SMALL GLASS HEART TRINKET POT,-2,21-12-2010 12:35,2.1,14769.0,United Kingdom
571548,22568,FELTCRAFT CUSHION OWL,4,18-10-2011 07:56,3.75,15505.0,United Kingdom
554840,20974,12 PENCILS SMALL TUBE SKULL,24,26-05-2011 17:16,0.65,12684.0,France
551849,22727,ALARM CLOCK BAKELIKE RED ,4,04-05-2011 14:33,3.75,16258.0,United Kingdom
548733,21754,HOME BUILDING BLOCK WORD,3,04-04-2011 10:29,5.95,17648.0,United Kingdom
576857,22077,6 RIBBONS RUSTIC CHARM,1,16-11-2011 15:52,1.95,12748.0,United Kingdom
536592,21164,HOME SWEET HOME METAL SIGN ,1,01-12-2010 17:06,5.91,,United Kingdom
542401,21154,RED RETROSPOT OVEN GLOVE ,1,27-01-2011 15:51,1.25,14541.0,United Kingdom
562539,23163,REGENCY SUGAR TONGS,3,05-08-2011 15:30,2.49,17220.0,United Kingdom
575607,23088,ZINC HEART FLOWER T-LIGHT HOLDER,3,10-11-2011 12:37,2.46,14096.0,United Kingdom
550900,23205,CHARLOTTE BAG VINTAGE ALPHABET ,30,21-04-2011 12:11,0.85,16553.0,United Kingdom
564755,84992,72 SWEETHEART FAIRY CAKE CASES,1,30-08-2011 10:31,1.25,,United Kingdom
542891,21497,FANCY FONTS BIRTHDAY WRAP,25,01-02-2011 13:26,0.42,16705.0,United Kingdom
573579,22899,CHILDREN'S APRON DOLLY GIRL ,1,31-10-2011 14:19,2.1,15033.0,United Kingdom
564727,21544,SKULLS  WATER TRANSFER TATTOOS ,4,28-08-2011 12:31,0.85,16686.0,United Kingdom
579777,21883,STARS GIFT TAPE ,1,30-11-2011 15:13,1.63,,United Kingdom
546985,21320,GLASS CHALICE GREEN  LARGE ,6,18-03-2011 12:41,2.55,18270.0,United Kingdom
549429,85099F,JUMBO BAG STRAWBERRY,20,08-04-2011 12:06,2.08,17001.0,United Kingdom
556932,21991,BOHEMIAN COLLAGE STATIONERY SET,1,15-06-2011 15:41,2.46,,United Kingdom
579135,23270,SET OF 2 CERAMIC PAINTED HEARTS ,4,28-11-2011 12:44,1.45,18096.0,United Kingdom
556636,20679,EDWARDIAN PARASOL RED,2,13-06-2011 15:30,12.46,,United Kingdom
576059,22668,PINK BABY BUNTING,2,13-11-2011 15:19,2.95,15411.0,United Kingdom
555275,21559,STRAWBERRY LUNCH BOX WITH CUTLERY,1,01-06-2011 17:18,4.96,,United Kingdom
544089,84946,ANTIQUE SILVER TEA GLASS ETCHED,27,15-02-2011 17:51,2.46,,United Kingdom
572037,23661,MILK MAIDS MUG ,6,20-10-2011 12:07,1.65,17365.0,United Kingdom
560355,23108,SET OF 10 LED DOLLY LIGHTS,4,18-07-2011 11:37,6.25,15906.0,United Kingdom
571441,22094,RED RETROSPOT TISSUE BOX,1,17-10-2011 13:31,2.46,14096.0,United Kingdom
580115,22754,SMALL RED BABUSHKA NOTEBOOK ,1,01-12-2011 16:22,1.63,,United Kingdom
571850,21889,WOODEN BOX OF DOMINOES,4,19-10-2011 12:54,1.25,14698.0,United Kingdom
538524,84754,S/15 SILVER GLASS BAUBLES IN BAG,2,13-12-2010 09:35,2.51,,United Kingdom
578827,23170,REGENCY TEA PLATE ROSES ,1,25-11-2011 14:25,3.29,,United Kingdom
541104,22446,PIN CUSHION BABUSHKA PINK,4,13-01-2011 14:29,2.46,,United Kingdom
576406,23480,MINI LIGHTS WOODLAND MUSHROOMS,12,15-11-2011 11:17,3.75,13692.0,United Kingdom
552285,84692,BOX OF 24 COCKTAIL PARASOLS,4,08-05-2011 12:58,0.42,14684.0,United Kingdom
579144,82494L,WOODEN FRAME ANTIQUE WHITE ,24,28-11-2011 13:11,2.55,13269.0,United Kingdom
544311,22680,FRENCH BLUE METAL DOOR SIGN 5,1,17-02-2011 14:19,1.25,17841.0,United Kingdom
563213,21673,WHITE SPOT BLUE CERAMIC DRAWER KNOB,6,14-08-2011 12:55,1.25,16115.0,United Kingdom
552469,22983,CARD BILLBOARD FONT,12,09-05-2011 15:34,0.42,12867.0,United Kingdom
541221,20723,STRAWBERRY CHARLOTTE BAG,14,14-01-2011 14:28,2.46,,United Kingdom
550768,22673,FRENCH GARDEN SIGN BLUE METAL,1,20-04-2011 12:44,1.25,15039.0,United Kingdom
562574,22469,HEART OF WICKER SMALL,4,07-08-2011 12:42,1.65,14903.0,United Kingdom
571731,21911,,1,19-10-2011 09:51,0.0,,United Kingdom
542667,20726,LUNCH BAG WOODLAND,10,31-01-2011 12:16,1.65,17068.0,United Kingdom
578940,21481,FAWN BLUE HOT WATER BOTTLE,2,27-11-2011 13:18,10.29,,United Kingdom
549967,21166,COOK WITH WINE METAL SIGN ,48,13-04-2011 14:21,1.85,17873.0,United Kingdom
555941,21086,SET/6 RED SPOTTY PAPER CUPS,36,08-06-2011 10:10,0.65,12726.0,France
560225,21215,IVORY PAPER CUP CAKE CASES ,1,15-07-2011 16:27,1.25,,United Kingdom
562649,82580,BATHROOM METAL SIGN,3,08-08-2011 13:11,0.55,14606.0,United Kingdom
580961,22423,REGENCY CAKESTAND 3 TIER,8,06-12-2011 14:40,12.75,14572.0,United Kingdom
575787,23291,DOLLY GIRL CHILDRENS CUP,8,11-11-2011 11:18,1.25,12518.0,Germany
560780,15056n,EDWARDIAN PARASOL NATURAL,3,21-07-2011 09:31,12.46,,United Kingdom
578548,35471D,SET OF 3 BIRD LIGHT PINK FEATHER ,12,24-11-2011 15:02,0.39,17345.0,United Kingdom
574532,23042,PAPER LANTERN 7 POINT SNOW STAR,2,04-11-2011 14:19,6.65,15676.0,United Kingdom
540630,48185,DOORMAT FAIRY CAKE,1,10-01-2011 11:59,7.95,17849.0,United Kingdom
545339,22961,JAM MAKING SET PRINTED,12,02-03-2011 08:26,1.45,14292.0,United Kingdom
562199,23192,BUNDLE OF 3 ALPHABET EXERCISE BOOKS,2,03-08-2011 12:20,1.65,12748.0,United Kingdom
557746,82494L,WOODEN FRAME ANTIQUE WHITE ,1,22-06-2011 12:24,2.95,15059.0,United Kingdom
574514,22556,PLASTERS IN TIN CIRCUS PARADE ,1,04-11-2011 13:34,1.65,15311.0,United Kingdom
564757,22357,KINGS CHOICE BISCUIT TIN,1,30-08-2011 10:36,4.13,,United Kingdom
572726,22382,LUNCH BAG SPACEBOY DESIGN ,4,25-10-2011 15:19,1.65,16056.0,United Kingdom
569406,21794,CLASSIC FRENCH STYLE BASKET NATURAL,16,04-10-2011 09:09,3.95,16253.0,United Kingdom
547569,22321,BIRD DECORATION RED RETROSPOT,24,24-03-2011 09:50,0.85,17491.0,United Kingdom
564315,23346,SPACEBOY BEAKER,4,24-08-2011 13:07,1.25,14730.0,United Kingdom
564976,22151,PLACE SETTING WHITE HEART,48,31-08-2011 15:49,0.42,17315.0,United Kingdom
573585,35924,HANGING FAIRY CAKE DECORATION,1,31-10-2011 14:41,4.13,,United Kingdom
564855,85099B,JUMBO BAG RED RETROSPOT,10,31-08-2011 09:10,2.08,16746.0,United Kingdom
572108,23085,ANTIQUE SILVER BAUBLE LAMP  ,4,20-10-2011 18:08,10.4,15814.0,United Kingdom
539484,22943,CHRISTMAS LIGHTS 10 VINTAGE BAUBLES,4,19-12-2010 15:44,4.95,15640.0,United Kingdom
537312,22556,PLASTERS IN TIN CIRCUS PARADE ,12,06-12-2010 11:42,1.65,14189.0,United Kingdom
556789,22720,SET OF 3 CAKE TINS PANTRY DESIGN ,3,14-06-2011 13:40,4.95,15129.0,United Kingdom
569732,22750,FELTCRAFT PRINCESS LOLA DOLL,4,06-10-2011 09:56,3.75,13177.0,United Kingdom
541827,21212,PACK OF 72 RETROSPOT CAKE CASES,1,21-01-2011 17:05,1.25,,United Kingdom
578129,21264,WHITE GOOSE FEATHER TREE 60CM ,12,23-11-2011 10:39,1.95,13502.0,United Kingdom
539437,20719,WOODLAND CHARLOTTE BAG,5,17-12-2010 14:54,1.66,,United Kingdom
551197,22781,GUMBALL MAGAZINE RACK,1,27-04-2011 11:26,7.65,14078.0,United Kingdom
568567,21744,SNOWFLAKE PORTABLE TABLE LIGHT ,1,27-09-2011 18:41,2.46,,United Kingdom
536594,21733,RED HANGING HEART T-LIGHT HOLDER,6,01-12-2010 17:22,2.95,15235.0,United Kingdom
550636,85194L,HANGING SPRING FLOWER EGG LARGE,2,19-04-2011 15:37,1.63,,United Kingdom
561894,22096,PINK PAISLEY SQUARE TISSUE BOX ,1,31-07-2011 15:00,0.39,14456.0,United Kingdom
539263,21217,RED RETROSPOT ROUND CAKE TINS,1,16-12-2010 14:36,9.95,16560.0,United Kingdom
543428,22804,CANDLEHOLDER PINK HANGING HEART,4,08-02-2011 11:36,2.95,17787.0,United Kingdom
562771,84988,SET OF 72 PINK HEART PAPER DOILIES,16,09-08-2011 12:00,1.45,13113.0,United Kingdom
576085,22141,CHRISTMAS CRAFT TREE TOP ANGEL,6,14-11-2011 08:28,2.1,15365.0,United Kingdom
540154,22726,ALARM CLOCK BAKELIKE GREEN,2,05-01-2011 11:30,7.62,,United Kingdom
568526,21811,HANGING HEART WITH BELL,48,27-09-2011 13:04,0.39,17656.0,United Kingdom
568949,21122,SET/10 PINK POLKADOT PARTY CANDLES,1,29-09-2011 15:13,2.46,,United Kingdom
581439,22592,CARDHOLDER HOLLY WREATH METAL,2,08-12-2011 16:30,7.46,,United Kingdom
548185,84978,HANGING HEART JAR T-LIGHT HOLDER,12,29-03-2011 14:58,1.25,15628.0,United Kingdom
569219,21485,RETROSPOT HEART HOT WATER BOTTLE,1,02-10-2011 13:01,4.95,13558.0,United Kingdom
555276,85099B,JUMBO BAG RED RETROSPOT,2,01-06-2011 17:28,4.13,,United Kingdom
565378,22112,CHOCOLATE HOT WATER BOTTLE,8,02-09-2011 15:16,12.46,,United Kingdom
576329,84559A,3D SHEET OF DOG STICKERS,1,14-11-2011 15:22,1.63,,United Kingdom
569662,85123A,WHITE HANGING HEART T-LIGHT HOLDER,12,05-10-2011 13:19,2.95,15244.0,United Kingdom
571715,22907,PACK OF 20 NAPKINS PANTRY DESIGN,5,18-10-2011 17:04,0.85,17576.0,United Kingdom
540551,22602,CHRISTMAS RETROSPOT HEART WOOD,1,10-01-2011 09:43,1.66,,United Kingdom
553175,22295,HEART FILIGREE DOVE LARGE,2,15-05-2011 11:17,1.65,,United Kingdom
550514,22087,PAPER BUNTING WHITE LACE,6,18-04-2011 16:49,2.95,14631.0,United Kingdom
C565848,22697,GREEN REGENCY TEACUP AND SAUCER,-2,07-09-2011 12:48,2.95,14606.0,United Kingdom
547249,22217,T-LIGHT HOLDER HANGING LACE,1,22-03-2011 09:27,2.46,,United Kingdom
562649,82486,WOOD S/3 CABINET ANT WHITE FINISH,1,08-08-2011 13:11,8.95,14606.0,United Kingdom
536623,82494L,WOODEN FRAME ANTIQUE WHITE ,12,02-12-2010 10:39,2.95,15601.0,United Kingdom
562844,22625,RED KITCHEN SCALES,6,10-08-2011 08:41,8.5,12444.0,Norway
570467,23159,SET OF 5 PANCAKE DAY MAGNETS,12,10-10-2011 16:06,2.08,12607.0,USA
576071,23681,LUNCH BAG RED VINTAGE DOILY,1,13-11-2011 16:03,1.65,18069.0,United Kingdom
573601,23284,DOORMAT KEEP CALM AND COME IN,2,31-10-2011 15:24,15.79,,United Kingdom
557763,23298,SPOTTY BUNTING,6,22-06-2011 14:10,4.95,17669.0,United Kingdom
568188,21363,HOME SMALL WOOD LETTERS,2,25-09-2011 14:33,4.95,16049.0,United Kingdom
550644,84987,SET OF 36 TEATIME PAPER DOILIES,3,19-04-2011 16:19,1.45,12733.0,USA
547223,10002,INFLATABLE POLITICAL GLOBE ,5,21-03-2011 15:10,0.85,12867.0,United Kingdom
574856,22776,SWEETHEART 3 TIER CAKE STAND ,1,07-11-2011 12:06,19.96,,United Kingdom
545435,22427,ENAMEL FLOWER JUG CREAM,3,02-03-2011 15:28,5.95,16217.0,United Kingdom
560567,22327,ROUND SNACK BOXES SET OF 4 SKULLS,3,19-07-2011 13:57,6.63,,United Kingdom
575607,22714,CARD BIRTHDAY COWBOY,2,10-11-2011 12:37,0.83,14096.0,United Kingdom
572664,22383,LUNCH BAG SUKI DESIGN ,10,25-10-2011 12:56,1.65,16401.0,United Kingdom
542737,22970,LONDON BUS COFFEE MUG,1,31-01-2011 15:52,2.55,15058.0,United Kingdom
556924,47503A,ASS FLORAL PRINT MULTI SCREWDRIVER,1,15-06-2011 14:14,1.25,,France
558696,15044C,PURPLE PAPER PARASOL,1,01-07-2011 12:09,2.95,16746.0,United Kingdom
567383,22423,REGENCY CAKESTAND 3 TIER,3,20-09-2011 10:21,12.75,18180.0,United Kingdom
566520,47566,PARTY BUNTING,2,13-09-2011 11:26,4.95,17757.0,United Kingdom
565129,22896,PEG BAG APPLES DESIGN,2,01-09-2011 12:41,2.55,15719.0,United Kingdom
564838,22209,WOOD STAMP SET HAPPY BIRTHDAY,1,30-08-2011 12:43,3.29,,United Kingdom
560225,22356,CHARLOTTE BAG PINK POLKADOT,1,15-07-2011 16:27,1.63,,United Kingdom
538853,47566,PARTY BUNTING,3,14-12-2010 13:35,4.65,16805.0,United Kingdom
548974,22722,SET OF 6 SPICE TINS PANTRY DESIGN,4,05-04-2011 11:47,3.95,15194.0,United Kingdom
545176,37333,"RETRO ""TEA FOR ONE"" ",3,28-02-2011 14:19,0.0,,United Kingdom
555095,84375,SET OF 20 KIDS COOKIE CUTTERS,12,31-05-2011 13:32,2.1,12540.0,Spain
557745,21561,DINOSAUR LUNCH BOX WITH CUTLERY,3,22-06-2011 12:16,2.55,15750.0,United Kingdom
568397,21259,VICTORIAN SEWING BOX SMALL ,2,27-09-2011 10:24,5.95,15745.0,United Kingdom
538883,84032A,CHARLIE+LOLA PINK HOT WATER BOTTLE,6,14-12-2010 15:56,5.91,,United Kingdom
547042,48111,DOORMAT 3 SMILEY CATS,1,20-03-2011 11:00,15.79,,United Kingdom
576617,21174,POTTERING IN THE SHED METAL SIGN,1,15-11-2011 16:57,4.13,,United Kingdom
548502,84997c,CHILDRENS CUTLERY POLKADOT BLUE,2,31-03-2011 14:17,8.29,,United Kingdom
567878,21558,SKULL LUNCH BOX WITH CUTLERY ,1,22-09-2011 14:42,2.55,16910.0,United Kingdom
538678,22741,FUNKY DIVA PEN,1,13-12-2010 16:46,0.85,,United Kingdom
576398,22110,BIRD HOUSE HOT WATER BOTTLE,6,15-11-2011 10:48,2.55,15758.0,United Kingdom
577742,84596G,SMALL CHOCOLATES PINK BOWL,1,21-11-2011 13:41,0.42,13755.0,United Kingdom
578995,23507,MINI PLAYING CARDS BUFFALO BILL ,4,27-11-2011 15:59,0.42,15861.0,United Kingdom
547548,22983,CARD BILLBOARD FONT,12,23-03-2011 15:37,0.42,15644.0,United Kingdom
548516,47566,PARTY BUNTING,1,31-03-2011 16:28,10.79,,United Kingdom
576840,90161D,ANT COPPER PINK BOUDICCA BRACELET,2,16-11-2011 15:23,4.98,,United Kingdom
565924,84818,DANISH ROSE PHOTO FRAME,24,08-09-2011 10:01,0.79,13026.0,United Kingdom
574070,85099F,JUMBO BAG STRAWBERRY,10,02-11-2011 14:52,2.08,16748.0,United Kingdom
556998,22727,ALARM CLOCK BAKELIKE RED ,12,16-06-2011 10:48,3.75,16672.0,United Kingdom
542370,22613,PACK OF 20 SPACEBOY NAPKINS,12,27-01-2011 13:23,0.85,13004.0,United Kingdom
575007,22423,REGENCY CAKESTAND 3 TIER,1,08-11-2011 11:20,12.75,14140.0,United Kingdom
543770,20718,RED RETROSPOT SHOPPER BAG,10,11-02-2011 15:39,1.25,13875.0,United Kingdom
577601,20978,36 PENCILS TUBE SKULLS,16,21-11-2011 08:31,1.25,17675.0,United Kingdom
579297,21428,SET3 BOOK BOX GREEN GINGHAM FLOWER ,1,29-11-2011 11:23,8.29,,United Kingdom
578844,23694,PAISLEY PARK CARD,1,25-11-2011 16:14,0.83,,United Kingdom
541123,22399,MAGNETS PACK OF 4 CHILDHOOD MEMORY,12,14-01-2011 09:52,1.25,13385.0,United Kingdom
539038,82613D,METAL SIGN CUPCAKE SINGLE HOOK,20,15-12-2010 14:45,0.42,15641.0,United Kingdom
548627,21891,TRADITIONAL WOODEN SKIPPING ROPE,288,01-04-2011 12:19,1.06,16333.0,United Kingdom
563540,22080,RIBBON REEL POLKADOTS ,10,17-08-2011 12:04,1.65,12473.0,Germany
542611,22109,FULL ENGLISH BREAKFAST PLATE,1,30-01-2011 14:13,3.75,15415.0,United Kingdom
560025,85099B,JUMBO BAG RED RETROSPOT,1,14-07-2011 13:00,2.08,18283.0,United Kingdom
571944,22066,LOVE HEART TRINKET POT,48,20-10-2011 10:15,0.39,13755.0,United Kingdom
573245,23393,HOME SWEET HOME CUSHION COVER ,1,28-10-2011 12:08,3.75,17841.0,United Kingdom
551840,48129,DOORMAT TOPIARY,10,04-05-2011 13:36,6.75,15144.0,United Kingdom
555566,23091,ZINC HERB GARDEN CONTAINER,3,05-06-2011 15:19,6.25,14659.0,United Kingdom
549958,22353,LUNCH BOX WITH CUTLERY FAIRY CAKES ,5,13-04-2011 13:47,2.55,17589.0,United Kingdom
557849,21931,JUMBO STORAGE BAG SUKI,10,23-06-2011 10:52,2.08,17613.0,United Kingdom
541260,22666,RECIPE BOX PANTRY YELLOW DESIGN,2,16-01-2011 15:44,2.95,16059.0,United Kingdom
548363,21394,RED POLKADOT BEAKER ,48,30-03-2011 15:48,0.39,12428.0,Finland
581023,22327,ROUND SNACK BOXES SET OF 4 SKULLS,2,07-12-2011 10:35,6.63,,United Kingdom
573069,22301,COFFEE MUG CAT + BIRD DESIGN,6,27-10-2011 13:58,2.55,18077.0,United Kingdom
562031,22811,SET OF 6 T-LIGHTS CACTI ,2,01-08-2011 17:37,2.95,16984.0,United Kingdom
567901,84987,SET OF 36 TEATIME PAPER DOILIES,1,22-09-2011 16:28,2.92,,United Kingdom
559055,47593B,SCOTTIE DOGS BABY BIB,4,05-07-2011 17:09,0.83,,United Kingdom
581193,23290,SPACEBOY CHILDRENS BOWL,2,07-12-2011 17:05,1.25,17097.0,Spain
546008,22895,SET OF 2 TEA TOWELS APPLE AND PEARS,3,08-03-2011 15:43,2.95,,United Kingdom
548153,22521,CHILDS GARDEN TROWEL PINK,12,29-03-2011 13:05,0.85,15129.0,United Kingdom
564818,85078,SCANDINAVIAN 3 HEARTS NAPKIN RING,1,30-08-2011 12:10,1.63,,United Kingdom
575930,23229,VINTAGE DONKEY TAIL GAME ,1,11-11-2011 17:58,7.46,,United Kingdom
574663,23397,FOOT STOOL HOME SWEET HOME ,1,06-11-2011 12:04,9.95,13527.0,United Kingdom
572458,85049A,TRADITIONAL CHRISTMAS RIBBONS,12,24-10-2011 12:51,1.25,15142.0,United Kingdom
C575224,23203,JUMBO BAG VINTAGE DOILY ,-100,09-11-2011 11:41,1.79,17511.0,United Kingdom
536401,20963,APPLE BATH SPONGE,1,01-12-2010 11:21,1.25,15862.0,United Kingdom
536544,21977,PACK OF 60 PINK PAISLEY CAKE CASES,1,01-12-2010 14:32,1.28,,United Kingdom
580729,23562,SET OF 6 RIBBONS PERFECTLY PRETTY  ,2,05-12-2011 17:24,5.79,,United Kingdom
568797,23201,JUMBO BAG ALPHABET,100,29-09-2011 10:22,1.75,13694.0,United Kingdom
546423,22248,DECORATION  PINK CHICK MAGIC GARDEN,2,13-03-2011 12:39,0.85,14502.0,United Kingdom
559914,22139,RETROSPOT TEA SET CERAMIC 11 PC ,1,13-07-2011 15:13,10.79,,United Kingdom
581180,23506,MINI PLAYING CARDS SPACEBOY ,20,07-12-2011 15:52,0.42,12347.0,Iceland
577524,22154,ANGEL DECORATION 3 BUTTONS ,3,20-11-2011 13:33,0.42,16905.0,United Kingdom
544769,22333,RETROSPOT PARTY BAG + STICKER SET,48,23-02-2011 11:11,1.45,16422.0,United Kingdom
549667,22672,FRENCH BATHROOM SIGN BLUE METAL,12,11-04-2011 12:20,1.65,14911.0,EIRE
553387,20657,TROPICAL LUGGAGE TAG,1,16-05-2011 16:33,2.46,,United Kingdom
546502,21898,POTTING SHED ROSE CANDLE,1,14-03-2011 11:46,2.95,16005.0,United Kingdom
555150,22838,3 TIER CAKE TIN RED AND CREAM,1,31-05-2011 15:53,29.13,,United Kingdom
571850,22110,BIRD HOUSE HOT WATER BOTTLE,1,19-10-2011 12:54,2.55,14698.0,United Kingdom
561692,21912,VINTAGE SNAKES & LADDERS,4,29-07-2011 09:48,3.75,14143.0,United Kingdom
545294,22194,BLACK DINER WALL CLOCK,1,01-03-2011 12:07,8.5,17965.0,United Kingdom
560635,21533,RETROSPOT LARGE MILK JUG,3,20-07-2011 10:51,4.95,12521.0,Germany
549548,90175A,WHITE GLASS CHUNKY CHARM BRACELET,1,10-04-2011 11:35,8.95,13548.0,United Kingdom
576329,23437, 50'S CHRISTMAS GIFT BAG LARGE,1,14-11-2011 15:22,2.46,,United Kingdom
551966,21181,PLEASE ONE PERSON METAL SIGN,4,05-05-2011 13:14,2.1,15356.0,United Kingdom
562346,20728,LUNCH BAG CARS BLUE,20,04-08-2011 12:14,1.65,16187.0,United Kingdom
564904,23263,SET OF 3 WOODEN HEART DECORATIONS,12,31-08-2011 12:11,1.25,15984.0,United Kingdom
542622,15036,ASSORTED COLOURS SILK FAN,11,31-01-2011 09:09,1.25,,United Kingdom
537137,15039,SANDALWOOD FAN,3,05-12-2010 12:43,0.85,16327.0,United Kingdom
545474,20914,SET/5 RED RETROSPOT LID GLASS BOWLS,6,03-03-2011 10:55,2.95,16709.0,United Kingdom
559109,23344,JUMBO BAG 50'S CHRISTMAS ,1,06-07-2011 11:52,2.08,15021.0,United Kingdom
570842,22355,CHARLOTTE BAG SUKI DESIGN,10,12-10-2011 14:21,0.85,17676.0,United Kingdom
560892,22630,DOLLY GIRL LUNCH BOX,12,21-07-2011 17:08,1.95,13089.0,United Kingdom
552574,22778,GLASS CLOCHE SMALL,24,10-05-2011 12:20,3.39,15311.0,United Kingdom
562890,23298,SPOTTY BUNTING,6,10-08-2011 12:11,4.95,14191.0,United Kingdom
568346,22624,IVORY KITCHEN SCALES,2,26-09-2011 15:28,16.63,14096.0,United Kingdom
542344,21131,GOLD STANDING GNOME,1,27-01-2011 11:30,8.29,,United Kingdom
544454,85049F,BABY BOOM RIBBONS ,2,20-02-2011 13:13,1.25,13301.0,United Kingdom
566847,84508B,STRIPES DESIGN TEDDY,2,15-09-2011 11:57,2.55,15005.0,United Kingdom
537773,22627,MINT KITCHEN SCALES,1,08-12-2010 12:36,8.5,16016.0,United Kingdom
537196,21326,AGED GLASS SILVER T-LIGHT HOLDER,12,05-12-2010 13:55,0.65,15426.0,United Kingdom
570465,23350,ROLL WRAP VINTAGE SPOT ,2,10-10-2011 16:02,2.46,,United Kingdom
558707,23208,LUNCH BAG VINTAGE LEAF DESIGN,1,01-07-2011 12:58,1.65,12748.0,United Kingdom
580664,71459,HANGING JAM JAR T-LIGHT HOLDERS,12,05-12-2011 14:03,0.85,15097.0,United Kingdom
568046,22621,TRADITIONAL KNITTING NANCY,1,23-09-2011 12:16,1.65,18118.0,United Kingdom
569637,23238,SET OF 4 KNICK KNACK TINS LONDON ,6,05-10-2011 12:14,4.15,15757.0,United Kingdom
564727,22796,PHOTO FRAME 3 CLASSIC HANGING,2,28-08-2011 12:31,9.95,16686.0,United Kingdom
577744,20728,LUNCH BAG CARS BLUE,20,21-11-2011 13:58,1.65,18229.0,United Kingdom
567184,20754,RETROSPOT RED WASHING UP GLOVES,1,18-09-2011 15:41,2.1,16033.0,United Kingdom
576463,22144,CHRISTMAS CRAFT LITTLE FRIENDS,2,15-11-2011 11:37,2.1,17974.0,United Kingdom
554382,21829,DINOSAUR KEYRINGS ASSORTED,72,24-05-2011 11:55,0.21,17365.0,United Kingdom
579512,22701,PINK DOG BOWL,2,29-11-2011 16:47,2.46,,United Kingdom
541214,21845,DAIRY MAID STRIPE MUG,6,14-01-2011 13:41,2.95,15570.0,United Kingdom
558774,22741,FUNKY DIVA PEN,1,04-07-2011 10:17,1.63,,United Kingdom
566299,23267,SET OF 4 SANTA PLACE SETTINGS,12,11-09-2011 15:59,1.25,16871.0,United Kingdom
564479,22385,JUMBO BAG SPACEBOY DESIGN,10,25-08-2011 13:12,2.08,12682.0,France
536945,22132,RED LOVE HEART SHAPE CUP,2,03-12-2010 12:24,0.85,14083.0,United Kingdom
572669,22417,PACK OF 60 SPACEBOY CAKE CASES,1,25-10-2011 13:10,0.55,16549.0,United Kingdom
576600,21485,RETROSPOT HEART HOT WATER BOTTLE,3,15-11-2011 15:08,4.95,18181.0,United Kingdom
580730,22420,LIPSTICK PEN BABY PINK,1,05-12-2011 17:28,0.83,,United Kingdom
572329,22979,PANTRY WASHING UP BRUSH,12,24-10-2011 10:13,1.45,14019.0,United Kingdom
569206,85123A,WHITE HANGING HEART T-LIGHT HOLDER,2,02-10-2011 10:58,2.95,15038.0,United Kingdom
557217,20977,36 PENCILS TUBE WOODLAND,16,17-06-2011 12:30,1.25,17426.0,United Kingdom
581574,21257,VICTORIAN SEWING BOX MEDIUM,2,09-12-2011 12:09,7.95,12526.0,Germany
544942,22029,SPACEBOY BIRTHDAY CARD,12,25-02-2011 10:29,0.42,15544.0,United Kingdom
568135,23435,3 RAFFIA RIBBONS VINTAGE CHRISTMAS,3,23-09-2011 17:04,0.83,,United Kingdom
547485,22489,PACK OF 12 TRADITIONAL CRAYONS,3,23-03-2011 11:16,0.42,17019.0,United Kingdom
566221,84568,GIRLS ALPHABET IRON ON PATCHES ,10,09-09-2011 16:13,0.42,,United Kingdom
574076,22356,CHARLOTTE BAG PINK POLKADOT,2,02-11-2011 15:38,1.63,,United Kingdom
566869,23206,LUNCH BAG APPLE DESIGN,10,15-09-2011 13:20,1.65,13658.0,United Kingdom
548715,84251G,"GREETING CARD, OVERCROWDED POOL.",12,03-04-2011 15:22,0.19,17758.0,United Kingdom
573500,22996,TRAVEL CARD WALLET VINTAGE TICKET,6,31-10-2011 12:01,0.42,16931.0,United Kingdom
543121,22505,MEMO BOARD COTTAGE DESIGN,4,03-02-2011 13:58,4.95,12662.0,Germany
546891,84596J,MIXED NUTS LIGHT GREEN BOWL,1,17-03-2011 18:18,0.83,,United Kingdom
560212,22743,MAKE YOUR OWN FLOWERPOWER CARD KIT,1,15-07-2011 14:58,2.95,14722.0,United Kingdom
546542,21397,BLUE POLKADOT EGG CUP ,12,14-03-2011 15:13,0.39,13263.0,United Kingdom
563095,21703,BAG 125g SWIRLY MARBLES,12,12-08-2011 09:04,0.42,13158.0,United Kingdom
551698,23201,JUMBO BAG ALPHABET,200,03-05-2011 13:52,1.79,13694.0,United Kingdom
538509,22319,HAIRCLIPS FORTIES FABRIC ASSORTED,12,12-12-2010 13:37,0.65,14413.0,United Kingdom
569898,22743,MAKE YOUR OWN FLOWERPOWER CARD KIT,1,06-10-2011 16:08,5.79,,United Kingdom
571684,22579,WOODEN TREE CHRISTMAS SCANDINAVIAN,3,18-10-2011 14:11,0.29,16730.0,United Kingdom
580983,22445,PENCIL CASE LIFE IS BEAUTIFUL,1,06-12-2011 16:26,5.79,,United Kingdom
542303,84509B,SET OF 4 FAIRY CAKE PLACEMATS,4,27-01-2011 11:05,3.75,12539.0,Spain
571322,23200,JUMBO BAG PEARS,10,17-10-2011 11:05,2.08,13534.0,United Kingdom
C581460,22107,PIZZA PLATE IN BOX,-1,08-12-2011 18:48,1.25,13078.0,United Kingdom
561797,22149,FELTCRAFT 6 FLOWER FRIENDS,6,29-07-2011 13:37,2.1,13178.0,United Kingdom
545596,22557,PLASTERS IN TIN VINTAGE PAISLEY ,12,04-03-2011 10:49,1.65,14447.0,United Kingdom
545036,82578,KITCHEN METAL SIGN,2,25-02-2011 17:25,0.55,14573.0,United Kingdom
557210,22208,WOOD STAMP SET THANK YOU,2,17-06-2011 11:49,0.83,18118.0,United Kingdom
546317,21060,PARTY INVITES BALLOON GIRL,12,11-03-2011 09:07,0.85,14913.0,United Kingdom
550607,48194,DOORMAT HEARTS,2,19-04-2011 12:17,7.95,16919.0,United Kingdom
577469,22863,SOAP DISH BROCANTE,1,20-11-2011 11:25,2.95,15009.0,United Kingdom
577125,23497,CLASSIC CHROME BICYCLE BELL ,12,17-11-2011 18:43,1.45,12445.0,Spain
563076,21787,RAIN PONCHO RETROSPOT,144,11-08-2011 16:12,0.65,14646.0,Netherlands
540418,22817,CARD SUKI BIRTHDAY,17,07-01-2011 11:04,0.43,,United Kingdom
579510,84997C,CHILDRENS CUTLERY POLKADOT BLUE,4,29-11-2011 16:44,4.15,14554.0,United Kingdom
546520,21058,PARTY INVITES WOODLAND,12,14-03-2011 12:28,0.85,14911.0,EIRE
547788,21090,SET/6 COLLAGE PAPER PLATES,7,25-03-2011 12:00,0.83,,United Kingdom
571747,23206,LUNCH BAG APPLE DESIGN,10,19-10-2011 10:59,1.65,13849.0,United Kingdom
573339,23208,LUNCH BAG VINTAGE LEAF DESIGN,10,30-10-2011 11:49,1.65,13278.0,United Kingdom
564974,23300,GARDENERS KNEELING PAD CUP OF TEA ,2,31-08-2011 15:32,3.29,,United Kingdom
555854,22398,MAGNETS PACK OF 4 SWALLOWS,1,07-06-2011 13:47,1.25,12748.0,United Kingdom
547825,POST,POSTAGE,1,25-03-2011 15:01,15.0,12778.0,Netherlands
567074,84725,FREESTYLE CANVAS ART PICTURE,7,16-09-2011 12:22,0.75,17068.0,United Kingdom
543467,21313,GLASS HEART T-LIGHT HOLDER ,1,08-02-2011 14:35,1.63,,United Kingdom
545311,84946,ANTIQUE SILVER TEA GLASS ETCHED,12,01-03-2011 13:45,1.25,15660.0,United Kingdom
569524,23511,EMBROIDERED RIBBON REEL EMILY ,1,04-10-2011 14:42,2.08,14506.0,United Kingdom
578017,23339,EGG FRYING PAN BLUE ,1,22-11-2011 13:07,2.08,13569.0,United Kingdom
559948,22192,BLUE DINER WALL CLOCK,12,14-07-2011 10:41,7.65,12653.0,Israel
562200,23341,PINK DINER WALL CLOCK,2,03-08-2011 12:21,8.5,17719.0,United Kingdom
546884,22247,BUNNY DECORATION MAGIC GARDEN,1,17-03-2011 18:08,1.63,,United Kingdom
538307,22082,RIBBON REEL STRIPES DESIGN ,5,10-12-2010 13:27,1.65,14667.0,United Kingdom
577078,21787,RAIN PONCHO RETROSPOT,1,17-11-2011 15:17,1.63,,United Kingdom
550303,22969,HOMEMADE JAM SCENTED CANDLES,12,17-04-2011 10:21,1.45,18213.0,United Kingdom
565218,22077,6 RIBBONS RUSTIC CHARM,12,01-09-2011 17:45,1.65,12739.0,United Arab Emirates
573551,22867,HAND WARMER BIRD DESIGN,6,31-10-2011 13:35,2.1,15044.0,United Kingdom
565919,21380,WOODEN HAPPY BIRTHDAY GARLAND,2,07-09-2011 16:48,5.79,,United Kingdom
543010,84375,SET OF 20 KIDS COOKIE CUTTERS,12,02-02-2011 13:16,2.1,18250.0,United Kingdom
566087,84879,ASSORTED COLOUR BIRD ORNAMENT,16,09-09-2011 10:24,1.69,13319.0,United Kingdom
564141,22727,ALARM CLOCK BAKELIKE RED ,2,23-08-2011 11:47,3.75,17841.0,United Kingdom
537823,22739,RIBBON REEL CHRISTMAS SOCK BAUBLE,2,08-12-2010 14:25,3.36,,United Kingdom
546365,22281,EASTER TREE YELLOW BIRDS,4,11-03-2011 11:35,5.95,12520.0,Germany
548551,22904,CALENDAR PAPER CUT DESIGN,6,01-04-2011 08:56,2.95,14886.0,United Kingdom
575919,21867,PINK UNION JACK  LUGGAGE TAG,2,11-11-2011 17:00,1.25,15311.0,United Kingdom
575477,90175B,PINK GLASS CHUNKY CHARM BRACELET,1,09-11-2011 16:14,9.15,,United Kingdom
C553687,22241,GARLAND WOODEN HAPPY EASTER,-1,18-05-2011 14:01,1.06,15311.0,United Kingdom
539642,82600,NO SINGING METAL SIGN,2,20-12-2010 15:35,2.1,15867.0,United Kingdom
572499,23376,PACK OF 12 VINTAGE CHRISTMAS TISSUE,24,24-10-2011 14:10,0.39,15786.0,United Kingdom
536846,22272,FELTCRAFT DOLL MARIA,1,02-12-2010 19:59,2.95,14573.0,United Kingdom
552831,16015,MEDIUM CHINESE STYLE SCISSOR,30,11-05-2011 14:12,0.5,13052.0,United Kingdom
578331,21993,FLORAL FOLK STATIONERY SET,12,24-11-2011 08:44,1.25,14911.0,EIRE
566060,22410,MONEY BOX HOUSEKEEPING DESIGN,1,08-09-2011 15:27,2.46,,United Kingdom
C539661,15036,ASSORTED COLOURS SILK FAN,-48,21-12-2010 10:16,0.75,12971.0,United Kingdom
578783,22780,LIGHT GARLAND BUTTERFILES PINK,2,25-11-2011 11:58,4.25,12748.0,United Kingdom
556484,22961,JAM MAKING SET PRINTED,4,12-06-2011 13:17,1.45,16938.0,United Kingdom
554665,21830,ASSORTED CREEPY CRAWLIES,24,25-05-2011 14:44,0.42,14336.0,United Kingdom
541848,79191B,RETRO PLASTIC POLKA TRAY,1,23-01-2011 13:31,0.85,17611.0,United Kingdom
559051,22960,JAM MAKING SET WITH JARS,1,05-07-2011 16:47,8.29,,United Kingdom
541215,21947,SET OF 6 HEART CHOPSTICKS,12,14-01-2011 13:42,1.25,14329.0,United Kingdom
571697,23346,SPACEBOY BEAKER,12,18-10-2011 14:49,1.25,12759.0,Netherlands
546650,21187,WHITE BELL HONEYCOMB PAPER GARLAND ,3,15-03-2011 14:17,3.29,,United Kingdom
549713,22963,JAM JAR WITH GREEN LID,4,11-04-2011 14:11,0.85,17611.0,United Kingdom
574240,22296,HEART IVORY TRELLIS LARGE,6,03-11-2011 12:45,1.65,15998.0,United Kingdom
556244,22109,FULL ENGLISH BREAKFAST PLATE,3,09-06-2011 16:08,3.75,15867.0,United Kingdom
545685,22293,HANGING CHICK GREEN DECORATION,1,06-03-2011 11:55,1.45,14499.0,United Kingdom
557937,23182,TOILET SIGN OCCUPIED OR VACANT,2,23-06-2011 15:30,2.46,,United Kingdom
542608,22028,PENNY FARTHING BIRTHDAY CARD,12,30-01-2011 13:51,0.42,16770.0,United Kingdom
542100,22175,PINK OWL SOFT TOY,2,25-01-2011 13:15,2.95,15339.0,United Kingdom
580673,23529,WALL ART DOLLY GIRL ,6,05-12-2011 14:30,3.75,13089.0,United Kingdom
574240,23321,SMALL WHITE HEART OF WICKER,2,03-11-2011 12:45,1.65,15998.0,United Kingdom
576255,21811,HANGING HEART WITH BELL,23,14-11-2011 14:09,0.39,15993.0,United Kingdom
538657,22112,CHOCOLATE HOT WATER BOTTLE,2,13-12-2010 15:26,4.95,15867.0,United Kingdom
544338,21211,SET OF 72 SKULL PAPER  DOILIES,12,18-02-2011 08:47,1.45,12852.0,United Kingdom
567236,22192,BLUE DINER WALL CLOCK,2,19-09-2011 11:33,8.5,14735.0,United Kingdom
559051,20665,RED RETROSPOT PURSE ,1,05-07-2011 16:47,2.46,,United Kingdom
563193,22494,EMERGENCY FIRST AID TIN ,1,12-08-2011 16:30,2.46,,United Kingdom
577834,23485,BOTANICAL GARDENS WALL CLOCK ,4,22-11-2011 10:21,20.8,17528.0,United Kingdom
541104,90125E,AMBER BERTIE GLASS BEAD BAG CHARM,2,13-01-2011 14:29,1.63,,United Kingdom
543389,85173,SET/6 FROG PRINCE T-LIGHT CANDLES,1,08-02-2011 09:56,2.55,17841.0,United Kingdom
552668,20970,PINK FLORAL FELTCRAFT SHOULDER BAG,1,10-05-2011 15:05,7.46,,United Kingdom
578065,85099F,JUMBO BAG STRAWBERRY,1,22-11-2011 15:41,4.13,,United Kingdom
544106,22767,TRIPLE PHOTO FRAME CORNICE ,1,16-02-2011 10:47,9.95,14530.0,United Kingdom
547888,22978,PANTRY ROLLING PIN,6,28-03-2011 09:59,3.75,13368.0,United Kingdom
579512,22551,PLASTERS IN TIN SPACEBOY,1,29-11-2011 16:47,3.29,,United Kingdom
539760,22970,LONDON BUS COFFEE MUG,6,21-12-2010 17:16,2.55,17400.0,United Kingdom
560906,23161,REGENCY CAKE FORK,12,21-07-2011 17:55,1.25,15827.0,United Kingdom
564838,23086,ZINC  STAR T-LIGHT HOLDER ,2,30-08-2011 12:43,2.46,,United Kingdom
C548947,22180,RETROSPOT LAMP,-1,05-04-2011 10:45,9.95,14546.0,United Kingdom
548165,20713,JUMBO BAG OWLS,5,29-03-2011 13:44,4.13,,United Kingdom
575724,23355,HOT WATER BOTTLE KEEP CALM,4,10-11-2011 18:37,4.95,14608.0,United Kingdom
536943,22746,POPPY'S PLAYHOUSE LIVINGROOM ,1,03-12-2010 12:11,2.1,17884.0,United Kingdom
570273,23493,VINTAGE DOILY TRAVEL SEWING KIT,20,10-10-2011 10:51,1.95,13373.0,United Kingdom
577527,22273,FELTCRAFT DOLL MOLLY,3,20-11-2011 13:40,2.95,17523.0,United Kingdom
580292,22075,6 RIBBONS ELEGANT CHRISTMAS ,1,02-12-2011 13:37,0.39,15856.0,United Kingdom
547875,47590A,BLUE HAPPY BIRTHDAY BUNTING,6,27-03-2011 15:40,5.45,13408.0,United Kingdom
547042,90134,OLD ROSE COMBO BEAD NECKLACE,1,20-03-2011 11:00,2.9,,United Kingdom
576927,21558,SKULL LUNCH BOX WITH CUTLERY ,6,17-11-2011 11:02,2.55,12567.0,France
539451,21390,FILIGRIS HEART WITH BUTTERFLY,2,17-12-2010 16:59,2.51,,United Kingdom
536390,21086,SET/6 RED SPOTTY PAPER CUPS,48,01-12-2010 10:19,0.65,17511.0,United Kingdom
547669,15030,FAN BLACK FRAME ,5,24-03-2011 13:37,0.29,12748.0,United Kingdom
569332,22124,SET OF 2 TEA TOWELS PING MICROWAVE,1,03-10-2011 13:46,2.95,12637.0,France
557153,23172,REGENCY TEA PLATE PINK,3,17-06-2011 11:07,1.65,13735.0,United Kingdom
577516,20992,JAZZ HEARTS PURSE NOTEBOOK,3,20-11-2011 13:08,0.39,16533.0,United Kingdom
561485,84849A,HELLO SAILOR BLUE SOAP HOLDER,4,27-07-2011 13:42,1.69,17841.0,United Kingdom
540169,21258,VICTORIAN SEWING BOX LARGE,2,05-01-2011 12:20,12.75,14527.0,United Kingdom
546306,90028,NEW BAROQUE LARGE NECKLACE BLK/WHIT,2,10-03-2011 16:16,8.32,,United Kingdom
578020,22964,3 PIECE SPACEBOY COOKIE CUTTER SET,6,22-11-2011 13:20,2.1,16979.0,United Kingdom
547498,22384,LUNCH BAG PINK POLKADOT,1,23-03-2011 12:24,1.65,15021.0,United Kingdom
581456,22998,TRAVEL CARD WALLET KEEP CALM,12,08-12-2011 18:42,0.42,17530.0,United Kingdom
581498,21155,RED RETROSPOT PEG BAG,4,09-12-2011 10:26,4.96,,United Kingdom
538368,84536A,ENGLISH ROSE NOTEBOOK A7 SIZE,1,12-12-2010 10:57,0.42,15503.0,United Kingdom
561330,22969,HOMEMADE JAM SCENTED CANDLES,12,26-07-2011 14:03,1.45,16019.0,United Kingdom
555841,23158,SET OF 5 LUCKY CAT MAGNETS ,1,07-06-2011 12:47,2.08,14583.0,United Kingdom
537823,85016,SET OF 6 VINTAGE NOTELETS KIT,1,08-12-2010 14:25,2.51,,United Kingdom
552674,21116,OWL DOORSTOP,1,10-05-2011 15:07,8.29,,United Kingdom
571425,23056,FLOWERS CHANDELIER T-LIGHT HOLDER,3,17-10-2011 12:41,6.25,14911.0,EIRE
578067,22968,ROSE COTTAGE KEEPSAKE BOX ,2,22-11-2011 15:43,19.96,,United Kingdom
571328,85049A,TRADITIONAL CHRISTMAS RIBBONS,24,17-10-2011 11:27,1.25,12473.0,Germany
541241,84536A,ENGLISH ROSE NOTEBOOK A7 SIZE,32,16-01-2011 11:08,0.42,13782.0,United Kingdom
540468,20972,PINK CREAM FELT CRAFT TRINKET BOX ,1,07-01-2011 13:55,2.51,,United Kingdom
537334,22747,POPPY'S PLAYHOUSE BATHROOM,1,06-12-2010 12:06,2.1,16719.0,United Kingdom
575977,23148,MINIATURE ANTIQUE ROSE HOOK IVORY,12,13-11-2011 13:27,0.83,17287.0,United Kingdom
558237,23298,SPOTTY BUNTING,1,27-06-2011 15:04,4.95,12867.0,United Kingdom
541104,22586,FELTCRAFT HAIRBAND PINK AND BLUE,1,13-01-2011 14:29,1.63,,United Kingdom
541567,85014B,RED RETROSPOT UMBRELLA,3,19-01-2011 11:51,5.95,12681.0,France
581439,22791,T-LIGHT GLASS FLUTED ANTIQUE,9,08-12-2011 16:30,2.46,,United Kingdom
543023,21733,RED HANGING HEART T-LIGHT HOLDER,12,02-02-2011 14:38,2.95,15270.0,United Kingdom
553050,21928,JUMBO BAG SCANDINAVIAN BLUE PAISLEY,10,13-05-2011 10:09,2.08,15498.0,United Kingdom
564725,23313,VINTAGE CHRISTMAS BUNTING,2,28-08-2011 12:28,4.95,18041.0,United Kingdom
540995,22403,MAGNETS PACK OF 4 VINTAGE LABELS ,3,13-01-2011 09:30,0.83,,United Kingdom
550318,85049C,ROMANTIC PINKS RIBBONS ,3,17-04-2011 12:25,1.25,16085.0,United Kingdom
575176,85199S,SMALL HANGING IVORY/RED WOOD BIRD,2,08-11-2011 18:29,0.83,,United Kingdom
545217,22883,NUMBER TILE VINTAGE FONT 4,1,28-02-2011 16:59,4.13,,United Kingdom
551172,47566,PARTY BUNTING,2,26-04-2011 16:53,4.95,17854.0,United Kingdom
562024,84951A,SET OF 4 PISTACHIO LOVEBIRD COASTER,1,01-08-2011 16:07,2.46,,United Kingdom
577286,21944,KITTENS DESIGN FLANNEL,2,18-11-2011 12:39,0.85,14606.0,United Kingdom
549125,90180B,PURPLE AMETHYST NECKLACE W TASSEL,1,06-04-2011 14:13,9.95,14964.0,United Kingdom
560225,23053,RECYCLED ACAPULCO MAT PINK,1,15-07-2011 16:27,16.63,,United Kingdom
546127,21535,RED RETROSPOT SMALL MILK JUG,12,09-03-2011 14:57,2.55,17730.0,United Kingdom
574317,17038,PORCELAIN BUDAH INCENSE HOLDER,100,03-11-2011 18:49,0.1,17078.0,United Kingdom
C548972,22784,LANTERN CREAM GAZEBO ,-3,05-04-2011 11:42,4.95,15674.0,United Kingdom
574883,22693,GROW A FLYTRAP OR SUNFLOWER IN TIN,48,07-11-2011 13:56,1.25,14623.0,United Kingdom
573315,22748,POPPY'S PLAYHOUSE KITCHEN,1,28-10-2011 17:27,2.1,17839.0,United Kingdom
572127,22221,CAKE STAND LOVEBIRD 2 TIER PINK,2,21-10-2011 09:20,9.95,14911.0,EIRE
555280,22296,HEART IVORY TRELLIS LARGE,12,02-06-2011 09:02,1.65,17162.0,United Kingdom
550819,82482,WOODEN PICTURE FRAME WHITE FINISH,4,20-04-2011 17:37,2.55,17530.0,United Kingdom
540813,85177,BASKET OF FLOWERS SEWING KIT,6,11-01-2011 12:41,0.85,14669.0,United Kingdom
553870,84947,ANTIQUE SILVER TEA GLASS ENGRAVED,24,19-05-2011 14:29,1.25,17980.0,United Kingdom
566193,20914,SET/5 RED RETROSPOT LID GLASS BOWLS,6,09-09-2011 13:37,2.95,14961.0,United Kingdom
544681,22998,TRAVEL CARD WALLET KEEP CALM,5,22-02-2011 16:28,0.83,,United Kingdom
554824,47590B,PINK HAPPY BIRTHDAY BUNTING,12,26-05-2011 14:21,5.45,15785.0,United Kingdom
570690,22598,CHRISTMAS MUSICAL ZINC TREE,3,11-10-2011 16:37,0.83,,United Kingdom
556459,20667,CHERRY BLOSSOM PURSE,1,10-06-2011 17:25,2.46,,United Kingdom
541130,21094,SET/6 RED SPOTTY PAPER PLATES,3,14-01-2011 10:15,2.46,,United Kingdom
571270,23427,STOOL HOME SWEET HOME ,1,16-10-2011 12:09,12.5,12940.0,United Kingdom
564342,23168,CLASSIC CAFE SUGAR DISPENSER,1,24-08-2011 14:53,1.25,16340.0,United Kingdom
562850,20725,LUNCH BAG RED RETROSPOT,100,10-08-2011 10:08,1.45,14680.0,United Kingdom
558367,84828,JUNGLE POPSICLES ICE LOLLY MOULDS,12,28-06-2011 15:31,1.25,16550.0,United Kingdom
539395,22923,FRIDGE MAGNETS LES ENFANTS ASSORTED,36,17-12-2010 11:52,0.85,12471.0,Germany
537030,22587,FELTCRAFT HAIRBAND RED AND BLUE,12,03-12-2010 16:44,0.85,16455.0,United Kingdom
C556640,22283,6 EGG HOUSE PAINTED WOOD,-2,13-06-2011 15:44,7.95,13148.0,United Kingdom
539317,22443,GROW YOUR OWN HERBS SET OF 3,1,16-12-2010 19:04,7.95,17392.0,United Kingdom
577405,22468,BABUSHKA LIGHTS STRING OF 10,4,20-11-2011 10:29,6.75,14116.0,United Kingdom
544887,22750,FELTCRAFT PRINCESS LOLA DOLL,4,24-02-2011 11:54,3.75,17364.0,United Kingdom
580729,21810,CHRISTMAS HANGING STAR WITH BELL,14,05-12-2011 17:24,0.83,,United Kingdom
575693,23080,RED METAL BOX TOP SECRET,2,10-11-2011 16:36,8.25,16979.0,United Kingdom
560434,21442,GREEN BIRDHOUSE DECORATION,2,18-07-2011 15:56,1.63,,United Kingdom
556728,23245,SET OF 3 REGENCY CAKE TINS,1,14-06-2011 11:36,4.95,15719.0,United Kingdom
539451,22910,PAPER CHAIN KIT VINTAGE CHRISTMAS,9,17-12-2010 16:59,3.36,,United Kingdom
580752,22750,FELTCRAFT PRINCESS LOLA DOLL,4,06-12-2011 09:56,3.75,12478.0,Greece
545445,22301,COFFEE MUG CAT + BIRD DESIGN,6,02-03-2011 16:26,2.55,17738.0,United Kingdom
547655,22956,36 FOIL HEART CAKE CASES,6,24-03-2011 12:52,2.1,14267.0,United Kingdom
557612,20840,FRENCH FLORAL CUSHION COVER ,24,21-06-2011 12:40,0.85,14460.0,United Kingdom
560034,23198,PANTRY MAGNETIC  SHOPPING LIST,12,14-07-2011 13:35,1.45,13933.0,United Kingdom
567579,23394,POSTE FRANCE CUSHION COVER,4,21-09-2011 10:48,3.75,18228.0,United Kingdom
567818,23321,SMALL WHITE HEART OF WICKER,8,22-09-2011 12:41,1.65,14395.0,United Kingdom
551963,85132A,CHARLIE + LOLA BISCUITS TINS,48,05-05-2011 12:52,1.95,13266.0,United Kingdom
540096,21617,4 LILY  BOTANICAL DINNER CANDLES,12,04-01-2011 15:43,1.25,13253.0,United Kingdom
568310,23180,MUM'S KITCHEN CLOCK,4,26-09-2011 12:48,4.95,14911.0,EIRE
544684,22558,CLOTHES PEGS RETROSPOT PACK 24 ,3,22-02-2011 16:32,2.46,,United Kingdom
564746,23032,DRAWER KNOB CRACKLE GLAZE IVORY,6,28-08-2011 15:58,1.65,17633.0,United Kingdom
539737,22207,FRYING PAN UNION FLAG,3,21-12-2010 15:19,8.47,,United Kingdom
561205,21992,VINTAGE PAISLEY STATIONERY SET,12,25-07-2011 15:48,1.25,17693.0,United Kingdom
574532,22736,RIBBON REEL MAKING SNOWMEN ,10,04-11-2011 14:19,1.65,15676.0,United Kingdom
554808,82582,AREA PATROLLED METAL SIGN,3,26-05-2011 13:01,2.1,17059.0,United Kingdom
550477,22692,DOORMAT WELCOME TO OUR HOME,2,18-04-2011 14:01,7.95,17338.0,United Kingdom
557324,22653,BUTTON BOX ,1,20-06-2011 09:41,4.13,,United Kingdom
580695,22144,CHRISTMAS CRAFT LITTLE FRIENDS,1,05-12-2011 16:03,2.1,13230.0,United Kingdom
539439,85062,PEARL CRYSTAL PUMPKIN T-LIGHT HLDR,12,17-12-2010 15:14,1.65,13869.0,United Kingdom
568543,84920,,-21,27-09-2011 14:33,0.0,,United Kingdom
571562,22382,LUNCH BAG SPACEBOY DESIGN ,20,18-10-2011 10:04,1.65,14156.0,EIRE
552560,22084,PAPER CHAIN KIT EMPIRE,6,10-05-2011 11:48,2.95,17581.0,United Kingdom
551997,22367,CHILDRENS APRON SPACEBOY DESIGN,2,05-05-2011 15:47,4.13,,United Kingdom
541987,84378,SET OF 3 HEART COOKIE CUTTERS,2,24-01-2011 16:05,1.25,14130.0,United Kingdom
559052,21905,MORE BUTTER METAL SIGN ,1,05-07-2011 16:53,1.63,,United Kingdom
536590,21340,CLASSIC METAL BIRDCAGE PLANT HOLDER,1,01-12-2010 16:52,12.75,13065.0,United Kingdom
537645,22947,WOODEN ADVENT CALENDAR RED,1,07-12-2010 15:34,34.0,,United Kingdom
565766,22171,3 HOOK PHOTO SHELF ANTIQUE WHITE,1,06-09-2011 14:23,8.5,17841.0,United Kingdom
566976,22943,CHRISTMAS LIGHTS 10 VINTAGE BAUBLES,12,16-09-2011 09:27,4.95,15382.0,United Kingdom
540185,22052,VINTAGE CARAVAN GIFT WRAP,25,05-01-2011 13:40,0.42,14653.0,United Kingdom
544434,22212,FOUR HOOK  WHITE LOVEBIRDS,1,18-02-2011 16:12,4.13,,United Kingdom
574103,85066,CREAM SWEETHEART MINI CHEST,2,03-11-2011 10:30,12.75,13636.0,United Kingdom
569148,21791,VINTAGE HEADS AND TAILS CARD GAME ,12,30-09-2011 15:52,1.25,16613.0,United Kingdom
553199,20686,DOLLY MIXTURE CHILDREN'S UMBRELLA,2,15-05-2011 15:13,3.25,17758.0,United Kingdom
537463,21124,SET/10 BLUE POLKADOT PARTY CANDLES,24,07-12-2010 10:08,1.25,12681.0,France
560366,21829,DINOSAUR KEYRINGS ASSORTED,36,18-07-2011 12:19,0.21,16859.0,United Kingdom
546983,22464,HANGING METAL HEART LANTERN,12,18-03-2011 12:27,1.65,16626.0,United Kingdom
553769,23444,,200,19-05-2011 10:48,0.0,,United Kingdom
565767,84031A,CHARLIE+LOLA RED HOT WATER BOTTLE ,1,06-09-2011 14:28,4.96,,United Kingdom
569415,21936,RED RETROSPOT PICNIC BAG,1,04-10-2011 10:14,5.79,,United Kingdom
538566,84029E,RED WOOLLY HOTTIE WHITE HEART.,2,13-12-2010 11:21,7.62,,United Kingdom
573137,22028,PENNY FARTHING BIRTHDAY CARD,2,27-10-2011 17:15,0.83,,United Kingdom
558637,22315,200 RED + WHITE BENDY STRAWS,1,30-06-2011 20:08,1.25,17891.0,United Kingdom
570466,22798,ANTIQUE GLASS DRESSING TABLE POT,2,10-10-2011 16:03,2.95,16791.0,United Kingdom
573633,84879,ASSORTED COLOUR BIRD ORNAMENT,8,31-10-2011 15:48,3.12,,United Kingdom
537223,22112,CHOCOLATE HOT WATER BOTTLE,6,05-12-2010 16:10,4.95,13579.0,United Kingdom
569523,23512,EMBROIDERED RIBBON REEL ROSIE,1,04-10-2011 14:41,2.08,16033.0,United Kingdom
576381,22699,ROSES REGENCY TEACUP AND SAUCER ,6,15-11-2011 09:26,2.95,12839.0,United Kingdom
548458,22690,DOORMAT HOME SWEET HOME BLUE ,2,31-03-2011 11:53,7.95,15632.0,United Kingdom
574481,21094,SET/6 RED SPOTTY PAPER PLATES,3,04-11-2011 12:45,0.85,18022.0,United Kingdom
574251,23402,HOME SWEET HOME 3 PEG HANGER ,8,03-11-2011 13:22,3.75,18205.0,United Kingdom
547880,21137,BLACK RECORD COVER FRAME,12,27-03-2011 16:05,3.75,15426.0,United Kingdom
537823,21494,ROTATING LEAVES T-LIGHT HOLDER,1,08-12-2010 14:25,5.06,,United Kingdom
551821,84970S,HANGING HEART ZINC T-LIGHT HOLDER,12,04-05-2011 12:20,0.85,16942.0,United Kingdom
570242,23048,SET OF 10 LANTERNS FAIRY LIGHT STAR,200,09-10-2011 15:40,3.75,16380.0,United Kingdom
578285,20728,LUNCH BAG CARS BLUE,1,23-11-2011 13:57,1.65,12748.0,United Kingdom
580974,22865,HAND WARMER OWL DESIGN,12,06-12-2011 15:17,2.1,14293.0,United Kingdom
545688,22773,GREEN DRAWER KNOB ACRYLIC EDWARDIAN,12,06-03-2011 12:42,1.25,16033.0,United Kingdom
580043,23395,BELLE JARDINIERE CUSHION COVER,2,01-12-2011 12:25,3.75,14527.0,United Kingdom
541883,22413,METAL SIGN TAKE IT OR LEAVE IT ,12,24-01-2011 10:56,2.95,13408.0,United Kingdom
C557637,22778,GLASS CLOCHE SMALL,-1,21-06-2011 16:00,3.95,13630.0,United Kingdom
578289,23157,SET OF 6 NATIVITY MAGNETS ,2,23-11-2011 14:07,2.08,17841.0,United Kingdom
556721,21175,GIN + TONIC DIET METAL SIGN,12,14-06-2011 11:23,2.55,15218.0,United Kingdom
571443,22940,FELTCRAFT CHRISTMAS FAIRY,3,17-10-2011 13:43,4.25,17785.0,United Kingdom
576394,21770,OPEN CLOSED METAL SIGN,36,15-11-2011 10:32,4.25,12415.0,Australia
546522,22328,ROUND SNACK BOXES SET OF 4 FRUITS ,6,14-03-2011 12:41,2.95,13319.0,United Kingdom
572514,20774,,-4,24-10-2011 14:36,0.0,,United Kingdom
542255,21535,RED RETROSPOT SMALL MILK JUG,1,26-01-2011 16:43,4.96,,United Kingdom
544311,22602,RETROSPOT WOODEN HEART DECORATION,1,17-02-2011 14:19,0.85,17841.0,United Kingdom
540247,84879,ASSORTED COLOUR BIRD ORNAMENT,8,05-01-2011 15:56,1.69,15464.0,United Kingdom
574660,22558,CLOTHES PEGS RETROSPOT PACK 24 ,1,06-11-2011 11:55,1.65,15407.0,United Kingdom
544201,84509a,SET OF 4 ENGLISH ROSE PLACEMATS,1,17-02-2011 10:11,7.46,,United Kingdom
564066,23240,SET OF 4 KNICK KNACK TINS DOILY ,6,22-08-2011 15:05,4.15,17703.0,United Kingdom
544434,22549,PICTURE DOMINOES,1,18-02-2011 16:12,3.29,,United Kingdom
554546,22713,CARD I LOVE LONDON ,7,25-05-2011 09:37,0.42,,United Kingdom
538057,22418,10 COLOUR SPACEBOY PEN,24,09-12-2010 13:38,0.85,13102.0,United Kingdom
568705,23284,DOORMAT KEEP CALM AND COME IN,20,28-09-2011 15:31,7.08,14434.0,United Kingdom
558738,21828,EIGHT PIECE SNAKE  SET,12,01-07-2011 15:35,1.25,12922.0,United Kingdom
550541,85198,ASSORTED FARMYARD ANIMALS IN BUCKET,2,19-04-2011 11:33,1.63,,United Kingdom
570473,23122,PARTY CHARMS 50 PIECES,1,10-10-2011 16:41,0.83,,United Kingdom
568675,20724,RED RETROSPOT CHARLOTTE BAG,30,28-09-2011 13:32,0.72,14298.0,United Kingdom
574672,23307,SET OF 60 PANTRY DESIGN CAKE CASES ,2,06-11-2011 12:25,0.55,13532.0,United Kingdom
569202,22650,CERAMIC PIRATE CHEST MONEY BANK,1,30-09-2011 17:22,3.29,,United Kingdom
565932,22082,RIBBON REEL STRIPES DESIGN ,5,08-09-2011 10:35,1.65,16418.0,United Kingdom
565232,22135,MINI LADLE LOVE HEART PINK,1,02-09-2011 09:30,0.83,,United Kingdom
563858,22913,RED COAT RACK PARIS FASHION,3,19-08-2011 16:04,4.95,18170.0,United Kingdom
560996,47566,PARTY BUNTING,2,22-07-2011 13:53,4.95,17625.0,United Kingdom
570841,85099B,JUMBO BAG RED RETROSPOT,20,12-10-2011 14:18,2.08,12553.0,France
541568,22371,AIRLINE BAG VINTAGE TOKYO 78,12,19-01-2011 12:07,3.75,15606.0,United Kingdom
575955,22158,3 HEARTS HANGING DECORATION RUSTIC,1,13-11-2011 12:05,2.95,14044.0,United Kingdom
537254,22578,WOODEN STAR CHRISTMAS SCANDINAVIAN,1,06-12-2010 11:01,0.85,15898.0,United Kingdom
561651,21447,12 IVORY ROSE PEG PLACE SETTINGS,7,28-07-2011 15:36,2.46,,United Kingdom
543492,22986,GINGHAM ROSE WRAP,25,09-02-2011 10:41,0.42,12720.0,Germany
574573,22605,WOODEN CROQUET GARDEN SET,1,04-11-2011 16:35,14.95,14592.0,United Kingdom
566249,20972,PINK CREAM FELT CRAFT TRINKET BOX ,6,11-09-2011 12:09,1.25,13527.0,United Kingdom
558066,22385,JUMBO BAG SPACEBOY DESIGN,1,24-06-2011 15:45,4.13,,United Kingdom
543919,20725,LUNCH BAG RED RETROSPOT,10,14-02-2011 14:03,1.65,13157.0,United Kingdom
555488,22189,CREAM HEART CARD HOLDER,1,03-06-2011 13:43,3.95,16942.0,United Kingdom
571442,22558,CLOTHES PEGS RETROSPOT PACK 24 ,3,17-10-2011 13:39,1.65,17049.0,United Kingdom
550352,20829,GLITTER HANGING BUTTERFLY STRING,2,18-04-2011 10:21,2.1,16719.0,United Kingdom
580729,23379,PACK OF 12 RED APPLE TISSUES,1,05-12-2011 17:24,0.83,,United Kingdom
557892,22845,VINTAGE CREAM CAT FOOD CONTAINER,2,23-06-2011 14:11,6.35,14534.0,United Kingdom
544070,47567B,TEA TIME KITCHEN APRON,6,15-02-2011 14:19,5.95,15370.0,United Kingdom
537240,22961,JAM MAKING SET PRINTED,6,06-12-2010 10:08,3.36,,United Kingdom
559810,23313,VINTAGE CHRISTMAS BUNTING,5,12-07-2011 15:15,4.95,16168.0,United Kingdom
C538341,21056,DOCTOR'S BAG SOFT TOY,-1,10-12-2010 14:03,8.95,15514.0,United Kingdom
562715,22595,GINGHAM HEART DECORATION,10,08-08-2011 15:34,1.63,,United Kingdom
555604,22758,LARGE PURPLE BABUSHKA NOTEBOOK  ,12,06-06-2011 11:37,1.25,16612.0,United Kingdom
571283,21872,GLAMOROUS  MUG,2,16-10-2011 13:51,1.25,16533.0,United Kingdom
546105,22859,EASTER TIN BUNNY BOUQUET,1,09-03-2011 12:21,1.65,14662.0,United Kingdom
542114,22926,IVORY GIANT GARDEN THERMOMETER,4,25-01-2011 14:00,5.95,16943.0,United Kingdom
542148,16161U,WRAP SUKI AND FRIENDS,25,26-01-2011 10:10,0.42,14060.0,United Kingdom
576339,21932,SCANDINAVIAN PAISLEY PICNIC BAG,1,14-11-2011 15:27,2.46,14096.0,United Kingdom
546949,85096,HILDA CANDY SPOT RABBIT,1,18-03-2011 11:22,3.75,,United Kingdom
565317,85099B,JUMBO BAG RED RETROSPOT,30,02-09-2011 13:00,2.08,12921.0,United Kingdom
575340,22027,TEA PARTY BIRTHDAY CARD,12,09-11-2011 14:31,0.42,15485.0,United Kingdom
556455,79321,CHILLI LIGHTS,24,10-06-2011 16:46,4.95,15856.0,United Kingdom
544303,20856,DENIM PATCH PURSE PINK BUTTERFLY,1,17-02-2011 13:28,1.65,18116.0,United Kingdom
568910,21790,VINTAGE SNAP CARDS,12,29-09-2011 13:39,0.85,16574.0,United Kingdom
578508,22596,CHRISTMAS STAR WISH LIST CHALKBOARD,1,24-11-2011 13:06,1.25,16892.0,United Kingdom
577051,23431,NATURAL HANGING QUILTED HEARTS ,1,17-11-2011 14:02,0.83,14034.0,United Kingdom
546383,35922,EASTER BUNNY WREATH,5,11-03-2011 12:54,4.95,13654.0,United Kingdom
550208,21930,JUMBO STORAGE BAG SKULLS,1,15-04-2011 10:39,4.96,,United Kingdom
538566,22097,SWALLOW SQUARE TISSUE BOX,1,13-12-2010 11:21,2.51,,United Kingdom
570880,22630,DOLLY GIRL LUNCH BOX,12,13-10-2011 09:16,1.95,14291.0,United Kingdom
581498,22734,SET OF 6 RIBBONS VINTAGE CHRISTMAS,5,09-12-2011 10:26,5.79,,United Kingdom
547548,21559,STRAWBERRY LUNCH BOX WITH CUTLERY,1,23-03-2011 15:37,2.55,15644.0,United Kingdom
581492,23538,WALL ART VINTAGE HEART,1,09-12-2011 10:03,10.79,,United Kingdom
550630,84596B,SMALL DOLLY MIX DESIGN ORANGE BOWL,24,19-04-2011 14:49,0.42,14298.0,United Kingdom
581402,22632,HAND WARMER RED RETROSPOT,8,08-12-2011 13:45,2.1,14653.0,United Kingdom
570872,84050,PINK HEART SHAPE EGG FRYING PAN,2,12-10-2011 16:40,4.13,,United Kingdom
569414,22110,BIRD HOUSE HOT WATER BOTTLE,2,04-10-2011 10:11,8.29,,United Kingdom
569848,23108,SET OF 10 LED DOLLY LIGHTS,4,06-10-2011 13:48,6.25,16316.0,United Kingdom
578429,23294,SET OF 6 SNACK LOAF BAKING CASES,8,24-11-2011 12:12,0.83,16271.0,United Kingdom
558777,23089,GLASS BON BON JAR,1,04-07-2011 10:23,3.29,,United Kingdom
574683,22548,HEADS AND TAILS SPORTING FUN,1,06-11-2011 12:50,1.25,16372.0,United Kingdom
571038,48184,DOORMAT ENGLISH ROSE ,1,13-10-2011 12:58,8.25,15511.0,United Kingdom
537626,21171,BATHROOM METAL SIGN ,12,07-12-2010 14:57,1.45,12347.0,Iceland
540239,22328,ROUND SNACK BOXES SET OF 4 FRUITS ,6,05-01-2011 14:48,2.95,12682.0,France
537240,21913,VINTAGE SEASIDE JIGSAW PUZZLES,1,06-12-2010 10:08,7.62,,United Kingdom
577729,15036,ASSORTED COLOURS SILK FAN,24,21-11-2011 12:53,0.83,15179.0,United Kingdom
565838,22759,SET OF 3 NOTEBOOKS IN PARCEL,12,07-09-2011 11:43,1.65,15071.0,United Kingdom
548504,48185,DOORMAT FAIRY CAKE,2,31-03-2011 14:33,14.13,,United Kingdom
558927,22384,LUNCH BAG PINK POLKADOT,10,05-07-2011 10:23,1.65,18177.0,United Kingdom
558475,22718,CARD CAT AND TREE ,1,29-06-2011 15:58,0.83,,United Kingdom
581219,22133,PINK LOVE HEART SHAPE CUP,1,08-12-2011 09:28,1.63,,United Kingdom
538524,22740,POLKADOT PEN,1,13-12-2010 09:35,1.66,,United Kingdom
568326,21891,TRADITIONAL WOODEN SKIPPING ROPE,12,26-09-2011 14:00,1.45,13200.0,United Kingdom
569673,85053,FRENCH ENAMEL CANDLEHOLDER,3,05-10-2011 13:58,2.1,17222.0,United Kingdom
537240,22114,HOT WATER BOTTLE TEA AND SYMPATHY,9,06-12-2010 10:08,8.47,,United Kingdom
551542,22771,CLEAR DRAWER KNOB ACRYLIC EDWARDIAN,24,03-05-2011 09:05,1.25,14732.0,United Kingdom
537081,21915,RED  HARMONICA IN BOX ,36,05-12-2010 12:00,1.25,15332.0,Lithuania
566821,23344,JUMBO BAG 50'S CHRISTMAS ,20,15-09-2011 11:33,2.08,14227.0,United Kingdom
576362,23313,VINTAGE CHRISTMAS BUNTING,5,14-11-2011 17:11,4.95,14755.0,United Kingdom
575070,21756,BATH BUILDING BLOCK WORD,1,08-11-2011 12:58,6.25,17841.0,United Kingdom
542423,22970,LONDON BUS COFFEE MUG,24,28-01-2011 09:09,2.55,15057.0,United Kingdom
561678,23168,CLASSIC CAFE SUGAR DISPENSER,1,28-07-2011 18:33,1.25,17931.0,United Kingdom
556474,23322,LARGE WHITE HEART OF WICKER,4,12-06-2011 12:01,2.95,16007.0,United Kingdom
553006,22556,PLASTERS IN TIN CIRCUS PARADE ,12,12-05-2011 16:45,1.65,15544.0,United Kingdom
547042,84029G,KNITTED UNION FLAG HOT WATER BOTTLE,1,20-03-2011 11:00,7.46,,United Kingdom
549439,85123A,WHITE HANGING HEART T-LIGHT HOLDER,18,08-04-2011 12:42,2.95,13562.0,United Kingdom
557622,22743,MAKE YOUR OWN FLOWERPOWER CARD KIT,3,21-06-2011 14:15,2.95,17960.0,United Kingdom
562584,84945,MULTI COLOUR SILVER T-LIGHT HOLDER,48,07-08-2011 14:16,0.85,13752.0,United Kingdom
553014,85132B,CHARLIE AND LOLA TABLE TINS,2,12-05-2011 18:49,1.95,13451.0,United Kingdom
578065,22961,JAM MAKING SET PRINTED,8,22-11-2011 15:41,3.29,,United Kingdom
542129,22776,SWEETHEART CAKESTAND 3 TIER,1,25-01-2011 15:18,9.95,13002.0,United Kingdom
558475,21217,RED RETROSPOT ROUND CAKE TINS,1,29-06-2011 15:58,20.79,,United Kingdom
562779,21917,SET 12 KIDS  WHITE CHALK STICKS,3,09-08-2011 12:58,0.42,17841.0,United Kingdom
542622,21201,TROPICAL  HONEYCOMB PAPER GARLAND ,1,31-01-2011 09:09,4.96,,United Kingdom
560434,23050,RECYCLED ACAPULCO MAT GREEN,1,18-07-2011 15:56,16.63,,United Kingdom
567807,23148,MINIATURE ANTIQUE ROSE HOOK IVORY,10,22-09-2011 12:23,0.83,17027.0,United Kingdom
560692,22667,RECIPE BOX RETROSPOT ,2,20-07-2011 12:01,2.95,14704.0,United Kingdom
556280,84879,ASSORTED COLOUR BIRD ORNAMENT,8,09-06-2011 20:03,1.69,14584.0,United Kingdom
545568,82484,WOOD BLACK BOARD ANT WHITE FINISH,1,03-03-2011 16:22,16.63,,United Kingdom
574329,23303,SET 4 PICNIC CUTLERY FONDANT,10,04-11-2011 09:07,1.95,12362.0,Belgium
580058,23199,JUMBO BAG APPLES,10,01-12-2011 13:19,2.08,14367.0,United Kingdom
546866,22720,SET OF 3 CAKE TINS PANTRY DESIGN ,3,17-03-2011 15:47,4.95,14462.0,United Kingdom
569653,85054,FRENCH ENAMEL POT W LID,12,05-10-2011 12:52,2.95,12451.0,Switzerland
548870,22078,RIBBON REEL LACE DESIGN ,1,04-04-2011 14:41,2.1,14606.0,United Kingdom
547548,22312,OFFICE MUG WARMER POLKADOT,1,23-03-2011 15:37,2.95,15644.0,United Kingdom
549439,20685,DOORMAT RED RETROSPOT,2,08-04-2011 12:42,7.95,13562.0,United Kingdom
539437,21801,CHRISTMAS TREE DECORATION WITH BELL,21,17-12-2010 14:54,0.43,,United Kingdom
555866,16052,TEATIME PUSH DOWN RUBBER,48,07-06-2011 14:38,0.19,16841.0,United Kingdom
553768,84997a,CHILDRENS CUTLERY POLKADOT GREEN ,1,19-05-2011 10:47,8.29,,United Kingdom
541497,21494,ROTATING LEAVES T-LIGHT HOLDER,7,18-01-2011 15:19,1.63,,United Kingdom
564054,22728,ALARM CLOCK BAKELIKE PINK,400,22-08-2011 13:55,3.39,17857.0,United Kingdom
551471,21212,PACK OF 72 RETROSPOT CAKE CASES,2,28-04-2011 16:40,0.55,16370.0,United Kingdom
579777,23399,HOME SWEET HOME HANGING HEART,9,30-11-2011 15:13,2.08,,United Kingdom
571712,23188,VINTAGE  2 METRE FOLDING RULER,6,18-10-2011 16:46,1.65,14056.0,United Kingdom
556577,23245,SET OF 3 REGENCY CAKE TINS,2,13-06-2011 14:12,4.95,17579.0,United Kingdom
557888,47566,PARTY BUNTING,1,23-06-2011 13:51,4.95,14656.0,United Kingdom
550320,22457,NATURAL SLATE HEART CHALKBOARD ,6,17-04-2011 12:38,2.95,12748.0,United Kingdom
544467,85062,PEARL CRYSTAL PUMPKIN T-LIGHT HLDR,2,20-02-2011 15:51,1.65,14502.0,United Kingdom
541132,21174,POTTERING IN THE SHED METAL SIGN,1,14-01-2011 10:17,4.13,,United Kingdom
546986,21985,PACK OF 12 HEARTS DESIGN TISSUES ,24,18-03-2011 12:56,0.29,14194.0,United Kingdom
537534,22516,CHILDS GARDEN RAKE BLUE,1,07-12-2010 11:48,0.0,,United Kingdom
545550,20749,ASSORTED COLOUR MINI CASES,3,03-03-2011 15:11,7.95,18041.0,United Kingdom
572652,22151,PLACE SETTING WHITE HEART,24,25-10-2011 12:11,0.42,15805.0,United Kingdom
562046,23256,CHILDRENS CUTLERY SPACEBOY ,4,02-08-2011 10:34,4.15,12378.0,Switzerland
577319,22579,WOODEN TREE CHRISTMAS SCANDINAVIAN,2,18-11-2011 13:43,0.29,17301.0,United Kingdom
577078,22995,TRAVEL CARD WALLET SUKI,1,17-11-2011 15:17,0.83,,United Kingdom
562955,23165,LARGE CERAMIC TOP STORAGE JAR,3,11-08-2011 10:14,3.29,,United Kingdom
555637,22138,BAKING SET 9 PIECE RETROSPOT ,6,06-06-2011 12:47,4.95,12535.0,France
578508,21733,RED HANGING HEART T-LIGHT HOLDER,1,24-11-2011 13:06,2.95,16892.0,United Kingdom
568326,16008,SMALL FOLDING SCISSOR(POINTED EDGE),24,26-09-2011 14:00,0.12,13200.0,United Kingdom
577768,22994,TRAVEL CARD WALLET RETROSPOT,1,21-11-2011 15:18,0.83,,United Kingdom
539740,82581,TOILET METAL SIGN,1,21-12-2010 15:20,1.28,,United Kingdom
580050,22791,T-LIGHT GLASS FLUTED ANTIQUE,10,01-12-2011 12:54,1.25,14960.0,United Kingdom
570209,22835,HOT WATER BOTTLE I AM SO POORLY,2,09-10-2011 10:29,4.95,16326.0,United Kingdom
553544,21936,RED RETROSPOT PICNIC BAG,1,17-05-2011 15:36,5.79,,United Kingdom
537370,20972,PINK CREAM FELT CRAFT TRINKET BOX ,5,06-12-2010 12:44,1.25,13155.0,United Kingdom
564972,23084,RABBIT NIGHT LIGHT,24,31-08-2011 15:30,1.79,12621.0,Germany
566319,23354,6 GIFT TAGS 50'S CHRISTMAS ,24,12-09-2011 11:25,0.83,13431.0,United Kingdom
536592,37370,RETRO COFFEE MUGS ASSORTED,1,01-12-2010 17:06,16.13,,United Kingdom
567853,22371,AIRLINE BAG VINTAGE TOKYO 78,1,22-09-2011 13:31,4.25,15484.0,United Kingdom
545667,85016,SET OF 6 VINTAGE NOTELETS KIT,1,04-03-2011 16:07,2.46,,United Kingdom
564335,85123A,WHITE HANGING HEART T-LIGHT HOLDER,2,24-08-2011 14:23,2.95,15800.0,United Kingdom
578270,15056P,EDWARDIAN PARASOL PINK,1,23-11-2011 13:39,12.46,14096.0,United Kingdom
550512,85199S,SMALL HANGING IVORY/RED WOOD BIRD,1,18-04-2011 16:31,0.42,18069.0,United Kingdom
578270,22134,MINI LADLE LOVE HEART RED ,1,23-11-2011 13:39,0.83,14096.0,United Kingdom
562984,22090,PAPER BUNTING RETROSPOT,2,11-08-2011 11:45,2.95,17841.0,United Kingdom
548733,21906,PHARMACIE FIRST AID TIN,2,04-04-2011 10:29,6.75,17648.0,United Kingdom
570008,23350,ROLL WRAP VINTAGE SPOT ,12,07-10-2011 09:30,1.25,13359.0,United Kingdom
549917,22027,TEA PARTY BIRTHDAY CARD,12,13-04-2011 09:42,0.42,16607.0,United Kingdom
539240,84818,DANISH ROSE PHOTO FRAME,48,16-12-2010 13:15,0.85,15194.0,United Kingdom
561218,84596L,BISCUITS SMALL BOWL LIGHT BLUE,1,25-07-2011 17:11,0.83,,United Kingdom
559200,23239,SET OF 4 KNICK KNACK TINS POPPIES,2,07-07-2011 10:36,4.15,13291.0,United Kingdom
550318,21790,VINTAGE SNAP CARDS,3,17-04-2011 12:25,0.85,16085.0,United Kingdom
544196,22197,SMALL POPCORN HOLDER,24,17-02-2011 09:47,0.85,13327.0,United Kingdom
566269,22084,PAPER CHAIN KIT EMPIRE,1,11-09-2011 13:39,2.95,17864.0,United Kingdom
575856,84879,ASSORTED COLOUR BIRD ORNAMENT,1,11-11-2011 12:28,1.69,16386.0,United Kingdom
547884,22367,CHILDRENS APRON SPACEBOY DESIGN,8,28-03-2011 09:07,1.95,13481.0,United Kingdom
547386,22933,BAKING MOULD EASTER EGG MILK CHOC,1,22-03-2011 15:52,5.79,,United Kingdom
563193,17012B,ORIGAMI JASMINE INCENSE/CANDLE SET,1,12-08-2011 16:30,2.46,,United Kingdom
536749,22441,GROW YOUR OWN BASIL IN ENAMEL MUG,1,02-12-2010 13:49,2.1,17976.0,United Kingdom
567795,21239,PINK  POLKADOT CUP,24,22-09-2011 11:44,0.85,14646.0,Netherlands
580404,23242,TREASURE TIN BUFFALO BILL ,6,04-12-2011 12:01,2.08,13596.0,United Kingdom
554997,23202,JUMBO BAG VINTAGE LEAF,10,29-05-2011 15:35,2.08,16746.0,United Kingdom
537262,82486,WOOD S/3 CABINET ANT WHITE FINISH,2,06-12-2010 11:26,7.95,15039.0,United Kingdom
C566782,85163B,BLACK BAROQUE WALL CLOCK ,-1,15-09-2011 10:12,12.75,16048.0,United Kingdom
545340,22470,HEART OF WICKER LARGE,6,02-03-2011 08:41,2.95,15416.0,United Kingdom
575739,23354,6 GIFT TAGS 50'S CHRISTMAS ,3,11-11-2011 09:05,1.63,,United Kingdom
546437,23053,RECYCLED ACAPULCO MAT PINK,2,14-03-2011 09:46,8.25,16807.0,United Kingdom
543011,85123A,WHITE HANGING HEART T-LIGHT HOLDER,24,02-02-2011 13:25,2.95,15270.0,United Kingdom
577522,22429,ENAMEL MEASURING JUG CREAM,1,20-11-2011 13:23,4.25,15988.0,United Kingdom
555810,21936,RED RETROSPOT PICNIC BAG,5,07-06-2011 11:39,2.95,17091.0,United Kingdom
576329,22134,MINI LADLE LOVE HEART RED ,1,14-11-2011 15:22,0.83,,United Kingdom
550636,17003,BROCADE RING PURSE ,7,19-04-2011 15:37,0.63,,United Kingdom
571544,22197,POPCORN HOLDER,10,17-10-2011 16:53,0.85,17757.0,United Kingdom
575930,21744,SNOWFLAKE PORTABLE TABLE LIGHT ,3,11-11-2011 17:58,2.46,,United Kingdom
569843,23209,LUNCH BAG VINTAGE DOILY ,2,06-10-2011 13:29,1.65,14449.0,United Kingdom
543774,82583,HOT BATHS METAL SIGN,72,11-02-2011 15:56,1.85,15856.0,United Kingdom
561218,23065,LARGE DECO JEWELLERY STAND,1,25-07-2011 17:11,24.96,,United Kingdom
562984,22615,PACK OF 12 CIRCUS PARADE TISSUES ,12,11-08-2011 11:45,0.29,17841.0,United Kingdom
561513,22908,PACK OF 20 NAPKINS RED APPLES,1,27-07-2011 15:12,1.63,,United Kingdom
573580,72801d,4 SKY BLUE DINNER CANDLES,1,31-10-2011 14:21,2.46,,United Kingdom
569943,85093,CANDY SPOT EGG WARMER HARE,6,06-10-2011 18:08,0.39,14592.0,United Kingdom
541238,22931,BAKING MOULD HEART WHITE CHOCOLATE,1,16-01-2011 10:42,2.55,16746.0,United Kingdom
550461,21175,GIN + TONIC DIET METAL SIGN,2000,18-04-2011 13:20,1.69,15749.0,United Kingdom
552310,22440,BALLOON WATER BOMB PACK OF 35,10,08-05-2011 15:22,0.42,17323.0,United Kingdom
548742,47310M,"SMALL POP BOX,FUNKY MONKEY",20,04-04-2011 12:00,1.25,14688.0,United Kingdom
553542,22090,PAPER BUNTING RETROSPOT,1,17-05-2011 15:34,6.63,,United Kingdom
580983,22694,WICKER STAR ,2,06-12-2011 16:26,4.13,,United Kingdom
580729,84832,ZINC WILLIE WINKIE  CANDLE STICK,3,05-12-2011 17:24,1.63,,United Kingdom
566047,82011C,BATHROOM SCALES FOOTPRINTS IN SAND,2,08-09-2011 14:19,3.75,17370.0,United Kingdom
540154,22530,MAGIC DRAWING SLATE DOLLY GIRL ,1,05-01-2011 11:30,0.85,,United Kingdom
571779,22155,STAR DECORATION RUSTIC,12,19-10-2011 11:27,0.42,12748.0,United Kingdom
578630,23483,HANGING  BUTTERFLY T-LIGHT HOLDER,36,24-11-2011 16:06,1.25,12748.0,United Kingdom
576508,23213,STAR WREATH DECORATION WITH BELL,6,15-11-2011 12:02,1.25,17777.0,United Kingdom
566091,48187,DOORMAT NEW ENGLAND,1,09-09-2011 10:37,8.25,17870.0,United Kingdom
566171,20982,12 PENCILS TALL TUBE SKULLS,12,09-09-2011 12:22,0.85,18118.0,United Kingdom
572312,21034,REX CASH+CARRY JUMBO SHOPPER,4,23-10-2011 15:47,0.95,15022.0,United Kingdom
571705,20978,36 PENCILS TUBE SKULLS,16,18-10-2011 15:22,1.25,12360.0,Austria
571065,22326,ROUND SNACK BOXES SET OF4 WOODLAND ,24,13-10-2011 14:59,2.95,12613.0,Germany
564335,22867,HAND WARMER BIRD DESIGN,1,24-08-2011 14:23,2.1,15800.0,United Kingdom
559876,21967,PACK OF 12 SKULL TISSUES,12,13-07-2011 11:09,0.29,15752.0,United Kingdom
565206,22930,BAKING MOULD HEART MILK CHOCOLATE,6,01-09-2011 16:46,2.55,12971.0,United Kingdom
581164,23691,WRAP KEEP CALM BIRTHDAY,25,07-12-2011 14:34,0.42,14395.0,United Kingdom
580754,21671,RED SPOT CERAMIC DRAWER KNOB,1,06-12-2011 10:05,3.29,,United Kingdom
579196,21039,RED RETROSPOT SHOPPING BAG,4,28-11-2011 15:54,5.79,14096.0,United Kingdom
554054,21934,SKULL SHOULDER BAG,1,20-05-2011 15:29,3.29,,United Kingdom
538080,21683,MEDIUM MEDINA STAMPED METAL BOWL ,12,09-12-2010 14:28,2.95,17646.0,United Kingdom
554103,22556,PLASTERS IN TIN CIRCUS PARADE ,2,22-05-2011 13:51,1.65,15555.0,United Kingdom
537955,21937,STRAWBERRY   PICNIC BAG,1,09-12-2010 11:28,2.95,16782.0,United Kingdom
553889,21165,BEWARE OF THE CAT METAL SIGN ,12,19-05-2011 16:31,1.69,13405.0,United Kingdom
545408,22899,CHILDREN'S APRON DOLLY GIRL ,8,02-03-2011 12:10,2.1,15067.0,United Kingdom
572918,23300,GARDENERS KNEELING PAD CUP OF TEA ,1,26-10-2011 16:43,1.65,14379.0,United Kingdom
577482,21484,CHICK GREY HOT WATER BOTTLE,2,20-11-2011 11:43,4.25,16762.0,United Kingdom
578998,22694,WICKER STAR ,2,27-11-2011 16:05,2.1,15436.0,United Kingdom
578942,23207,LUNCH BAG ALPHABET DESIGN,1,27-11-2011 13:29,1.65,17288.0,United Kingdom
541696,47593B,SCOTTIE DOGS BABY BIB,2,20-01-2011 18:08,0.83,,United Kingdom
566061,82486,3 DRAWER ANTIQUE WHITE WOOD CABINET,4,08-09-2011 15:36,8.95,13267.0,United Kingdom
545717,21080,SET/20 RED RETROSPOT PAPER NAPKINS ,1,07-03-2011 10:15,2.46,,United Kingdom
559357,85123A,WHITE HANGING HEART T-LIGHT HOLDER,32,07-07-2011 18:56,2.55,17107.0,United Kingdom
573385,22906,12 MESSAGE CARDS WITH ENVELOPES,20,30-10-2011 14:21,1.65,13421.0,United Kingdom
575073,21212,PACK OF 72 RETROSPOT CAKE CASES,4,08-11-2011 13:10,0.55,13975.0,United Kingdom
569229,22980,PANTRY SCRUBBING BRUSH,1,02-10-2011 14:56,1.65,14502.0,United Kingdom
568346,23119,PACK OF 6 LARGE FRUIT STRAWS ,6,26-09-2011 15:28,1.25,14096.0,United Kingdom
575205,79321,CHILLI LIGHTS,48,09-11-2011 10:18,4.95,13147.0,United Kingdom
567127,85230E,Damaged,-48,16-09-2011 14:01,0.0,,United Kingdom
555327,22630,DOLLY GIRL LUNCH BOX,1,02-06-2011 11:03,2.46,,United Kingdom
542906,22423,REGENCY CAKESTAND 3 TIER,2,01-02-2011 15:12,24.96,,United Kingdom
541497,21556,CERAMIC STRAWBERRY MONEY BOX,3,18-01-2011 15:19,2.46,,United Kingdom
565840,21992,VINTAGE PAISLEY STATIONERY SET,3,07-09-2011 12:02,2.46,,United Kingdom
581007,22910,PAPER CHAIN KIT VINTAGE CHRISTMAS,40,07-12-2011 08:55,2.55,12912.0,United Kingdom
572732,21981,PACK OF 12 WOODLAND TISSUES ,24,25-10-2011 15:21,0.39,18079.0,United Kingdom
550496,21715,GIRLS VINTAGE TIN SEASIDE BUCKET,5,18-04-2011 15:05,4.96,,United Kingdom
C536850,22591,CARDHOLDER GINGHAM CHRISTMAS TREE,-50,03-12-2010 09:47,2.55,14213.0,United Kingdom
579531,21914,BLUE HARMONICA IN BOX ,12,30-11-2011 09:18,1.25,17017.0,United Kingdom
544314,22698,PINK REGENCY TEACUP AND SAUCER,6,17-02-2011 14:42,2.95,13767.0,United Kingdom
567186,20979,36 PENCILS TUBE RED RETROSPOT,2,18-09-2011 16:04,1.25,17073.0,United Kingdom
558535,23202,JUMBO BAG VINTAGE LEAF,2,30-06-2011 12:04,2.08,16904.0,United Kingdom
550191,20801,LARGE PINK GLASS SUNDAE DISH,2,14-04-2011 19:59,0.79,16806.0,United Kingdom
564754,23172,REGENCY TEA PLATE PINK,1,30-08-2011 10:29,3.29,,United Kingdom
559926,23032,DOORKNOB CRACKED GLAZE IVORY,12,13-07-2011 16:48,1.65,17644.0,United Kingdom
545914,21876,POTTERING MUG,24,08-03-2011 11:39,1.25,13340.0,United Kingdom
550286,22607,WOODEN ROUNDERS GARDEN SET ,6,15-04-2011 14:14,9.95,15027.0,United Kingdom
539750,22736,RIBBON REEL MAKING SNOWMEN ,3,21-12-2010 15:40,4.21,,United Kingdom
543242,22094,RED RETROSPOT TISSUE BOX,12,04-02-2011 14:03,1.25,15090.0,United Kingdom
570680,23528,WALL ART SPACEBOY,4,11-10-2011 15:36,3.75,13969.0,United Kingdom
579145,23579,SNACK TRAY I LOVE LONDON,1,28-11-2011 13:13,1.95,14597.0,United Kingdom
573405,23407,SET OF 2 TRAYS HOME SWEET HOME,1,30-10-2011 15:55,9.95,13822.0,United Kingdom
566600,23300,GARDENERS KNEELING PAD CUP OF TEA ,12,13-09-2011 15:41,1.65,13704.0,United Kingdom
572323,84029E,RED WOOLLY HOTTIE WHITE HEART.,4,24-10-2011 09:46,4.25,14312.0,United Kingdom
572680,22840,ROUND CAKE TIN VINTAGE RED,1,25-10-2011 13:48,7.95,,Portugal
544681,84638,SMALL KITCHEN FLOWER POTS PLAQUE,1,22-02-2011 16:28,5.83,,United Kingdom
566864,22662,LUNCH BAG DOLLY GIRL DESIGN,3,15-09-2011 12:51,1.65,17786.0,United Kingdom
556238,22727,ALARM CLOCK BAKELIKE RED ,4,09-06-2011 15:35,3.75,13397.0,United Kingdom
563708,22411,JUMBO SHOPPER VINTAGE RED PAISLEY,10,18-08-2011 15:09,2.08,17001.0,United Kingdom
553879,23175,REGENCY MILK JUG PINK ,4,19-05-2011 15:15,3.25,15791.0,United Kingdom
563692,48138,DOORMAT UNION FLAG,1,18-08-2011 13:01,7.95,17243.0,United Kingdom
579187,22074,6 RIBBONS SHIMMERING PINKS ,1,28-11-2011 15:31,1.25,,United Kingdom
578844,22553,PLASTERS IN TIN SKULLS,1,25-11-2011 16:14,3.29,,United Kingdom
577720,23132,SMALL IVORY HEART WALL ORGANISER,48,21-11-2011 12:21,4.95,16013.0,United Kingdom
557308,84988,SET OF 72 PINK HEART PAPER DOILIES,3,19-06-2011 15:13,1.45,16744.0,United Kingdom
560861,22563,HAPPY STENCIL CRAFT,1,21-07-2011 13:37,1.25,17660.0,United Kingdom
556681,22384,LUNCH BAG PINK POLKADOT,10,14-06-2011 09:41,1.65,12826.0,United Kingdom
564733,23301,GARDENERS KNEELING PAD KEEP CALM ,4,28-08-2011 13:18,1.65,17841.0,United Kingdom
571824,23389,SPACEBOY MINI BACKPACK,4,19-10-2011 11:49,4.15,12472.0,Germany
567631,84945,MULTI COLOUR SILVER T-LIGHT HOLDER,12,21-09-2011 13:33,0.85,13350.0,United Kingdom
573414,23413,DECORATIVE VINTAGE COFFEE  BOX,1,30-10-2011 16:15,4.95,16877.0,United Kingdom
546107,22859,EASTER TIN BUNNY BOUQUET,6,09-03-2011 12:33,1.65,17238.0,United Kingdom
561010,22433,WATERING CAN GREEN DINOSAUR,6,22-07-2011 16:04,1.95,18262.0,United Kingdom
545428,22860,EASTER TIN CHICKS PINK DAISY,6,02-03-2011 14:43,1.65,14239.0,United Kingdom
568188,22545,MINI JIGSAW BUNNIES,2,25-09-2011 14:33,0.42,16049.0,United Kingdom
556812,37447,CERAMIC CAKE DESIGN SPOTTED PLATE,1,14-06-2011 17:25,3.29,,United Kingdom
550470,90214K,"LETTER ""K"" BLING KEY RING",1,18-04-2011 13:49,0.83,,United Kingdom
565917,21558,SKULL LUNCH BOX WITH CUTLERY ,1,07-09-2011 16:15,4.96,,United Kingdom
559535,23208,LUNCH BAG VINTAGE LEAF DESIGN,2,10-07-2011 12:16,1.65,17841.0,United Kingdom
579885,22791,T-LIGHT GLASS FLUTED ANTIQUE,12,30-11-2011 17:37,1.25,15444.0,United Kingdom
575202,23566,EGG CUP MILKMAID HEIDI,12,09-11-2011 10:14,1.25,13018.0,United Kingdom
568381,10080,GROOVY CACTUS INFLATABLE,12,27-09-2011 09:24,0.39,14321.0,United Kingdom
564974,22798,ANTIQUE GLASS DRESSING TABLE POT,2,31-08-2011 15:32,5.79,,United Kingdom
569136,22865,HAND WARMER OWL DESIGN,2,30-09-2011 14:41,2.1,15834.0,United Kingdom
541809,21381,MINI WOODEN HAPPY BIRTHDAY GARLAND,3,21-01-2011 14:59,4.13,,United Kingdom
580848,23389,SPACEBOY MINI BACKPACK,1,06-12-2011 11:51,4.15,18005.0,United Kingdom
541104,90115,SUMMER BUTTERFLIES BAG CHARM,1,13-01-2011 14:29,2.46,,United Kingdom
573464,23571,TRADITIONAL NAUGHTS & CROSSES,12,31-10-2011 10:56,1.65,15667.0,United Kingdom
555257,21224,SET/4 SKULL BADGES,20,01-06-2011 15:28,1.25,17596.0,United Kingdom
540468,21555,CERAMIC STRAWBERRY TRINKET TRAY,1,07-01-2011 13:55,2.51,,United Kingdom
540187,22531,MAGIC DRAWING SLATE CIRCUS PARADE  ,48,05-01-2011 13:53,0.42,15358.0,United Kingdom
550560,85066,CREAM SWEETHEART MINI CHEST,2,19-04-2011 11:46,12.75,14242.0,United Kingdom
566949,84947,ANTIQUE SILVER TEA GLASS ENGRAVED,10,15-09-2011 16:32,2.46,,United Kingdom
570672,22534,MAGIC DRAWING SLATE SPACEBOY ,24,11-10-2011 14:52,0.42,12536.0,France
562934,22662,LUNCH BAG DOLLY GIRL DESIGN,2,10-08-2011 16:56,4.13,,United Kingdom
C540781,22720,SET OF 3 CAKE TINS PANTRY DESIGN ,-1,11-01-2011 11:22,4.95,16875.0,United Kingdom
558904,23182,TOILET SIGN OCCUPIED OR VACANT,1,04-07-2011 16:18,2.46,,United Kingdom
576213,21619,4 VANILLA BOTANICAL CANDLES,1,14-11-2011 12:47,1.25,18117.0,United Kingdom
573346,23301,GARDENERS KNEELING PAD KEEP CALM ,2,30-10-2011 12:18,1.65,17255.0,United Kingdom
536754,22570,FELTCRAFT CUSHION RABBIT,1,02-12-2010 14:09,3.75,14449.0,United Kingdom
574826,22910,PAPER CHAIN KIT VINTAGE CHRISTMAS,4,07-11-2011 10:58,2.95,15870.0,United Kingdom
558035,22072,RED RETROSPOT TEA CUP AND SAUCER ,4,24-06-2011 12:30,3.75,15258.0,United Kingdom
556241,22745,POPPY'S PLAYHOUSE BEDROOM ,6,09-06-2011 16:04,2.1,12597.0,Spain
577217,23094,LE GRAND TRAY CHIC SET,1,18-11-2011 11:53,12.5,17324.0,United Kingdom
556926,85132B,CHARLIE AND LOLA TABLE TINS,1,15-06-2011 14:26,1.95,16324.0,United Kingdom
537208,85114A,BLACK ENCHANTED FOREST PLACEMAT,6,05-12-2010 15:12,1.65,15889.0,United Kingdom
577531,23243,SET OF TEA COFFEE SUGAR TINS PANTRY,1,20-11-2011 13:58,10.79,,United Kingdom
557066,22470,HEART OF WICKER LARGE,6,16-06-2011 15:10,2.95,17463.0,United Kingdom
577736,22650,CERAMIC PIRATE CHEST MONEY BANK,1,21-11-2011 13:20,1.45,14606.0,United Kingdom
568712,22776,SWEETHEART 3 TIER CAKE STAND ,1,28-09-2011 15:50,9.95,17841.0,United Kingdom
559981,85066,CREAM SWEETHEART MINI CHEST,1,14-07-2011 11:30,12.75,14562.0,United Kingdom
550000,22674,FRENCH TOILET SIGN BLUE METAL,12,14-04-2011 09:18,1.25,17058.0,United Kingdom
554088,23075,PARLOUR CERAMIC WALL HOOK,6,22-05-2011 12:12,4.15,16801.0,United Kingdom
580613,22111,SCOTTIE DOG HOT WATER BOTTLE,3,05-12-2011 12:03,4.95,14759.0,United Kingdom
579846,23126,FELTCRAFT GIRL AMELIE KIT,4,30-11-2011 16:22,4.95,12921.0,United Kingdom
552250,22556,PLASTERS IN TIN CIRCUS PARADE ,1,06-05-2011 19:55,1.65,12748.0,United Kingdom
550496,22497,SET OF 2 TINS VINTAGE BATHROOM ,1,18-04-2011 15:05,8.29,,United Kingdom
574311,23390,DOLLY GIRL MINI BACKPACK,4,03-11-2011 16:56,4.15,15640.0,United Kingdom
571409,85014A,BLACK/BLUE POLKADOT UMBRELLA,3,17-10-2011 12:25,5.95,14911.0,EIRE
544211,22969,HOMEMADE JAM SCENTED CANDLES,12,17-02-2011 11:05,1.45,13018.0,United Kingdom
544210,22430,ENAMEL WATERING CAN CREAM,4,17-02-2011 11:01,4.95,14911.0,EIRE
542907,22487,WHITE WOOD GARDEN PLANT LADDER,12,01-02-2011 15:15,8.5,13854.0,United Kingdom
539452,20966,SANDWICH BATH SPONGE,40,17-12-2010 17:06,1.25,15856.0,United Kingdom
566539,22748,POPPY'S PLAYHOUSE KITCHEN,3,13-09-2011 11:34,2.1,17228.0,United Kingdom
552316,23161,REGENCY CAKE FORK,12,08-05-2011 16:11,1.25,15674.0,United Kingdom
548502,21239,PINK  POLKADOT CUP,1,31-03-2011 14:17,1.63,,United Kingdom
538566,22243,5 HOOK HANGER RED MAGIC TOADSTOOL,1,13-12-2010 11:21,3.36,,United Kingdom
539488,22540,MINI JIGSAW CIRCUS PARADE ,24,20-12-2010 09:37,0.42,12377.0,Switzerland
566495,22024,RAINY LADIES BIRTHDAY CARD,12,13-09-2011 11:14,0.42,15529.0,United Kingdom
564660,23210,WHITE ROCKING HORSE HAND PAINTED,24,26-08-2011 14:45,1.25,15074.0,United Kingdom
559816,11001,ASSTD DESIGN RACING CAR PEN,5,12-07-2011 16:11,0.83,,United Kingdom
576092,21889,WOODEN BOX OF DOMINOES,24,14-11-2011 09:00,1.25,18263.0,United Kingdom
550957,47591D,PINK FAIRY CAKE CHILDRENS APRON,1,21-04-2011 16:37,1.95,18283.0,United Kingdom
544812,84946,ANTIQUE SILVER TEA GLASS ETCHED,1,23-02-2011 15:58,2.46,,United Kingdom
579920,22791,T-LIGHT GLASS FLUTED ANTIQUE,144,01-12-2011 09:02,1.06,16839.0,United Kingdom
561085,20829,GLITTER HANGING BUTTERFLY STRING,8,25-07-2011 09:26,2.1,14367.0,United Kingdom
571660,23341,PINK DINER WALL CLOCK,4,18-10-2011 12:49,8.5,16191.0,United Kingdom
551088,22698,PINK REGENCY TEACUP AND SAUCER,6,26-04-2011 12:31,2.95,14640.0,United Kingdom
559337,22204,MILK PAN BLUE POLKADOT,2,07-07-2011 16:27,3.29,,United Kingdom
539434,47591D,PINK FAIRY CAKE CHILDRENS APRON,1,17-12-2010 14:41,4.21,,United Kingdom
579552,23499,SET 12 VINTAGE DOILY CHALK ,24,30-11-2011 10:54,0.42,16210.0,United Kingdom
575512,21891,TRADITIONAL WOODEN SKIPPING ROPE,12,10-11-2011 10:36,1.45,14121.0,United Kingdom
576696,23100,SILVER BELLS TABLE DECORATION,12,16-11-2011 12:26,1.25,16669.0,United Kingdom
581414,22327,ROUND SNACK BOXES SET OF 4 SKULLS,1,08-12-2011 14:39,2.95,14730.0,United Kingdom
543188,22303,COFFEE MUG APPLES DESIGN,6,04-02-2011 11:45,2.55,12567.0,France
555581,21770,OPEN CLOSED METAL SIGN,2,06-06-2011 08:04,4.95,13865.0,United Kingdom
566289,23012,GLASS APOTHECARY BOTTLE PERFUME,4,11-09-2011 15:20,3.95,15601.0,United Kingdom
569669,22666,RECIPE BOX PANTRY YELLOW DESIGN,1,05-10-2011 13:47,2.95,14730.0,United Kingdom
572024,84946,ANTIQUE SILVER T-LIGHT GLASS,12,20-10-2011 11:17,1.25,14631.0,United Kingdom
580305,23493,VINTAGE DOILY TRAVEL SEWING KIT,5,02-12-2011 14:26,1.95,12970.0,United Kingdom
550329,22169,FAMILY ALBUM WHITE PICTURE FRAME,2,17-04-2011 13:20,8.5,13951.0,United Kingdom
542785,84050,PINK HEART SHAPE EGG FRYING PAN,72,01-02-2011 10:14,1.25,13881.0,United Kingdom
572458,23352,ROLL WRAP 50'S RED CHRISTMAS ,12,24-10-2011 12:51,1.25,15142.0,United Kingdom
581538,23343,JUMBO BAG VINTAGE CHRISTMAS ,1,09-12-2011 11:34,2.08,14446.0,United Kingdom
545830,48188,DOORMAT WELCOME PUPPIES,1,07-03-2011 13:10,7.95,17634.0,United Kingdom
553014,20727,LUNCH BAG  BLACK SKULL.,4,12-05-2011 18:49,1.65,13451.0,United Kingdom
577491,85048,15CM CHRISTMAS GLASS BALL 20 LIGHTS,4,20-11-2011 12:12,7.95,14595.0,United Kingdom
564757,22950,36 DOILIES VINTAGE CHRISTMAS,1,30-08-2011 10:36,2.92,,United Kingdom
543371,85202,HANGING WOOD AND FELT HEART,6,07-02-2011 14:53,0.42,14048.0,United Kingdom
572946,84926E,FLOWERS TILE COASTER,24,27-10-2011 10:36,0.29,13988.0,United Kingdom
C575224,22411,JUMBO SHOPPER VINTAGE RED PAISLEY,-100,09-11-2011 11:41,1.79,17511.0,United Kingdom
545980,21114,LAVENDER SCENTED FABRIC HEART,10,08-03-2011 12:49,1.25,14730.0,United Kingdom
536945,84247N,PACK/12 BLUE FOLKART CARDS,1,03-12-2010 12:24,2.95,14083.0,United Kingdom
558877,23309,SET OF 60 I LOVE LONDON CAKE CASES ,1,04-07-2011 13:50,0.55,17841.0,United Kingdom
569638,22470,HEART OF WICKER LARGE,6,05-10-2011 12:15,2.95,16140.0,United Kingdom
559418,22302,COFFEE MUG PEARS  DESIGN,6,08-07-2011 11:36,2.55,12681.0,France
543973,85049G,CHOCOLATE BOX RIBBONS ,1,14-02-2011 15:15,1.25,17571.0,United Kingdom
550320,22951,60 CAKE CASES DOLLY GIRL DESIGN,5,17-04-2011 12:37,0.55,12748.0,United Kingdom
553389,20716,PARTY FOOD SHOPPER BAG,1,16-05-2011 16:37,0.83,,United Kingdom
547971,37501,TEA TIME TEA SET IN GIFT BOX,1,28-03-2011 16:37,6.95,17917.0,United Kingdom
572540,21934,SKULL SHOULDER BAG,1,24-10-2011 16:17,3.29,,United Kingdom
539434,84685,BEACH HUT KEY CABINET,1,17-12-2010 14:41,7.62,,United Kingdom
572913,85032B,BLOSSOM IMAGES GIFT WRAP SET,1,26-10-2011 16:21,0.65,15993.0,United Kingdom
575083,23483,HANGING  BUTTERFLY T-LIGHT HOLDER,6,08-11-2011 13:31,1.25,18123.0,United Kingdom
580983,21981,PACK OF 12 WOODLAND TISSUES ,6,06-12-2011 16:26,0.83,,United Kingdom
545054,22121,NOEL WOODEN BLOCK LETTERS ,1,27-02-2011 12:41,5.95,14472.0,United Kingdom
565457,22960,JAM MAKING SET WITH JARS,6,05-09-2011 09:07,4.25,14565.0,United Kingdom
562031,22913,RED COAT RACK PARIS FASHION,2,01-08-2011 17:37,4.95,16984.0,United Kingdom
576381,23191,BUNDLE OF 3 RETRO NOTE BOOKS,12,15-11-2011 09:26,1.65,12839.0,United Kingdom
C579886,23491,VINTAGE JINGLE BELLS HEART,-1,30-11-2011 17:39,8.25,15676.0,United Kingdom
576597,23691,WRAP KEEP CALM BIRTHDAY,50,15-11-2011 14:57,0.42,14194.0,United Kingdom
556288,22028,PENNY FARTHING BIRTHDAY CARD,12,10-06-2011 09:23,0.42,13426.0,United Kingdom
543985,48194,DOORMAT HEARTS,1,15-02-2011 09:44,14.13,,United Kingdom
569207,23321,SMALL WHITE HEART OF WICKER,9,02-10-2011 11:04,1.65,17811.0,United Kingdom
547867,84029G,KNITTED UNION FLAG HOT WATER BOTTLE,1,27-03-2011 13:56,3.75,13357.0,United Kingdom
564734,21211,SET OF 72 SKULL PAPER  DOILIES,3,28-08-2011 13:32,1.45,12484.0,Spain
547896,22754,SMALL RED BABUSHKA NOTEBOOK ,1,28-03-2011 11:34,0.85,17841.0,United Kingdom
578827,21932,SCANDINAVIAN PAISLEY PICNIC BAG,2,25-11-2011 14:25,2.46,,United Kingdom
569302,23209,LUNCH BAG VINTAGE DOILY ,3,03-10-2011 12:04,1.65,16205.0,United Kingdom
575138,21931,JUMBO STORAGE BAG SUKI,12,08-11-2011 15:24,4.13,,United Kingdom
537237,22569,FELTCRAFT CUSHION BUTTERFLY,1,06-12-2010 09:58,7.62,,United Kingdom
550740,21242,RED RETROSPOT PLATE ,1,20-04-2011 11:33,3.29,,United Kingdom
556887,22386,JUMBO BAG PINK POLKADOT,2,15-06-2011 12:36,2.08,14606.0,United Kingdom
542353,22960,JAM MAKING SET WITH JARS,6,27-01-2011 12:19,4.25,16700.0,United Kingdom
560368,23301,GARDENERS KNEELING PAD KEEP CALM ,5,18-07-2011 12:25,1.65,17841.0,United Kingdom
572133,22367,CHILDRENS APRON SPACEBOY DESIGN,8,21-10-2011 10:11,1.95,12407.0,Belgium
556473,22730,ALARM CLOCK BAKELIKE IVORY,1,12-06-2011 12:00,3.75,17265.0,United Kingdom
543802,82494L,WOODEN FRAME ANTIQUE WHITE ,1,13-02-2011 12:03,2.95,13742.0,United Kingdom
574036,20975,12 PENCILS SMALL TUBE RED RETROSPOT,24,02-11-2011 12:46,0.65,16607.0,United Kingdom
568719,21967,PACK OF 12 SKULL TISSUES,1,28-09-2011 16:19,0.83,,United Kingdom
561147,23230,WRAP ALPHABET DESIGN,25,25-07-2011 13:06,0.42,16841.0,United Kingdom
559051,21224,SET/4 SKULL BADGES,1,05-07-2011 16:47,0.83,,United Kingdom
564857,22379,RECYCLING BAG RETROSPOT ,4,31-08-2011 09:23,4.96,,United Kingdom
557502,22382,LUNCH BAG SPACEBOY DESIGN ,1,20-06-2011 15:32,4.13,,United Kingdom
580610,82551,LAUNDRY 15C METAL SIGN,1,05-12-2011 11:48,2.46,,United Kingdom
550318,47504K,ENGLISH ROSE GARDEN SECATEURS,1,17-04-2011 12:25,1.95,16085.0,United Kingdom
537218,21381,MINI WOODEN HAPPY BIRTHDAY GARLAND,12,05-12-2010 15:46,1.69,12763.0,Japan
579787,22142,CHRISTMAS CRAFT WHITE FAIRY ,1,30-11-2011 15:33,3.29,,United Kingdom
552493,47566,PARTY BUNTING,2,09-05-2011 16:21,10.79,,United Kingdom
544656,22973,CHILDREN'S CIRCUS PARADE MUG,12,22-02-2011 13:02,1.65,17442.0,United Kingdom
544294,22983,CARD BILLBOARD FONT,12,17-02-2011 12:42,0.42,15601.0,United Kingdom
567665,22845,VINTAGE CREAM CAT FOOD CONTAINER,1,21-09-2011 15:22,12.46,,United Kingdom
562351,22386,JUMBO BAG PINK POLKADOT,10,04-08-2011 13:10,2.08,16626.0,United Kingdom
579777,90174,BUTTERFLY HAIR BAND,2,30-11-2011 15:13,2.48,,United Kingdom
557232,21990,MODERN FLORAL STATIONERY SET,12,17-06-2011 14:28,1.25,12463.0,Belgium
567668,72807C,SET/3 VANILLA SCENTED CANDLE IN BOX,3,21-09-2011 15:29,8.29,,United Kingdom
566424,21935,SUKI  SHOULDER BAG,10,12-09-2011 14:15,1.65,13309.0,United Kingdom
557215,23307,SET OF 60 PANTRY DESIGN CAKE CASES ,24,17-06-2011 12:22,0.55,17677.0,United Kingdom
539737,22208,WOOD STAMP SET THANK YOU,1,21-12-2010 15:19,3.36,,United Kingdom
576924,23082,SET 6 PAPER TABLE LANTERN HEARTS ,6,17-11-2011 10:53,3.75,17419.0,United Kingdom
569343,21174,POTTERING IN THE SHED METAL SIGN,120,03-10-2011 14:34,1.85,18102.0,United Kingdom
568210,23203,JUMBO BAG VINTAGE DOILY ,20,25-09-2011 15:56,2.08,17159.0,United Kingdom
575760,23203,JUMBO BAG VINTAGE DOILY ,3,11-11-2011 10:50,2.08,15965.0,United Kingdom
540404,22814,CARD PARTY GAMES ,12,07-01-2011 09:40,0.42,12947.0,United Kingdom
567165,23148,MINIATURE ANTIQUE ROSE HOOK IVORY,1,18-09-2011 11:58,0.83,17841.0,United Kingdom
537440,21875,KINGS CHOICE MUG,6,06-12-2010 17:16,1.25,17869.0,United Kingdom
540514,22192,BLUE DINER WALL CLOCK,1,09-01-2011 11:43,8.5,15708.0,United Kingdom
541205,21067,VINTAGE RED TEATIME MUG,6,14-01-2011 12:23,1.25,18106.0,United Kingdom
554135,15044D,RED PAPER PARASOL,6,23-05-2011 09:58,2.95,12877.0,United Kingdom
547572,21231,SWEETHEART CERAMIC TRINKET BOX,12,24-03-2011 10:03,1.25,13512.0,United Kingdom
566271,21981,PACK OF 12 WOODLAND TISSUES ,24,11-09-2011 13:44,0.39,14250.0,United Kingdom
559552,22899,CHILDREN'S APRON DOLLY GIRL ,1,10-07-2011 16:29,2.1,16014.0,United Kingdom
575739,21804,WHITE CHRISTMAS GARLAND STARS TREES,2,11-11-2011 09:05,3.29,,United Kingdom
578270,22338,STAR DECORATION PAINTED ZINC ,2,23-11-2011 13:39,1.25,14096.0,United Kingdom
561661,84821,DANISH ROSE DELUXE COASTER,1,28-07-2011 16:21,0.85,12743.0,Unspecified
580729,23552,BICYCLE PUNCTURE REPAIR KIT ,18,05-12-2011 17:24,4.13,,United Kingdom
567183,20831,GOLD PHOTO FRAME,2,18-09-2011 15:32,2.1,14769.0,United Kingdom
552353,48187,DOORMAT NEW ENGLAND,2,09-05-2011 12:14,7.95,17612.0,United Kingdom
538877,22637,PIGGY BANK RETROSPOT ,16,14-12-2010 15:29,5.91,,United Kingdom
567183,22024,RAINY LADIES BIRTHDAY CARD,12,18-09-2011 15:32,0.42,14769.0,United Kingdom
547327,22976,CIRCUS PARADE CHILDRENS EGG CUP ,12,22-03-2011 11:28,1.25,12681.0,France
560125,21562,HAWAIIAN GRASS SKIRT ,1,15-07-2011 10:44,1.25,18118.0,United Kingdom
560433,21494,ROTATING LEAVES T-LIGHT HOLDER,5,18-07-2011 15:49,1.63,,United Kingdom
580160,22898,CHILDRENS APRON APPLES DESIGN,8,02-12-2011 10:47,1.95,12700.0,France
559807,22727,ALARM CLOCK BAKELIKE RED ,1,12-07-2011 14:48,3.75,17841.0,United Kingdom
568828,16216,LETTER SHAPE PENCIL SHARPENER,80,29-09-2011 11:31,0.06,15175.0,United Kingdom
555722,84596L,BISCUITS SMALL BOWL LIGHT BLUE,2,06-06-2011 16:06,0.83,,United Kingdom
562680,20718,RED RETROSPOT SHOPPER BAG,2,08-08-2011 13:46,1.25,17954.0,United Kingdom
538198,22716,CARD CIRCUS PARADE,12,10-12-2010 11:01,0.42,17827.0,United Kingdom
566290,21914,BLUE HARMONICA IN BOX ,2,11-09-2011 15:24,1.25,14456.0,United Kingdom
557283,21901,"KEY FOB , BACK DOOR ",2,19-06-2011 12:26,0.65,16813.0,United Kingdom
578187,21733,RED HANGING HEART T-LIGHT HOLDER,6,23-11-2011 11:40,2.95,14336.0,United Kingdom
553005,84836,ZINC METAL HEART DECORATION,12,12-05-2011 16:29,1.25,14651.0,United Kingdom
567816,22633,HAND WARMER UNION JACK,8,22-09-2011 12:34,2.1,17243.0,United Kingdom
550805,84991,60 TEATIME FAIRY CAKE CASES,24,20-04-2011 15:38,0.55,13162.0,United Kingdom
558628,22231,JIGSAW TREE WITH BIRDHOUSE,12,30-06-2011 17:59,0.59,12626.0,Germany
548011,84991,60 TEATIME FAIRY CAKE CASES,240,29-03-2011 11:14,0.42,14646.0,Netherlands
574733,22400,MAGNETS PACK OF 4 HOME SWEET HOME,12,06-11-2011 15:17,0.39,17082.0,United Kingdom
542134,22183,CAKE STAND VICTORIAN FILIGREE MED,18,25-01-2011 16:36,5.95,15189.0,United Kingdom
541123,22139,RETROSPOT TEA SET CERAMIC 11 PC ,3,14-01-2011 09:52,4.95,13385.0,United Kingdom
579536,22389,PAPERWEIGHT SAVE THE PLANET,6,30-11-2011 09:53,2.55,12957.0,United Kingdom
553869,23203,JUMBO BAG DOILEY PATTERNS,10,19-05-2011 14:27,2.08,15394.0,United Kingdom
560841,23090,VINTAGE GLASS T-LIGHT HOLDER,12,21-07-2011 12:25,0.72,14298.0,United Kingdom
539325,85123A,WHITE HANGING HEART T-LIGHT HOLDER,6,17-12-2010 08:20,2.95,13004.0,United Kingdom
572859,84946,ANTIQUE SILVER T-LIGHT GLASS,6,26-10-2011 12:39,1.25,16418.0,United Kingdom
574898,23439,HAND WARMER RED LOVE HEART,8,07-11-2011 15:07,2.1,16242.0,United Kingdom
538879,22593,CHRISTMAS GINGHAM STAR,24,14-12-2010 15:50,0.85,15392.0,United Kingdom
561511,22268,DECORATION SITTING BUNNY,48,27-07-2011 15:02,0.19,15624.0,United Kingdom
564049,22952,60 CAKE CASES VINTAGE CHRISTMAS,1,22-08-2011 13:30,0.55,17585.0,United Kingdom
540349,21212,PACK OF 72 RETROSPOT CAKE CASES,24,06-01-2011 14:07,0.55,15379.0,United Kingdom
554057,72351B,SET/6 PINK  BUTTERFLY T-LIGHTS,1,20-05-2011 15:52,2.1,17867.0,United Kingdom
580306,23206,LUNCH BAG APPLE DESIGN,20,02-12-2011 14:29,1.65,14250.0,United Kingdom
536530,21654,RIDGED GLASS FINGER BOWL,6,01-12-2010 13:21,1.45,17905.0,United Kingdom
573808,22556,PLASTERS IN TIN CIRCUS PARADE ,1,01-11-2011 11:29,1.65,14419.0,United Kingdom
569126,23170,REGENCY TEA PLATE ROSES ,24,30-09-2011 13:28,1.65,13347.0,United Kingdom
539610,22478,BIRDHOUSE GARDEN MARKER ,2,20-12-2010 14:33,1.25,14606.0,United Kingdom
579512,82580,BATHROOM METAL SIGN,3,29-11-2011 16:47,1.25,,United Kingdom
563241,21498,RED RETROSPOT WRAP ,25,15-08-2011 10:22,0.42,12758.0,Portugal
539595,22196,SMALL HEART MEASURING SPOONS,2,20-12-2010 13:43,1.66,,United Kingdom
576557,23321,SMALL WHITE HEART OF WICKER,1,15-11-2011 13:07,1.65,14714.0,United Kingdom
555735,21559,STRAWBERRY LUNCH BOX WITH CUTLERY,6,07-06-2011 08:54,2.55,13327.0,United Kingdom
581146,23367,SET 12 COLOUR PENCILS SPACEBOY ,6,07-12-2011 13:53,0.65,17602.0,United Kingdom
569401,23409,PHOTO FRAME LINEN AND LACE LARGE,6,04-10-2011 08:56,3.75,15111.0,United Kingdom
569740,23343,JUMBO BAG VINTAGE CHRISTMAS ,40,06-10-2011 10:52,2.08,15769.0,United Kingdom
541811,22893,MINI CAKE STAND T-LIGHT HOLDER,10,21-01-2011 15:01,0.83,,United Kingdom
557016,23206,LUNCH BAG APPLE DESIGN,1,16-06-2011 12:29,1.65,16942.0,United Kingdom
554003,23172,REGENCY TEA PLATE PINK,48,20-05-2011 12:17,1.45,13324.0,United Kingdom
560018,22367,CHILDRENS APRON SPACEBOY DESIGN,1,14-07-2011 12:52,1.95,15987.0,United Kingdom
550474,20727,LUNCH BAG  BLACK SKULL.,1,18-04-2011 13:58,4.13,,United Kingdom
541850,21457,2 PICTURE BOOK EGGS EASTER DUCKS,2,23-01-2011 13:58,1.25,14224.0,United Kingdom
561488,21115,ROSE CARAVAN DOORSTOP,2,27-07-2011 13:51,6.75,16609.0,United Kingdom
554065,22582,PACK OF 6 SWEETIE GIFT BOXES,6,22-05-2011 10:39,2.55,18287.0,United Kingdom
577824,22568,FELTCRAFT CUSHION OWL,8,22-11-2011 09:42,3.75,15845.0,United Kingdom
538827,84817,DANISH ROSE DECORATIVE PLATE,144,14-12-2010 12:59,0.42,14298.0,United Kingdom
553189,82613B,"METAL SIGN,CUPCAKE SINGLE HOOK",3,15-05-2011 13:14,1.25,15033.0,United Kingdom
573078,23582,VINTAGE DOILY JUMBO BAG RED ,10,27-10-2011 14:13,2.08,12839.0,United Kingdom
541422,22403,MAGNETS PACK OF 4 VINTAGE LABELS ,1,17-01-2011 17:48,0.83,,United Kingdom
544177,21989,PACK OF 20 SKULL PAPER NAPKINS,1,16-02-2011 14:27,0.85,13001.0,United Kingdom
564144,84970S,HANGING HEART ZINC T-LIGHT HOLDER,12,23-08-2011 11:53,0.85,13939.0,United Kingdom
560417,22775,PURPLE DRAWERKNOB ACRYLIC EDWARDIAN,12,18-07-2011 14:56,1.25,16011.0,United Kingdom
544406,21896,POTTING SHED TWINE,1,18-02-2011 13:26,2.1,16726.0,United Kingdom
541204,21355,TOAST ITS - I LOVE YOU ,12,14-01-2011 12:22,1.25,14175.0,United Kingdom
547385,22291,HANGING CHICK CREAM DECORATION,1,22-03-2011 15:48,2.92,,United Kingdom
569556,22774,RED DRAWER KNOB ACRYLIC EDWARDIAN,12,05-10-2011 08:50,1.25,14936.0,Channel Islands
549740,23205,CHARLOTTE BAG ALPHABET  DESIGN,20,12-04-2011 09:49,0.85,15981.0,United Kingdom
C538083,22633,HAND WARMER UNION JACK,-4,09-12-2010 14:40,2.1,15750.0,United Kingdom
572719,82484,WOOD BLACK BOARD ANT WHITE FINISH,6,25-10-2011 15:03,7.95,13871.0,United Kingdom
543660,22383,LUNCH BAG SUKI  DESIGN ,1,11-02-2011 10:40,4.13,,United Kingdom
541523,20677,PINK POLKADOT BOWL,1,19-01-2011 10:09,1.25,17708.0,United Kingdom
558877,22309,TEA COSY RED  STRIPE,1,04-07-2011 13:50,2.55,17841.0,United Kingdom
570111,22376,AIRLINE BAG VINTAGE JET SET WHITE,1,07-10-2011 12:28,4.25,15005.0,United Kingdom
581439,23274,STAR T-LIGHT HOLDER WILLIE WINKIE,2,08-12-2011 16:30,3.29,,United Kingdom
562428,90205A,LARGE MINT DIAMANTE HAIRSLIDE,4,04-08-2011 17:22,1.65,17267.0,United Kingdom
556460,84978,HANGING HEART JAR T-LIGHT HOLDER,12,12-06-2011 09:56,1.25,14276.0,United Kingdom
553035,23067,HANGING ENGRAVED METAL HEART,2,12-05-2011 20:13,4.15,17337.0,United Kingdom
558709,22139,RETROSPOT TEA SET CERAMIC 11 PC ,2,01-07-2011 13:02,4.95,17338.0,United Kingdom
557861,72741,GRAND CHOCOLATECANDLE,9,23-06-2011 12:13,1.45,13437.0,United Kingdom
573333,POST,POSTAGE,2,30-10-2011 11:34,40.0,12483.0,Sweden
570232,47590B,PINK HAPPY BIRTHDAY BUNTING,1,09-10-2011 13:58,5.45,14040.0,United Kingdom
579735,21793,check,-40,30-11-2011 14:25,0.0,,United Kingdom
562558,21731,RED TOADSTOOL LED NIGHT LIGHT,4,05-08-2011 16:43,1.65,13451.0,United Kingdom
561719,22090,PAPER BUNTING RETROSPOT,24,29-07-2011 12:09,2.95,17519.0,United Kingdom
547194,22992,REVOLVER WOODEN RULER ,1,21-03-2011 12:42,1.95,12637.0,France
564248,85123A,WHITE HANGING HEART T-LIGHT HOLDER,32,24-08-2011 10:37,2.55,13798.0,United Kingdom
581492,22540,MINI JIGSAW CIRCUS PARADE ,1,09-12-2011 10:03,0.83,,United Kingdom
543448,22076,6 RIBBONS EMPIRE  ,1,08-02-2011 12:12,2.46,,United Kingdom
536395,22726,ALARM CLOCK BAKELIKE GREEN,8,01-12-2010 10:47,3.75,13767.0,United Kingdom
538349,20780,BLACK EAR MUFF HEADPHONES,1,10-12-2010 14:59,11.02,,United Kingdom
555009,84947,ANTIQUE SILVER TEA GLASS ENGRAVED,12,31-05-2011 10:32,1.25,17340.0,United Kingdom
562374,23174,REGENCY SUGAR BOWL GREEN,48,04-08-2011 14:40,3.75,14911.0,EIRE
568987,22467,GUMBALL COAT RACK,12,29-09-2011 15:58,2.55,12709.0,Germany
568331,22768,FAMILY PHOTO FRAME CORNICE,2,26-09-2011 14:25,9.95,16600.0,United Kingdom
C539602,22893,MINI CAKE STAND T-LIGHT HOLDER,-9,20-12-2010 14:02,0.42,13369.0,United Kingdom
542393,84991,60 TEATIME FAIRY CAKE CASES,3,27-01-2011 15:02,0.55,18125.0,United Kingdom
537240,22476,EMPIRE UNION JACK TV DINNER TRAY,1,06-12-2010 10:08,11.02,,United Kingdom
569865,23032,DRAWER KNOB CRACKLE GLAZE IVORY,20,06-10-2011 14:47,1.65,12748.0,United Kingdom
566076,22029,SPACEBOY BIRTHDAY CARD,12,09-09-2011 09:13,0.42,12449.0,Belgium
575690,22549,PICTURE DOMINOES,12,10-11-2011 16:20,1.45,14189.0,United Kingdom
557494,21929,JUMBO BAG PINK VINTAGE PAISLEY,4,20-06-2011 15:19,4.13,,United Kingdom
578934,21175,GIN AND TONIC DIET METAL SIGN,2,27-11-2011 12:47,2.55,14577.0,United Kingdom
573955,22692,DOORMAT WELCOME TO OUR HOME,2,02-11-2011 10:51,8.25,14216.0,United Kingdom
538071,71459,HANGING JAM JAR T-LIGHT HOLDER,4,09-12-2010 14:09,1.69,,United Kingdom
553008,23165,LARGE CERAMIC TOP STORAGE JAR,2,12-05-2011 16:52,1.65,17315.0,United Kingdom
570187,21671,RED SPOT CERAMIC DRAWER KNOB,2,07-10-2011 15:09,3.29,,United Kingdom
580901,22646,CERAMIC STRAWBERRY CAKE MONEY BANK,36,06-12-2011 12:45,0.39,16528.0,United Kingdom
569137,22812,PACK 3 BOXES CHRISTMAS PANNETONE,1,30-09-2011 14:45,4.96,,United Kingdom
573333,84997D,CHILDRENS CUTLERY POLKADOT PINK,4,30-10-2011 11:34,4.15,12483.0,Sweden
576649,22439,6 ROCKET BALLOONS ,2,16-11-2011 10:32,0.65,16008.0,United Kingdom
574690,22420,LIPSTICK PEN BABY PINK,12,06-11-2011 13:11,0.42,12638.0,Sweden
576386,72802A,ROSE SCENT CANDLE IN JEWELLED BOX,36,15-11-2011 09:42,3.81,13777.0,United Kingdom
542275,20719,WOODLAND CHARLOTTE BAG,10,27-01-2011 10:18,0.85,13089.0,United Kingdom
543020,22750,FELTCRAFT PRINCESS LOLA DOLL,1,02-02-2011 14:29,3.75,15005.0,United Kingdom
581238,82600,N0 SINGING METAL SIGN,2,08-12-2011 10:53,4.13,,United Kingdom
537781,22030,SWALLOWS GREETING CARD,12,08-12-2010 12:46,0.42,17341.0,United Kingdom
561463,22072,RED RETROSPOT TEA CUP AND SAUCER ,4,27-07-2011 12:38,3.75,14527.0,United Kingdom
545895,20770,ABSTRACT CIRCLE JOURNAL ,1,07-03-2011 17:14,2.46,,United Kingdom
572103,23184,BULL DOG BOTTLE OPENER,1,20-10-2011 15:57,4.95,17571.0,United Kingdom
566976,23205,CHARLOTTE BAG VINTAGE ALPHABET ,20,16-09-2011 09:27,0.85,15382.0,United Kingdom
538040,84836,ZINC METAL HEART DECORATION,3,09-12-2010 13:08,1.25,16520.0,United Kingdom
552826,21467,CHERRY CROCHET FOOD COVER,4,11-05-2011 13:20,3.75,14277.0,France
564480,21306,SET/4 DAISY MIRROR MAGNETS,24,25-08-2011 13:24,0.29,17656.0,United Kingdom
559506,22729,ALARM CLOCK BAKELIKE ORANGE,1,08-07-2011 15:17,7.46,,United Kingdom
571909,84459A,PINK METAL CHICKEN HEART ,2,19-10-2011 15:08,1.49,15006.0,United Kingdom
559040,21094,SET/6 RED SPOTTY PAPER PLATES,1,05-07-2011 15:33,2.46,,United Kingdom
576364,22634,CHILDS BREAKFAST SET SPACEBOY ,1,14-11-2011 17:40,9.95,15009.0,United Kingdom
571716,84946,ANTIQUE SILVER T-LIGHT GLASS,5,18-10-2011 17:05,2.46,,United Kingdom
581412,22551,PLASTERS IN TIN SPACEBOY,3,08-12-2011 14:38,1.65,14415.0,United Kingdom
564712,21249,WOODLAND  HEIGHT CHART STICKERS ,6,28-08-2011 10:40,2.95,15611.0,United Kingdom
575981,23310,BUBBLEGUM RING ASSORTED,36,13-11-2011 13:41,0.42,15500.0,United Kingdom
576252,21162,TOXIC AREA  DOOR HANGER ,24,14-11-2011 13:55,0.39,14418.0,United Kingdom
544186,20727,LUNCH BAG  BLACK SKULL.,1,16-02-2011 15:55,4.13,,United Kingdom
558475,21934,SKULL SHOULDER BAG,43,29-06-2011 15:58,1.63,,United Kingdom
566283,23301,GARDENERS KNEELING PAD KEEP CALM ,2,11-09-2011 14:34,1.65,17838.0,United Kingdom
C546278,22841,ROUND CAKE TIN VINTAGE GREEN,-1,10-03-2011 15:06,7.95,13476.0,United Kingdom
575059,82551,LAUNDRY 15C METAL SIGN,2,08-11-2011 12:25,1.45,14071.0,United Kingdom
577487,22328,ROUND SNACK BOXES SET OF 4 FRUITS ,24,20-11-2011 12:00,2.95,15061.0,United Kingdom
567901,22703,PINK CAT BOWL,1,22-09-2011 16:28,1.63,,United Kingdom
570884,22722,SET OF 6 SPICE TINS PANTRY DESIGN,5,13-10-2011 10:09,3.95,17315.0,United Kingdom
559706,23209,LUNCH BAG DOILEY PATTERN ,10,12-07-2011 10:02,1.65,16609.0,United Kingdom
572552,85066,CREAM SWEETHEART MINI CHEST,1,24-10-2011 17:07,24.96,14096.0,United Kingdom
577167,23084,RABBIT NIGHT LIGHT,3,18-11-2011 10:41,2.08,16511.0,United Kingdom
575491,23500,KEY RING BASEBALL BOOT ASSORTED ,20,09-11-2011 17:47,1.25,15531.0,United Kingdom
576602,23534,STOP FOR TEA WALL ART,12,15-11-2011 15:20,5.35,14156.0,EIRE
543737,22723,SET OF 6 HERB TINS SKETCHBOOK,4,11-02-2011 12:45,3.95,12477.0,Germany
581492,21012,ANTIQUE ALL GLASS CANDLESTICK,3,09-12-2011 10:03,2.46,,United Kingdom
546776,37449,CERAMIC CAKE STAND + HANGING CAKES,2,16-03-2011 16:08,9.95,17460.0,United Kingdom
580654,23334,IVORY WICKER HEART SMALL,3,05-12-2011 13:37,0.63,15854.0,United Kingdom
565438,22386,JUMBO BAG PINK POLKADOT,10,04-09-2011 13:56,2.08,17229.0,United Kingdom
571857,22835,HOT WATER BOTTLE I AM SO POORLY,4,19-10-2011 13:38,4.95,15468.0,United Kingdom
580727,20973,12 PENCIL SMALL TUBE WOODLAND,14,05-12-2011 17:17,1.25,14096.0,United Kingdom
545901,21577,SAVE THE PLANET COTTON TOTE BAG,2,07-03-2011 17:52,2.25,15834.0,United Kingdom
580631,22614,PACK OF 12 SPACEBOY TISSUES,36,05-12-2011 12:13,0.39,16682.0,United Kingdom
553918,22470,HEART OF WICKER LARGE,40,20-05-2011 08:39,2.55,16146.0,United Kingdom
569893,22670,FRENCH WC SIGN BLUE METAL,12,06-10-2011 15:51,1.25,12627.0,Germany
580276,20727,LUNCH BAG  BLACK SKULL.,3,02-12-2011 12:59,1.65,16426.0,United Kingdom
565596,23123,COCKTAIL SWORDS 50 PIECES,2,05-09-2011 14:27,0.83,16444.0,United Kingdom
546182,22268,EASTER DECORATION SITTING BUNNY,12,10-03-2011 10:53,0.85,14334.0,United Kingdom
562708,23329,DECORATIVE WICKER HEART LARGE,6,08-08-2011 14:15,1.65,17085.0,United Kingdom
539351,20717,STRAWBERRY SHOPPER BAG,10,17-12-2010 11:23,1.25,12551.0,Spain
538355,22943,CHRISTMAS LIGHTS 10 VINTAGE BAUBLES,2,10-12-2010 15:49,4.95,17912.0,United Kingdom
554917,21671,RED SPOT CERAMIC DRAWER KNOB,12,27-05-2011 12:29,1.25,15104.0,United Kingdom
545464,20707,CRAZY DAISY HEART DECORATION,1,03-03-2011 09:10,0.83,,United Kingdom
562537,22367,CHILDRENS APRON SPACEBOY DESIGN,8,05-08-2011 15:02,1.95,12517.0,Germany
537823,22581,WOOD STOCKING CHRISTMAS SCANDISPOT,1,08-12-2010 14:25,1.66,,United Kingdom
574673,23264,SET OF 3 WOODEN SLEIGH DECORATIONS,2,06-11-2011 12:26,1.25,15555.0,United Kingdom
553572,23202,JUMBO BAG VINTAGE LEAF,10,18-05-2011 09:37,2.08,18223.0,United Kingdom
565675,21754,HOME BUILDING BLOCK WORD,3,06-09-2011 09:51,5.95,15513.0,United Kingdom
555572,20726,LUNCH BAG WOODLAND,10,05-06-2011 15:37,1.65,12449.0,Belgium
579179,79321,CHILLI LIGHTS,2,28-11-2011 15:02,5.75,17237.0,United Kingdom
570125,84988,SET OF 72 PINK HEART PAPER DOILIES,12,07-10-2011 13:14,1.45,17509.0,United Kingdom
569555,22795,SWEETHEART RECIPE BOOK STAND,2,05-10-2011 08:17,6.75,17728.0,United Kingdom
578325,23200,JUMBO BAG PEARS,1,23-11-2011 17:43,2.08,16343.0,United Kingdom
560209,21703,BAG 125g SWIRLY MARBLES,4,15-07-2011 14:05,0.42,15004.0,United Kingdom
579145,22909,SET OF 20 VINTAGE CHRISTMAS NAPKINS,1,28-11-2011 13:13,0.85,14597.0,United Kingdom
573344,20727,LUNCH BAG  BLACK SKULL.,1,30-10-2011 12:07,1.65,14179.0,United Kingdom
580115,22174,PHOTO CUBE,2,01-12-2011 16:22,3.29,,United Kingdom
538104,22750,FELTCRAFT PRINCESS LOLA DOLL,1,09-12-2010 15:16,3.75,17950.0,United Kingdom
580399,22365,DOORMAT RESPECTABLE HOUSE,1,04-12-2011 11:45,8.25,13471.0,United Kingdom
566875,21930,JUMBO STORAGE BAG SKULLS,50,15-09-2011 13:43,2.08,17669.0,United Kingdom
564049,22988,SOLDIERS EGG CUP ,12,22-08-2011 13:30,1.25,17585.0,United Kingdom
573248,22736,RIBBON REEL MAKING SNOWMEN ,2,28-10-2011 12:09,1.65,14498.0,United Kingdom
558710,21992,VINTAGE PAISLEY STATIONERY SET,1,01-07-2011 13:04,1.25,15483.0,United Kingdom
536605,21042,RED RETROSPOT APRON ,3,02-12-2010 08:52,5.95,13715.0,United Kingdom
560772,21447,12 IVORY ROSE PEG PLACE SETTINGS,1,20-07-2011 16:12,2.46,,United Kingdom
C540535,85023B,EAU DE NILE JEWELLED PHOTOFRAME,-1,09-01-2011 14:17,2.55,15005.0,United Kingdom
539453,22322,BIRD DECORATION GREEN POLKADOT,1,17-12-2010 17:08,1.66,,United Kingdom
564145,21390,FILIGRIS HEART WITH BUTTERFLY,24,23-08-2011 12:18,1.25,14329.0,United Kingdom
575176,23162,REGENCY TEA STRAINER,1,08-11-2011 18:29,7.46,,United Kingdom
558105,21367,MIRRORED WALL ART GENTS,2,26-06-2011 14:54,0.75,15644.0,United Kingdom
538566,21012,ANTIQUE ALL GLASS CANDLESTICK,8,13-12-2010 11:21,2.51,,United Kingdom
580983,20794,BLUE  TILE HOOK,1,06-12-2011 16:26,4.96,,United Kingdom
577358,22422,TOOTHPASTE TUBE PEN,2,18-11-2011 15:59,1.25,,United Kingdom
559106,22617,BAKING SET SPACEBOY DESIGN,1,06-07-2011 11:10,4.95,15889.0,United Kingdom
563753,21469,POLKA DOT RAFFIA FOOD COVER,6,19-08-2011 10:51,3.75,12513.0,France
579196,22697,GREEN REGENCY TEACUP AND SAUCER,2,28-11-2011 15:54,5.79,14096.0,United Kingdom
538651,82486,WOOD S/3 CABINET ANT WHITE FINISH,1,13-12-2010 15:07,7.95,15311.0,United Kingdom
568059,15056N,EDWARDIAN PARASOL NATURAL,6,23-09-2011 12:58,5.95,13097.0,United Kingdom
555577,21927,BLUE/CREAM STRIPE CUSHION COVER ,12,05-06-2011 15:53,1.25,15301.0,United Kingdom
551305,85144,JARDIN ETCHED GLASS CHEESE DISH,12,27-04-2011 14:58,1.95,16145.0,United Kingdom
552328,22379,RECYCLING BAG RETROSPOT ,20,09-05-2011 10:03,2.1,14188.0,United Kingdom
573553,20970,PINK FLORAL FELTCRAFT SHOULDER BAG,1,31-10-2011 13:48,7.46,,United Kingdom
569983,84946,ANTIQUE SILVER T-LIGHT GLASS,12,06-10-2011 19:49,1.25,17231.0,United Kingdom
559317,23050,RECYCLED ACAPULCO MAT GREEN,1,07-07-2011 14:03,8.25,17611.0,United Kingdom
549953,21906,PHARMACIE FIRST AID TIN,4,13-04-2011 13:15,6.75,12766.0,Portugal
537538,21114,LAVENDER SCENTED FABRIC HEART,10,07-12-2010 11:49,1.25,15353.0,United Kingdom
564837,21991,BOHEMIAN COLLAGE STATIONERY SET,1,30-08-2011 12:40,2.46,,United Kingdom
560635,21892,TRADITIONAL WOODEN CATCH CUP GAME ,12,20-07-2011 10:51,1.25,12521.0,Germany
577150,22645,CERAMIC HEART FAIRY CAKE MONEY BANK,1,18-11-2011 09:48,4.13,,United Kingdom
576644,21930,JUMBO STORAGE BAG SKULLS,6,16-11-2011 10:01,4.13,,United Kingdom
577024,23275,SET OF 3 HANGING OWLS OLLIE BEAK,1,17-11-2011 12:47,1.25,14704.0,United Kingdom
576618,23084,RABBIT NIGHT LIGHT,37,15-11-2011 17:00,4.13,,United Kingdom
555150,47566,PARTY BUNTING,2,31-05-2011 15:53,10.79,,United Kingdom
554275,22776,SWEETHEART CAKESTAND 3 TIER,1,23-05-2011 13:17,9.95,14903.0,United Kingdom
564358,22499,WOODEN UNION JACK BUNTING,1,24-08-2011 16:00,5.95,17869.0,United Kingdom
574076,22174,PHOTO CUBE,1,02-11-2011 15:38,3.29,,United Kingdom
561511,23322,LARGE WHITE HEART OF WICKER,6,27-07-2011 15:02,2.95,15624.0,United Kingdom
566554,22865,HAND WARMER OWL DESIGN,12,13-09-2011 11:39,2.1,13136.0,United Kingdom
573578,23131,MISTLETOE HEART WREATH CREAM,6,31-10-2011 14:13,4.15,16018.0,United Kingdom
557312,23252,VINTAGE RED ENAMEL TRIM JUG ,4,19-06-2011 15:47,3.75,17001.0,United Kingdom
571456,22728,ALARM CLOCK BAKELIKE PINK,8,17-10-2011 13:57,3.75,16729.0,United Kingdom
546787,82482,WOODEN PICTURE FRAME WHITE FINISH,6,17-03-2011 10:01,2.55,14035.0,United Kingdom
546466,84519B,CARROT CHARLIE+LOLA COASTER SET,3,14-03-2011 11:04,1.25,18118.0,United Kingdom
581445,22460,EMBOSSED GLASS TEALIGHT HOLDER,12,08-12-2011 17:12,1.25,17405.0,United Kingdom
540647,72741,GRAND CHOCOLATECANDLE,9,10-01-2011 14:57,1.45,17406.0,United Kingdom
548714,20969,RED FLORAL FELTCRAFT SHOULDER BAG,1,03-04-2011 15:07,3.75,17337.0,United Kingdom
578065,22024,RAINY LADIES BIRTHDAY CARD,1,22-11-2011 15:41,0.83,,United Kingdom
563505,82567,"AIRLINE LOUNGE,METAL SIGN",6,17-08-2011 09:45,2.1,17865.0,United Kingdom
573311,22147,FELTCRAFT BUTTERFLY HEARTS,2,28-10-2011 16:45,1.45,14071.0,United Kingdom
555821,21399,,-116,07-06-2011 12:01,0.0,,United Kingdom
564058,23208,LUNCH BAG VINTAGE LEAF DESIGN,20,22-08-2011 14:23,1.65,17676.0,United Kingdom
569535,23403,LETTER HOLDER HOME SWEET HOME,4,04-10-2011 15:41,3.75,15044.0,United Kingdom
565248,21636,MADRAS NOTEBOOK MEDIUM,12,02-09-2011 10:34,0.75,15860.0,United Kingdom
537868,21733,RED HANGING HEART T-LIGHT HOLDER,6,08-12-2010 16:49,2.95,12433.0,Norway
569680,84836,ZINC METAL HEART DECORATION,12,05-10-2011 14:28,1.25,16803.0,United Kingdom
558455,21314,SMALL GLASS HEART TRINKET POT,8,29-06-2011 13:58,2.1,14327.0,United Kingdom
577358,46776B,WOVEN BERRIES CUSHION COVER ,1,18-11-2011 15:59,4.13,,United Kingdom
545224,22379,RECYCLING BAG RETROSPOT ,5,01-03-2011 09:03,2.1,17068.0,United Kingdom
544068,21908,CHOCOLATE THIS WAY METAL SIGN,1,15-02-2011 14:08,2.1,16431.0,United Kingdom
565795,46000M,POLYESTER FILLER PAD 45x45cm,8,07-09-2011 09:57,1.55,17481.0,United Kingdom
555524,23171,REGENCY TEA PLATE GREEN ,12,05-06-2011 11:37,1.65,16923.0,United Kingdom
578833,21115,ROSE CARAVAN DOORSTOP,1,25-11-2011 15:23,14.13,,United Kingdom
568066,22352,LUNCH BOX WITH CUTLERY RETROSPOT ,1,23-09-2011 13:48,2.55,14529.0,United Kingdom
540458,22711,WRAP CIRCUS PARADE,25,07-01-2011 12:28,0.42,12501.0,Germany
577078,23010,CIRCUS PARADE BABY GIFT SET,1,17-11-2011 15:17,10.79,,United Kingdom
563522,21224,SET/4 SKULL BADGES,10,17-08-2011 10:59,1.25,17975.0,United Kingdom
548568,21534,DAIRY MAID LARGE MILK JUG,1,01-04-2011 10:43,4.95,14543.0,United Kingdom
545695,22628,PICNIC BOXES SET OF 3 RETROSPOT ,4,06-03-2011 14:15,4.95,17050.0,United Kingdom
580396,23535,WALL ART BICYCLE SAFETY,1,04-12-2011 11:00,5.95,13838.0,United Kingdom
541878,22665,RECIPE BOX BLUE SKETCHBOOK DESIGN,1,24-01-2011 10:28,5.79,,United Kingdom
567339,22708,WRAP DOLLY GIRL,25,19-09-2011 15:01,0.42,14146.0,United Kingdom
563557,22961,JAM MAKING SET PRINTED,12,17-08-2011 13:33,1.45,15786.0,United Kingdom
574745,35953,FOLKART STAR CHRISTMAS DECORATIONS,48,07-11-2011 08:26,0.39,14911.0,EIRE
559816,22835,HOT WATER BOTTLE I AM SO POORLY,1,12-07-2011 16:11,9.13,,United Kingdom
574696,23157,SET OF 6 NATIVITY MAGNETS ,6,06-11-2011 13:40,2.08,13634.0,United Kingdom
575607,84970L,SINGLE HEART ZINC T-LIGHT HOLDER,1,10-11-2011 12:37,2.08,14096.0,United Kingdom
569630,23209,LUNCH BAG VINTAGE DOILY ,20,05-10-2011 11:44,1.65,13458.0,United Kingdom
556495,23068,ALUMINIUM STAMPED HEART,2,12-06-2011 15:14,2.49,18069.0,United Kingdom
560271,21980,PACK OF 12 RED RETROSPOT TISSUES ,1,17-07-2011 14:51,0.29,16474.0,United Kingdom
553890,84913A,SOFT PINK ROSE TOWEL ,1,19-05-2011 16:32,3.29,,United Kingdom
578018,22663,JUMBO BAG DOLLY GIRL DESIGN,3,22-11-2011 13:08,2.08,15311.0,United Kingdom
566055,23134,LARGE ZINC HEART WALL ORGANISER,1,08-09-2011 15:05,8.25,15453.0,United Kingdom
547552,22149,FELTCRAFT 6 FLOWER FRIENDS,1,23-03-2011 15:55,4.96,,United Kingdom
574076,72741,GRAND CHOCOLATECANDLE,3,02-11-2011 15:38,2.76,,United Kingdom
563565,22720,SET OF 3 CAKE TINS PANTRY DESIGN ,2,17-08-2011 14:22,4.95,17338.0,United Kingdom
552013,23010,CIRCUS PARADE BABY GIFT SET,1,05-05-2011 17:34,16.95,12451.0,Switzerland
578016,85014B,RED RETROSPOT UMBRELLA,1,22-11-2011 13:02,5.95,14506.0,United Kingdom
541136,85159B,"WHITE TEA,COFFEE,SUGAR JARS",24,14-01-2011 10:39,1.25,18229.0,United Kingdom
570258,21557,SET OF 6 FUNKY BEAKERS,1,10-10-2011 09:56,5.63,,United Kingdom
571945,84380,SET OF 3 BUTTERFLY COOKIE CUTTERS,60,20-10-2011 10:34,1.45,17354.0,United Kingdom
541695,22383,LUNCH BAG SUKI  DESIGN ,1,20-01-2011 18:01,4.13,,United Kingdom
544323,22087,PAPER BUNTING WHITE LACE,7,17-02-2011 15:51,5.79,,United Kingdom
542737,84947,ANTIQUE SILVER TEA GLASS ENGRAVED,6,31-01-2011 15:52,1.25,15058.0,United Kingdom
538349,21262,WHITE GOOSE FEATHER CHRISTMAS TREE ,2,10-12-2010 14:59,7.62,,United Kingdom
547548,22554,PLASTERS IN TIN WOODLAND ANIMALS,1,23-03-2011 15:37,1.65,15644.0,United Kingdom
553088,21558,SKULL LUNCH BOX WITH CUTLERY ,6,13-05-2011 11:53,2.55,16180.0,United Kingdom
568075,22751,FELTCRAFT PRINCESS OLIVIA DOLL,1,23-09-2011 14:21,3.75,14652.0,United Kingdom
579283,23293,SET OF 12 FAIRY CAKE BAKING CASES,16,29-11-2011 10:45,0.83,13883.0,United Kingdom
545901,84692,BOX OF 24 COCKTAIL PARASOLS,1,07-03-2011 17:52,0.42,15834.0,United Kingdom
577482,23300,GARDENERS KNEELING PAD CUP OF TEA ,12,20-11-2011 11:43,1.65,16762.0,United Kingdom
571418,23332,IVORY WICKER HEART LARGE,4,17-10-2011 12:35,1.65,16412.0,United Kingdom
545695,21876,POTTERING MUG,3,06-03-2011 14:15,1.25,17050.0,United Kingdom
574096,21498,RED RETROSPOT WRAP ,25,03-11-2011 09:55,0.42,13599.0,United Kingdom
541370,22383,LUNCH BAG SUKI  DESIGN ,10,17-01-2011 14:51,1.65,18179.0,United Kingdom
577728,22378,WALL TIDY RETROSPOT ,1,21-11-2011 12:52,2.1,17811.0,United Kingdom
550196,22974,CHILDRENS DOLLY GIRL MUG,6,15-04-2011 10:09,1.65,14796.0,United Kingdom
542789,84879,ASSORTED COLOUR BIRD ORNAMENT,160,01-02-2011 10:38,1.45,17511.0,United Kingdom
577331,82482,WOODEN PICTURE FRAME WHITE FINISH,6,18-11-2011 14:23,2.95,14667.0,United Kingdom
536532,22632,HAND WARMER RED RETROSPOT,12,01-12-2010 13:24,2.1,12433.0,Norway
573347,22992,REVOLVER WOODEN RULER ,4,30-10-2011 12:26,1.95,13137.0,United Kingdom
574864,21908,CHOCOLATE THIS WAY METAL SIGN,4,07-11-2011 12:29,2.1,14387.0,United Kingdom
544089,22819,"BIRTHDAY CARD, RETRO SPOT",1,15-02-2011 17:51,0.83,,United Kingdom
552527,20964,,2,09-05-2011 16:48,0.0,,United Kingdom
573405,22638,SET OF 4 NAPKIN CHARMS CROWNS ,4,30-10-2011 15:55,2.55,13822.0,United Kingdom
580727,84945,MULTI COLOUR SILVER T-LIGHT HOLDER,6,05-12-2011 17:17,1.8,14096.0,United Kingdom
575739,16168M,FUNKY MONKEY GIFT BAG MEDIUM,1,11-11-2011 09:05,0.83,,United Kingdom
565442,21980,PACK OF 12 RED RETROSPOT TISSUES ,24,04-09-2011 14:09,0.29,12627.0,Germany
547504,22961,JAM MAKING SET PRINTED,12,23-03-2011 13:33,1.45,12683.0,France
575176,84946,ANTIQUE SILVER T-LIGHT GLASS,3,08-11-2011 18:29,2.46,,United Kingdom
560359,23293,SET OF 12 FAIRY CAKE BAKING CASES,2,18-07-2011 11:47,0.83,14159.0,United Kingdom
538511,22625,RED KITCHEN SCALES,5,12-12-2010 13:56,8.5,13959.0,United Kingdom
551471,22617,BAKING SET SPACEBOY DESIGN,1,28-04-2011 16:40,4.95,16370.0,United Kingdom
569222,22139,RETROSPOT TEA SET CERAMIC 11 PC ,2,02-10-2011 13:46,4.95,15906.0,United Kingdom
577469,22596,CHRISTMAS STAR WISH LIST CHALKBOARD,3,20-11-2011 11:25,1.25,15009.0,United Kingdom
577526,84997A,CHILDRENS CUTLERY POLKADOT GREEN ,8,20-11-2011 13:39,4.15,16513.0,United Kingdom
578067,22616,PACK OF 12 LONDON TISSUES ,3,22-11-2011 15:43,0.83,,United Kingdom
574545,85172,HYACINTH BULB T-LIGHT CANDLES,32,04-11-2011 14:54,0.42,17084.0,United Kingdom
565421,21210,SET OF 72 RETROSPOT PAPER  DOILIES,1,04-09-2011 12:10,1.45,16744.0,United Kingdom
541695,84031A,CHARLIE+LOLA RED HOT WATER BOTTLE ,1,20-01-2011 18:01,4.13,,United Kingdom
544724,22456,NATURAL SLATE CHALKBOARD LARGE ,3,23-02-2011 10:46,4.95,15605.0,United Kingdom
577748,21137,BLACK RECORD COVER FRAME,20,21-11-2011 14:24,3.75,15159.0,United Kingdom
569202,20983,12 PENCILS TALL TUBE RED RETROSPOT,2,30-09-2011 17:22,1.63,,United Kingdom
578935,23569,TRADTIONAL ALPHABET STAMP SET,1,27-11-2011 12:52,4.95,15351.0,United Kingdom
549526,84970S,HANGING HEART ZINC T-LIGHT HOLDER,12,08-04-2011 15:49,0.85,13630.0,United Kingdom
537368,82494L,WOODEN FRAME ANTIQUE WHITE ,6,06-12-2010 12:40,2.95,14911.0,EIRE
565461,22147,FELTCRAFT BUTTERFLY HEARTS,12,05-09-2011 09:34,1.45,18261.0,United Kingdom
555627,21394,RED POLKADOT BEAKER ,48,06-06-2011 11:57,0.39,15805.0,United Kingdom
543033,21198,WHITE HEART CONFETTI IN TUBE,1,02-02-2011 15:48,1.65,17841.0,United Kingdom
579196,22623,BOX OF VINTAGE JIGSAW BLOCKS ,1,28-11-2011 15:54,12.46,14096.0,United Kingdom
546406,22199,FRYING PAN RED RETROSPOT,1,11-03-2011 16:21,8.29,,United Kingdom
549570,84912B,GREEN ROSE WASHBAG,2,10-04-2011 15:19,3.75,17550.0,United Kingdom
561616,22383,LUNCH BAG SUKI DESIGN ,3,28-07-2011 13:02,1.65,15023.0,United Kingdom
557956,85099B,JUMBO BAG RED RETROSPOT,2,23-06-2011 19:20,2.08,18283.0,United Kingdom
579558,85123A,WHITE HANGING HEART T-LIGHT HOLDER,12,30-11-2011 11:24,2.95,14755.0,United Kingdom
537237,90013B,BLACK VINTAGE EARRINGS,2,06-12-2010 09:58,4.24,,United Kingdom
559898,23191,BUNDLE OF 3 RETRO NOTE BOOKS,4,13-07-2011 12:18,1.65,16225.0,United Kingdom
543011,21733,RED HANGING HEART T-LIGHT HOLDER,12,02-02-2011 13:25,2.95,15270.0,United Kingdom
574269,22865,HAND WARMER OWL DESIGN,12,03-11-2011 14:27,2.1,15570.0,United Kingdom
562132,22082,RIBBON REEL STRIPES DESIGN ,10,03-08-2011 09:40,1.65,13384.0,United Kingdom
559337,21672,WHITE SPOT RED CERAMIC DRAWER KNOB,2,07-07-2011 16:27,3.29,,United Kingdom
569943,23014,GLASS APOTHECARY BOTTLE ELIXIR,2,06-10-2011 18:08,3.95,14592.0,United Kingdom
576671,22661,CHARLOTTE BAG DOLLY GIRL DESIGN,10,16-11-2011 11:55,0.85,14385.0,United Kingdom
571629,22277,COSMETIC BAG VINTAGE ROSE PAISLEY,6,18-10-2011 11:18,2.1,13362.0,United Kingdom
554348,22920,HERB MARKER BASIL,12,24-05-2011 08:49,0.65,13523.0,United Kingdom
540352,22249,DECORATION WHITE CHICK MAGIC GARDEN,3,06-01-2011 14:27,0.81,,United Kingdom
553766,22686,FRENCH BLUE METAL DOOR SIGN No,3,19-05-2011 10:44,2.46,,United Kingdom
572898,22180,,-15,26-10-2011 14:50,0.0,,United Kingdom
572732,22679,FRENCH BLUE METAL DOOR SIGN 4,1,25-10-2011 15:21,1.25,18079.0,United Kingdom
539957,84991,60 TEATIME FAIRY CAKE CASES,24,23-12-2010 12:58,0.55,12585.0,Germany
555158,22273,FELTCRAFT DOLL MOLLY,6,01-06-2011 08:38,2.95,14842.0,United Kingdom
578519,23240,SET OF 4 KNICK KNACK TINS DOILY ,1,24-11-2011 13:56,4.15,14591.0,United Kingdom
574301,22960,JAM MAKING SET WITH JARS,6,03-11-2011 16:15,4.25,12544.0,Spain
540848,48188,DOORMAT WELCOME PUPPIES,1,12-01-2011 09:26,14.43,,United Kingdom
544467,85131A,BEADED PEARL HEART WHITE ON STICK,1,20-02-2011 15:51,1.25,14502.0,United Kingdom
542922,22554,PLASTERS IN TIN WOODLAND ANIMALS,12,02-02-2011 09:06,1.65,12682.0,France
562031,85062,PEARL CRYSTAL PUMPKIN T-LIGHT HLDR,30,01-08-2011 17:37,1.65,16984.0,United Kingdom
553842,21981,PACK OF 12 WOODLAND TISSUES ,48,19-05-2011 12:24,0.29,12524.0,Germany
549293,40016,CHINESE DRAGON PAPER LANTERNS,12,07-04-2011 19:16,0.42,17883.0,United Kingdom
547967,21390,FILIGRIS HEART WITH BUTTERFLY,4,28-03-2011 15:49,2.46,,United Kingdom
549851,22029,SPACEBOY BIRTHDAY CARD,12,12-04-2011 15:08,0.42,16062.0,United Kingdom
562553,22692,DOORMAT WELCOME TO OUR HOME,1,05-08-2011 16:34,15.79,,United Kingdom
554511,90114,SUMMER DAISIES BAG CHARM,1,24-05-2011 15:52,2.46,,United Kingdom
542618,22470,HEART OF WICKER LARGE,2,30-01-2011 15:52,2.95,14502.0,United Kingdom
576061,15044C,PURPLE PAPER PARASOL,4,13-11-2011 15:29,2.95,13146.0,United Kingdom
547035,22811,SET OF 6 T-LIGHTS CACTI ,6,20-03-2011 10:33,2.95,13911.0,United Kingdom
556732,22674,FRENCH TOILET SIGN BLUE METAL,1,14-06-2011 11:47,1.25,15039.0,United Kingdom
548373,79066K,RETRO MOD TRAY,1,30-03-2011 16:34,1.63,,United Kingdom
553673,21668,RED STRIPE CERAMIC DRAWER KNOB,12,18-05-2011 12:46,1.25,16814.0,United Kingdom
572091,23234,BISCUIT TIN VINTAGE CHRISTMAS,6,20-10-2011 14:40,2.89,15129.0,United Kingdom
560426,20727,LUNCH BAG  BLACK SKULL.,10,18-07-2011 15:15,1.65,14038.0,United Kingdom
536754,22150,3 STRIPEY MICE FELTCRAFT,2,02-12-2010 14:09,1.95,14449.0,United Kingdom
581492,22566,FELTCRAFT HAIRBAND PINK AND PURPLE,3,09-12-2011 10:03,1.63,,United Kingdom
557297,21932,SCANDINAVIAN PAISLEY PICNIC BAG,10,19-06-2011 13:54,1.65,12421.0,Spain
576624,23286,BLUE VINTAGE SPOT BEAKER,8,15-11-2011 17:14,0.85,16156.0,United Kingdom
559925,47566,PARTY BUNTING,8,13-07-2011 16:47,4.95,17644.0,United Kingdom
581456,23571,TRADITIONAL NAUGHTS & CROSSES,4,08-12-2011 18:42,1.65,17530.0,United Kingdom
553707,22301,COFFEE MUG CAT + BIRD DESIGN,12,18-05-2011 15:26,2.55,16843.0,United Kingdom
577024,21340,CLASSIC METAL BIRDCAGE PLANT HOLDER,1,17-11-2011 12:47,12.75,14704.0,United Kingdom
548863,20829,GLITTER HANGING BUTTERFLY STRING,3,04-04-2011 13:57,2.1,15311.0,United Kingdom
569664,23031,DRAWER KNOB CRACKLE GLAZE PINK,6,05-10-2011 13:33,1.65,18237.0,United Kingdom
575895,23286,BLUE VINTAGE SPOT BEAKER,4,11-11-2011 14:50,0.85,17052.0,United Kingdom
569893,20676,RED RETROSPOT BOWL,8,06-10-2011 15:51,1.25,12627.0,Germany
572295,21504,SKULLS GREETING CARD,12,23-10-2011 13:49,0.42,16686.0,United Kingdom
575985,21917,SET 12 KIDS  WHITE CHALK STICKS,1,13-11-2011 14:09,0.42,17841.0,United Kingdom
557761,22028,PENNY FARTHING BIRTHDAY CARD,12,22-06-2011 13:59,0.42,14214.0,United Kingdom
559902,22156,HEART DECORATION WITH PEARLS ,2,13-07-2011 13:14,0.85,14502.0,United Kingdom
555572,22382,LUNCH BAG SPACEBOY DESIGN ,10,05-06-2011 15:37,1.65,12449.0,Belgium
564856,22846,BREAD BIN DINER STYLE RED ,3,31-08-2011 09:11,16.95,12477.0,Germany
570187,21401,BLUE PUDDING SPOON,1,07-10-2011 15:09,0.42,,United Kingdom
580115,22900,SET 2 TEA TOWELS I LOVE LONDON ,1,01-12-2011 16:22,6.63,,United Kingdom
568657,21080,SET/20 RED RETROSPOT PAPER NAPKINS ,4,28-09-2011 12:22,0.85,16460.0,United Kingdom
559051,85114A,BLACK ENCHANTED FOREST PLACEMAT,8,05-07-2011 16:47,3.29,,United Kingdom
545343,21621,VINTAGE UNION JACK BUNTING,2,02-03-2011 09:05,8.5,15733.0,United Kingdom
542152,22188,BLACK HEART CARD HOLDER,4,26-01-2011 10:33,3.95,13534.0,United Kingdom
554840,21917,SET 12 KIDS  WHITE CHALK STICKS,24,26-05-2011 17:16,0.42,12684.0,France
572317,23557,LANDMARK FRAME BAKER STREET ,1,23-10-2011 16:13,12.5,14629.0,United Kingdom
553879,71477,COLOUR GLASS. STAR T-LIGHT HOLDER,12,19-05-2011 15:15,3.25,15791.0,United Kingdom
554520,22219,LOVEBIRD HANGING DECORATION WHITE ,1,24-05-2011 17:03,0.85,17841.0,United Kingdom
576329,20971,PINK BLUE FELT CRAFT TRINKET BOX,2,14-11-2011 15:22,2.46,,United Kingdom
567805,22694,WICKER STAR ,2,22-09-2011 12:15,2.1,12854.0,United Kingdom
572650,22382,LUNCH BAG SPACEBOY DESIGN ,4,25-10-2011 12:00,1.65,15506.0,United Kingdom
568706,23110,PARISIENNE KEY CABINET ,2,28-09-2011 15:32,5.75,14911.0,EIRE
555322,84032A,CHARLIE+LOLA PINK HOT WATER BOTTLE,1,02-06-2011 11:01,5.79,,United Kingdom
553718,23173,REGENCY TEAPOT ROSES ,3,18-05-2011 16:14,19.96,,United Kingdom
553013,21454,PAINTED PINK RABBIT ,1,12-05-2011 18:19,0.83,,United Kingdom
550651,21213,PACK OF 72 SKULL CAKE CASES,2,19-04-2011 16:52,0.55,15436.0,United Kingdom
551966,21169,YOU'RE CONFUSING ME METAL SIGN ,2,05-05-2011 13:14,1.69,15356.0,United Kingdom
537781,22562,MONSTERS STENCIL CRAFT,1,08-12-2010 12:46,1.25,17341.0,United Kingdom
540356,20676,RED RETROSPOT BOWL,3,06-01-2011 15:12,1.66,,United Kingdom
541844,20983,12 PENCILS TALL TUBE RED RETROSPOT,1,23-01-2011 12:19,0.85,16931.0,United Kingdom
546625,22752,SET 7 BABUSHKA NESTING BOXES,1,15-03-2011 11:45,8.5,17542.0,United Kingdom
543036,46000R,POLYESTER FILLER PAD 45x30cm,2,02-02-2011 15:57,1.45,17223.0,United Kingdom
547964,85103,SILVER T-LIGHT SETTING,5,28-03-2011 15:45,13.29,,United Kingdom
558475,23140,TRIPLE WIRE HOOK IVORY HEART,2,29-06-2011 15:58,4.13,,United Kingdom
577798,22577,WOODEN HEART CHRISTMAS SCANDINAVIAN,20,21-11-2011 16:54,0.29,17757.0,United Kingdom
568991,21264,WHITE GOOSE FEATHER TREE 60CM ,2,29-09-2011 16:44,1.95,18204.0,United Kingdom
575383,22602,RETROSPOT WOODEN HEART DECORATION,12,09-11-2011 15:17,0.85,15986.0,United Kingdom
570693,23094,LE GRAND TRAY CHIC SET,1,11-10-2011 16:50,12.5,16161.0,United Kingdom
581467,21167,WHITE SAGE INCENSE,75,08-12-2011 19:24,0.21,13077.0,United Kingdom
563017,20719,WOODLAND CHARLOTTE BAG,10,11-08-2011 12:48,0.85,13198.0,United Kingdom
551158,21559,STRAWBERRY LUNCH BOX WITH CUTLERY,3,26-04-2011 15:00,2.55,16823.0,United Kingdom
576644,22757,LARGE RED BABUSHKA NOTEBOOK ,1,16-11-2011 10:01,2.46,,United Kingdom
537837,21481,FAWN BLUE HOT WATER BOTTLE,6,08-12-2010 14:59,2.95,13077.0,United Kingdom
574076,23084,RABBIT NIGHT LIGHT,17,02-11-2011 15:38,4.13,,United Kingdom
575713,22328,ROUND SNACK BOXES SET OF 4 FRUITS ,6,10-11-2011 17:49,2.95,13817.0,Germany
561890,22077,6 RIBBONS RUSTIC CHARM,12,31-07-2011 14:17,1.65,12697.0,Sweden
557295,23208,LUNCH BAG VINTAGE LEAF DESIGN,10,19-06-2011 13:37,1.65,12724.0,France
577732,21524,DOORMAT SPOTTY HOME SWEET HOME,15,21-11-2011 13:09,7.08,15093.0,United Kingdom
558501,23241,TREASURE TIN GYMKHANA DESIGN,6,30-06-2011 10:19,2.08,13871.0,United Kingdom
545937,22276,WASH BAG VINTAGE ROSE PAISLEY,24,08-03-2011 12:05,2.55,12758.0,Portugal
570688,22340,NOEL GARLAND PAINTED ZINC ,8,11-10-2011 16:29,0.83,,United Kingdom
576071,22460,EMBOSSED GLASS TEALIGHT HOLDER,2,13-11-2011 16:03,1.25,18069.0,United Kingdom
553574,21080,SET/20 RED RETROSPOT PAPER NAPKINS ,96,18-05-2011 09:59,0.72,16422.0,United Kingdom
568697,20727,LUNCH BAG  BLACK SKULL.,10,28-09-2011 14:57,1.65,16281.0,United Kingdom
545868,22254,FELT TOADSTOOL LARGE,2,07-03-2011 14:33,1.25,17841.0,United Kingdom
537638,22812,PACK 3 BOXES CHRISTMAS PANNETONE,3,07-12-2010 15:28,4.21,,United Kingdom
562031,90160A,PURPLE BOUDICCA LARGE BRACELET,2,01-08-2011 17:37,6.95,16984.0,United Kingdom
538071,21262,WHITE GOOSE FEATHER CHRISTMAS TREE ,2,09-12-2010 14:09,7.62,,United Kingdom
576617,21650,ASSORTED TUTTI FRUTTI BRACELET,12,15-11-2011 16:57,0.83,,United Kingdom
548806,22423,REGENCY CAKESTAND 3 TIER,16,04-04-2011 12:52,10.95,13098.0,United Kingdom
557502,21794,CLASSIC FRENCH STYLE BASKET NATURAL,1,20-06-2011 15:32,7.46,,United Kingdom
576599,22586,FELTCRAFT HAIRBAND PINK AND BLUE,12,15-11-2011 15:06,0.85,14544.0,United Kingdom
580399,21620,SET OF 4 ROSE BOTANICAL CANDLES,10,04-12-2011 11:45,1.25,13471.0,United Kingdom
576628,23084,RABBIT NIGHT LIGHT,6,16-11-2011 08:28,2.08,13449.0,United Kingdom
562166,22138,BAKING SET 9 PIECE RETROSPOT ,3,03-08-2011 12:10,4.95,13209.0,United Kingdom
548796,22534,MAGIC DRAWING SLATE SPACEBOY ,5,04-04-2011 12:42,0.42,15752.0,United Kingdom
566985,22457,NATURAL SLATE HEART CHALKBOARD ,1,16-09-2011 10:42,5.79,,United Kingdom
540971,20677,PINK POLKADOT BOWL,8,12-01-2011 14:10,1.25,12383.0,Belgium
568721,21967,PACK OF 12 SKULL TISSUES,1,28-09-2011 16:24,0.83,,United Kingdom
548614,21239,PINK  POLKADOT CUP,2,01-04-2011 11:47,0.85,14419.0,United Kingdom
565859,82583,HOT BATHS METAL SIGN,24,07-09-2011 14:40,2.1,16818.0,United Kingdom
537237,21912,VINTAGE SNAKES & LADDERS,1,06-12-2010 09:58,7.62,,United Kingdom
562114,21791,VINTAGE HEADS AND TAILS CARD GAME ,1,02-08-2011 16:14,2.46,,United Kingdom
549743,22147,FELTCRAFT BUTTERFLY HEARTS,12,12-04-2011 10:05,1.45,16186.0,United Kingdom
552955,15058A,BLUE POLKADOT GARDEN PARASOL,10,12-05-2011 12:30,6.75,13113.0,United Kingdom
560841,85130C,BEADED CRYSTAL HEART BLUE  LARGE,24,21-07-2011 12:25,0.79,14298.0,United Kingdom
539631,20725,LUNCH BAG RED RETROSPOT,1,20-12-2010 15:03,4.21,,United Kingdom
541413,22904,CALENDAR PAPER CUT DESIGN,3,17-01-2011 16:14,2.95,13859.0,United Kingdom
547004,21041,RED RETROSPOT OVEN GLOVE DOUBLE,6,18-03-2011 14:14,2.95,17419.0,United Kingdom
576269,22138,BAKING SET 9 PIECE RETROSPOT ,3,14-11-2011 14:23,4.95,12762.0,Portugal
545915,22457,NATURAL SLATE HEART CHALKBOARD ,6,08-03-2011 11:44,2.95,17419.0,United Kingdom
539160,22659,LUNCH BOX I LOVE LONDON,12,16-12-2010 11:43,1.95,16746.0,United Kingdom
581126,23493,VINTAGE DOILY TRAVEL SEWING KIT,10,07-12-2011 12:43,1.95,18272.0,United Kingdom
571082,85039B,S/4 IVORY MINI ROSE CANDLE IN BOWL,6,13-10-2011 15:25,1.63,,United Kingdom
548864,21577,SAVE THE PLANET COTTON TOTE BAG,1,04-04-2011 14:00,2.25,15756.0,United Kingdom
577782,22356,CHARLOTTE BAG PINK POLKADOT,2,21-11-2011 16:17,0.85,16549.0,United Kingdom
570776,23527,WALL ART ANIMALS AND NATURE ,6,12-10-2011 11:45,3.75,13985.0,United Kingdom
578344,23503,PLAYING CARDS KEEP CALM & CARRY ON,1,24-11-2011 09:21,2.46,,United Kingdom
564726,22727,ALARM CLOCK BAKELIKE RED ,4,28-08-2011 12:29,3.75,18077.0,United Kingdom
542269,85150,LADIES & GENTLEMEN METAL SIGN,6,27-01-2011 09:33,2.55,14442.0,Channel Islands
552574,22151,PLACE SETTING WHITE HEART,4,10-05-2011 12:20,0.42,15311.0,United Kingdom
544776,22074,6 RIBBONS SHIMMERING PINKS ,4,23-02-2011 11:39,2.46,,United Kingdom
576840,90038A,GLASS AND PAINTED BEADS BRACELET TO,1,16-11-2011 15:23,3.73,,United Kingdom
548373,47580,TEA TIME DES TEA COSY,1,30-03-2011 16:34,4.96,,United Kingdom
549575,21385,IVORY HANGING DECORATION  HEART,10,10-04-2011 16:04,0.85,13956.0,United Kingdom
565451,22729,ALARM CLOCK BAKELIKE ORANGE,4,04-09-2011 15:37,3.75,15365.0,United Kingdom
537624,22666,RECIPE BOX PANTRY YELLOW DESIGN,1,07-12-2010 14:41,2.95,12748.0,United Kingdom
554812,20914,SET/5 RED RETROSPOT LID GLASS BOWLS,2,26-05-2011 13:21,2.95,15005.0,United Kingdom
556243,21544,SKULLS  WATER TRANSFER TATTOOS ,1,09-06-2011 16:07,1.63,,United Kingdom
538349,84077,WORLD WAR 2 GLIDERS ASSTD DESIGNS,5,10-12-2010 14:59,0.43,,United Kingdom
581238,22341,LOVE GARLAND PAINTED ZINC ,1,08-12-2011 10:53,3.29,,United Kingdom
546650,85099B,JUMBO BAG RED RETROSPOT,4,15-03-2011 14:17,4.13,,United Kingdom
573038,23321,SMALL WHITE HEART OF WICKER,5,27-10-2011 13:48,1.65,17545.0,United Kingdom
576629,23583,LUNCH BAG PAISLEY PARK  ,10,16-11-2011 08:37,1.65,12621.0,Germany
554698,22961,JAM MAKING SET PRINTED,12,26-05-2011 08:38,1.45,16678.0,United Kingdom
579881,21731,RED TOADSTOOL LED NIGHT LIGHT,12,30-11-2011 17:22,1.65,12429.0,Denmark
547071,22982,PANTRY PASTRY BRUSH,12,20-03-2011 13:59,1.25,12693.0,Germany
543182,22722,SET OF 6 SPICE TINS PANTRY DESIGN,2,04-02-2011 10:40,8.29,,United Kingdom
555979,21035,SET/2 RED RETROSPOT TEA TOWELS ,3,08-06-2011 11:18,3.25,15039.0,United Kingdom
552969,23172,REGENCY TEA PLATE PINK,12,12-05-2011 13:37,1.65,14021.0,United Kingdom
553393,22748,POPPY'S PLAYHOUSE KITCHEN,1,16-05-2011 16:46,4.13,,United Kingdom
542530,22727,ALARM CLOCK BAKELIKE RED ,4,28-01-2011 13:08,3.75,15365.0,United Kingdom
563021,22961,JAM MAKING SET PRINTED,6,11-08-2011 13:25,1.45,18077.0,United Kingdom
565329,20718,RED RETROSPOT SHOPPER BAG,1,02-09-2011 13:54,1.25,14606.0,United Kingdom
554103,21624,VINTAGE UNION JACK DOORSTOP,1,22-05-2011 13:51,5.95,15555.0,United Kingdom
558709,84836,ZINC METAL HEART DECORATION,4,01-07-2011 13:02,1.25,17338.0,United Kingdom
566518,23332,IVORY WICKER HEART LARGE,1,13-09-2011 11:24,1.65,17779.0,United Kingdom
574726,22614,PACK OF 12 SPACEBOY TISSUES,7,06-11-2011 14:56,0.39,14664.0,United Kingdom
580996,23355,HOT WATER BOTTLE KEEP CALM,1,06-12-2011 17:18,4.95,14578.0,United Kingdom
539630,22988,SOLDIERS EGG CUP ,36,20-12-2010 14:59,1.25,17230.0,United Kingdom
560569,22221,CAKE STAND LOVEBIRD 2 TIER PINK,2,19-07-2011 14:04,9.95,12480.0,Germany
575875,22599,CHRISTMAS MUSICAL ZINC STAR,5,11-11-2011 13:06,0.83,,United Kingdom
552540,23136,IVORY WIRE SWEETHEART LETTER TRAY,4,10-05-2011 10:18,3.75,,EIRE
569363,23291,DOLLY GIRL CHILDRENS CUP,16,03-10-2011 15:08,1.25,13297.0,United Kingdom
537400,21733,RED HANGING HEART T-LIGHT HOLDER,1,06-12-2010 14:36,2.95,17191.0,United Kingdom
539492,22141,CHRISTMAS CRAFT TREE TOP ANGEL,1,20-12-2010 10:14,4.21,,United Kingdom
570499,21977,PACK OF 60 PINK PAISLEY CAKE CASES,24,11-10-2011 09:19,0.55,12772.0,Portugal
579470,21231,SWEETHEART CERAMIC TRINKET BOX,4,29-11-2011 15:06,1.25,16549.0,United Kingdom
553160,23298,SPOTTY BUNTING,4,13-05-2011 15:26,4.95,14194.0,United Kingdom
573899,23397,FOOT STOOL HOME SWEET HOME ,2,01-11-2011 14:41,9.95,15847.0,United Kingdom
551883,21124,SET/10 BLUE POLKADOT PARTY CANDLES,24,05-05-2011 09:15,1.25,13762.0,United Kingdom
545078,35915B,BLUE KNITTED HEN ,1,28-02-2011 10:15,0.83,,United Kingdom
572103,23302,KNEELING MAT HOUSEWORK  DESIGN,1,20-10-2011 15:57,1.65,17571.0,United Kingdom
538012,82484,WOOD BLACK BOARD ANT WHITE FINISH,2,09-12-2010 12:32,6.45,14527.0,United Kingdom
564483,22436,12 COLOURED PARTY BALLOONS,20,25-08-2011 13:46,0.65,14050.0,United Kingdom
577544,22531,MAGIC DRAWING SLATE CIRCUS PARADE  ,4,20-11-2011 14:43,0.42,17758.0,United Kingdom
573328,22377,BOTTLE BAG RETROSPOT ,1,30-10-2011 11:09,2.1,16601.0,United Kingdom
549847,22585,PACK OF 6 BIRDY GIFT TAGS,12,12-04-2011 14:43,1.25,15358.0,United Kingdom
551997,22262,FELT EGG COSY CHICKEN,6,05-05-2011 15:47,1.63,,United Kingdom
538397,22895,SET OF 2 TEA TOWELS APPLE AND PEARS,48,12-12-2010 11:44,2.95,12753.0,Japan
574870,22619,SET OF 6 SOLDIER SKITTLES,2,07-11-2011 12:52,3.75,17811.0,United Kingdom
550542,82552,WASHROOM METAL SIGN,1,19-04-2011 11:37,2.46,,United Kingdom
566563,21669,BLUE STRIPE CERAMIC DRAWER KNOB,12,13-09-2011 12:22,1.25,12909.0,United Kingdom
572194,85034B,3 WHITE CHOC MORRIS BOXED CANDLES,1,21-10-2011 11:43,1.25,17832.0,United Kingdom
568364,23343,JUMBO BAG VINTAGE CHRISTMAS ,10,26-09-2011 15:43,2.08,16999.0,United Kingdom
540418,90214A,"LETTER ""A"" BLING KEY RING",2,07-01-2011 11:04,0.85,,United Kingdom
545294,84218,BOX/12 CHICK & EGG IN BASKET,1,01-03-2011 12:07,1.95,17965.0,United Kingdom
553527,22561,WOODEN SCHOOL COLOURING SET,12,17-05-2011 14:57,1.65,15123.0,United Kingdom
549522,21936,RED RETROSPOT PICNIC BAG,5,08-04-2011 15:34,2.95,16873.0,United Kingdom
C579864,22120,WELCOME  WOODEN BLOCK LETTERS,-9,30-11-2011 16:37,9.95,12584.0,Italy
567333,21159,MOODY BOY  DOOR HANGER ,24,19-09-2011 14:55,0.39,14282.0,United Kingdom
C580714,22720,SET OF 3 CAKE TINS PANTRY DESIGN ,-2,05-12-2011 16:39,4.95,12479.0,Germany
580730,22813,PACK 3 BOXES BIRD PANETTONE ,2,05-12-2011 17:28,4.13,,United Kingdom
564818,22608,PENS ASSORTED FUNKY JEWELED ,16,30-08-2011 12:10,0.42,,United Kingdom
578781,23255,CHILDRENS CUTLERY CIRCUS PARADE,1,25-11-2011 11:54,4.15,15872.0,United Kingdom
C551540,22991,GIRAFFE WOODEN RULER,-12,03-05-2011 08:47,1.95,14735.0,United Kingdom
578026,85099B,JUMBO BAG RED RETROSPOT,10,22-11-2011 13:29,2.08,17659.0,United Kingdom
564342,21884,CAKES AND BOWS GIFT  TAPE,3,24-08-2011 14:53,0.65,16340.0,United Kingdom
551305,84792,ENCHANTED BIRD COATHANGER 5 HOOK,4,27-04-2011 14:58,4.65,16145.0,United Kingdom
546420,22720,SET OF 3 CAKE TINS PANTRY DESIGN ,2,13-03-2011 11:18,4.95,14810.0,United Kingdom
553167,47566,PARTY BUNTING,34,13-05-2011 16:19,10.79,,United Kingdom
538858,22892,SET OF SALT AND PEPPER TOADSTOOLS,60,14-12-2010 13:58,1.25,16553.0,United Kingdom
538351,20961,STRAWBERRY BATH SPONGE ,2,10-12-2010 15:17,2.51,,United Kingdom
547803,22920,HERB MARKER BASIL,12,25-03-2011 13:23,0.65,13662.0,United Kingdom
571667,22969,HOMEMADE JAM SCENTED CANDLES,12,18-10-2011 13:04,1.45,14554.0,United Kingdom
548708,22170,PICTURE FRAME WOOD TRIPLE PORTRAIT,2,03-04-2011 12:41,6.75,13269.0,United Kingdom
542997,22469,HEART OF WICKER SMALL,1,02-02-2011 12:16,4.13,,United Kingdom
575176,22633,HAND WARMER UNION JACK,1,08-11-2011 18:29,4.13,,United Kingdom
559173,23243,SET OF TEA COFFEE SUGAR TINS PANTRY,4,07-07-2011 10:03,4.95,12540.0,Spain
539586,84818,DANISH ROSE PHOTO FRAME,24,20-12-2010 13:08,0.85,14298.0,United Kingdom
568585,21935,SUKI  SHOULDER BAG,10,28-09-2011 10:14,1.65,17370.0,United Kingdom
549743,84879,ASSORTED COLOUR BIRD ORNAMENT,8,12-04-2011 10:05,1.69,16186.0,United Kingdom
577476,47566,PARTY BUNTING,8,20-11-2011 11:31,4.95,12540.0,Spain
548516,20963,APPLE BATH SPONGE,1,31-03-2011 16:28,2.46,,United Kingdom
C569949,22804,CANDLEHOLDER PINK HANGING HEART,-2,06-10-2011 18:27,2.95,12584.0,Italy
557793,84836,ZINC METAL HEART DECORATION,1,22-06-2011 17:30,1.25,14998.0,United Kingdom
546105,22084,PAPER CHAIN KIT EMPIRE,6,09-03-2011 12:21,2.95,14662.0,United Kingdom
548319,22168,ORGANISER WOOD ANTIQUE WHITE ,2,30-03-2011 12:48,8.5,14180.0,United Kingdom
579297,23382,BOX OF 6 CHRISTMAS CAKE DECORATIONS,8,29-11-2011 11:23,7.46,,United Kingdom
574560,22816,CARD MOTORBIKE SANTA,12,04-11-2011 15:51,0.42,17703.0,United Kingdom
542664,22258,FELT FARM ANIMAL RABBIT,2,31-01-2011 12:14,2.46,,United Kingdom
546112,20713,JUMBO BAG OWLS,200,09-03-2011 12:44,1.65,15769.0,United Kingdom
550470,23077,DOUGHNUT LIP GLOSS ,1,18-04-2011 13:49,2.46,,United Kingdom
564754,23167,SMALL CERAMIC TOP STORAGE JAR ,3,30-08-2011 10:29,1.63,,United Kingdom
552243,21363,HOME SMALL WOOD LETTERS,1,06-05-2011 19:37,4.95,12748.0,United Kingdom
566026,23405,HOME SWEET HOME 2 DRAWER CABINET,4,08-09-2011 12:56,4.95,15618.0,United Kingdom
578811,20981,12 PENCILS TALL TUBE WOODLAND,24,25-11-2011 13:28,0.85,12438.0,Norway
557502,20679,EDWARDIAN PARASOL RED,2,20-06-2011 15:32,12.46,,United Kingdom
539211,20971,PINK BLUE FELT CRAFT TRINKET BOX,12,16-12-2010 12:15,1.25,16743.0,United Kingdom
581587,22727,ALARM CLOCK BAKELIKE RED ,4,09-12-2011 12:50,3.75,12680.0,France
549771,22248,DECORATION  PINK CHICK MAGIC GARDEN,2,12-04-2011 11:43,0.85,14669.0,United Kingdom
545897,22630,DOLLY GIRL LUNCH BOX,1,07-03-2011 17:22,4.13,,United Kingdom
562442,22178,VICTORIAN GLASS HANGING T-LIGHT,36,04-08-2011 18:31,1.25,14397.0,United Kingdom
567074,22374,AIRLINE BAG VINTAGE JET SET RED,4,16-09-2011 12:22,4.25,17068.0,United Kingdom
537141,22728,ALARM CLOCK BAKELIKE PINK,4,05-12-2010 12:57,3.75,15570.0,United Kingdom
579307,22733,3D TRADITIONAL CHRISTMAS STICKERS,18,29-11-2011 11:34,1.25,17655.0,United Kingdom
540681,22280,POCKET BAG PINK PAISELY BROWN SPOT,2,10-01-2011 16:25,0.85,,United Kingdom
547093,22492,MINI PAINT SET VINTAGE ,36,21-03-2011 08:20,0.65,14762.0,United Kingdom
568013,22909,SET OF 20 VINTAGE CHRISTMAS NAPKINS,12,23-09-2011 11:39,0.85,17480.0,United Kingdom
552460,20725,LUNCH BAG RED RETROSPOT,10,09-05-2011 14:44,1.65,13178.0,United Kingdom
553747,84879,ASSORTED COLOUR BIRD ORNAMENT,8,19-05-2011 09:47,1.69,13627.0,United Kingdom
545475,22980,PANTRY SCRUBBING BRUSH,144,03-03-2011 10:59,1.45,12415.0,Australia
569545,22776,SWEETHEART 3 TIER CAKE STAND ,1,04-10-2011 16:37,19.96,,United Kingdom
541592,21618,4 WILDFLOWER BOTANICAL CANDLES,4,19-01-2011 15:08,2.46,,United Kingdom
C571196,21731,RED TOADSTOOL LED NIGHT LIGHT,-12,14-10-2011 12:02,1.65,,United Kingdom
576516,22141,CHRISTMAS CRAFT TREE TOP ANGEL,12,15-11-2011 12:19,2.1,16746.0,United Kingdom
537434,21675,BUTTERFLIES STICKERS,2,06-12-2010 16:57,1.66,,United Kingdom
566312,23424,GINGHAM RECIPE BOOK BOX,4,12-09-2011 09:43,4.95,16150.0,United Kingdom
578067,20712,JUMBO BAG WOODLAND ANIMALS,1,22-11-2011 15:43,4.13,,United Kingdom
553389,23299,FOOD COVER WITH BEADS SET 2 ,1,16-05-2011 16:37,7.46,,United Kingdom
579089,23580,SNACK TRAY HAPPY FOREST  ,1,28-11-2011 10:46,1.95,17920.0,United Kingdom
557324,22553,PLASTERS IN TIN SKULLS,1,20-06-2011 09:41,3.29,,United Kingdom
568411,20711,JUMBO BAG TOYS ,7,27-09-2011 10:52,4.13,,United Kingdom
571277,21755,LOVE BUILDING BLOCK WORD,2,16-10-2011 12:40,6.25,16934.0,United Kingdom
549303,22619,SET OF 6 SOLDIER SKITTLES,4,08-04-2011 08:27,3.75,18040.0,United Kingdom
565232,20711,JUMBO BAG TOYS ,1,02-09-2011 09:30,4.13,,United Kingdom
561472,23198,PANTRY MAGNETIC  SHOPPING LIST,12,27-07-2011 13:15,1.45,14911.0,EIRE
539255,21071,VINTAGE BILLBOARD DRINK ME MUG,12,16-12-2010 14:26,1.25,16316.0,United Kingdom
558993,22728,ALARM CLOCK BAKELIKE PINK,4,05-07-2011 11:49,3.75,16729.0,United Kingdom
573872,20969,RED FLORAL FELTCRAFT SHOULDER BAG,2,01-11-2011 12:35,3.75,17243.0,United Kingdom
575177,22602,RETROSPOT WOODEN HEART DECORATION,1,08-11-2011 18:41,1.63,,United Kingdom
565456,21034,REX CASH+CARRY JUMBO SHOPPER,1,04-09-2011 16:12,0.95,16629.0,United Kingdom
576329,84378,SET OF 3 HEART COOKIE CUTTERS,2,14-11-2011 15:22,2.46,,United Kingdom
574945,22112,CHOCOLATE HOT WATER BOTTLE,3,08-11-2011 08:18,4.95,15434.0,United Kingdom
C562952,23020,GLASS  SONGBIRD STORAGE JAR,-1,11-08-2011 10:10,12.5,12749.0,United Kingdom
537237,90028,NEW BAROQUE LARGE NECKLACE BLK/WHIT,1,06-12-2010 09:58,8.49,,United Kingdom
C561886,85061W,WHITE JEWELLED HEART DECORATION,-5,31-07-2011 13:20,0.85,15532.0,United Kingdom
563854,23298,SPOTTY BUNTING,3,19-08-2011 15:24,4.95,12364.0,Belgium
580729,23228,FILIGREE HEART BIRD WHITE ,1,05-12-2011 17:24,2.46,,United Kingdom
581125,22210,WOOD STAMP SET BEST WISHES,5,07-12-2011 12:41,0.83,14087.0,United Kingdom
550532,21041,RED RETROSPOT OVEN GLOVE DOUBLE,1,19-04-2011 11:02,2.95,14606.0,United Kingdom
539250,22390,PAPERWEIGHT CHILDHOOD MEMORIES,12,16-12-2010 13:44,0.85,15157.0,United Kingdom
575895,22909,SET OF 20 VINTAGE CHRISTMAS NAPKINS,1,11-11-2011 14:50,0.85,17052.0,United Kingdom
543823,20914,SET/5 RED RETROSPOT LID GLASS BOWLS,48,14-02-2011 09:27,2.55,17937.0,United Kingdom
545417,82551,LAUNDRY 15C METAL SIGN,12,02-03-2011 13:42,1.45,15622.0,United Kingdom
550205,22297,HEART IVORY TRELLIS SMALL,3,15-04-2011 10:37,2.46,,United Kingdom
558382,85187,S/12 MINI RABBIT EASTER,1,28-06-2011 17:28,1.65,17997.0,United Kingdom
552446,23000,TRAVEL CARD WALLET TRANSPORT,24,09-05-2011 13:28,0.42,16729.0,United Kingdom
573373,85123A,WHITE HANGING HEART T-LIGHT HOLDER,3,30-10-2011 13:37,2.95,14684.0,United Kingdom
566400,23118,PARISIENNE JEWELLERY DRAWER ,2,12-09-2011 13:16,7.5,17139.0,United Kingdom
540977,84988,SET OF 72 PINK HEART PAPER DOILIES,3,12-01-2011 15:01,2.98,,United Kingdom
C544902,22629,SPACEBOY LUNCH BOX ,-1,24-02-2011 13:05,1.95,12362.0,Belgium
562960,22652,TRAVEL SEWING KIT,10,11-08-2011 10:22,1.65,14911.0,EIRE
572860,22597,MUSICAL ZINC HEART DECORATION ,72,26-10-2011 12:42,0.29,17470.0,United Kingdom
566018,23209,LUNCH BAG VINTAGE DOILY ,4,08-09-2011 12:42,1.65,13137.0,United Kingdom
556473,22217,T-LIGHT HOLDER HANGING LACE,3,12-06-2011 12:00,1.25,17265.0,United Kingdom
559937,22661,CHARLOTTE BAG DOLLY GIRL DESIGN,10,14-07-2011 10:11,0.85,13577.0,United Kingdom
573248,84992,72 SWEETHEART FAIRY CAKE CASES,2,28-10-2011 12:09,0.55,14498.0,United Kingdom
567665,21993,FLORAL FOLK STATIONERY SET,1,21-09-2011 15:22,2.46,,United Kingdom
547862,21988,PACK OF 6 SKULL PAPER PLATES,4,27-03-2011 12:54,0.85,12841.0,United Kingdom
557118,22745,POPPY'S PLAYHOUSE BEDROOM ,6,16-06-2011 17:05,2.1,14849.0,United Kingdom
559052,22697,GREEN REGENCY TEACUP AND SAUCER,3,05-07-2011 16:53,5.79,,United Kingdom
574080,23508,MINI PLAYING CARDS DOLLY GIRL ,2,02-11-2011 16:29,0.42,16348.0,United Kingdom
C551464,22745,POPPY'S PLAYHOUSE BEDROOM ,-6,28-04-2011 16:15,2.1,13085.0,United Kingdom
558481,22767,TRIPLE PHOTO FRAME CORNICE ,2,30-06-2011 09:02,9.95,17675.0,United Kingdom
579559,22383,LUNCH BAG SUKI DESIGN ,2,30-11-2011 11:30,1.65,16764.0,United Kingdom
579297,22996,TRAVEL CARD WALLET VINTAGE TICKET,4,29-11-2011 11:23,0.83,,United Kingdom
549291,85199S,SMALL HANGING IVORY/RED WOOD BIRD,1,07-04-2011 19:05,0.42,16261.0,United Kingdom
549099,21175,GIN + TONIC DIET METAL SIGN,1,06-04-2011 11:07,2.55,16241.0,United Kingdom
571934,23660,HENRIETTA HEN MUG ,12,20-10-2011 08:21,1.65,16170.0,United Kingdom
569371,22981,PANTRY APPLE CORER,1,03-10-2011 15:52,1.45,14651.0,United Kingdom
569629,85048,15CM CHRISTMAS GLASS BALL 20 LIGHTS,4,05-10-2011 11:37,7.95,15249.0,United Kingdom
569332,21039,RED RETROSPOT SHOPPING BAG,1,03-10-2011 13:46,2.55,12637.0,France
562980,23034,DRAWER KNOB CERAMIC BLACK,6,11-08-2011 11:44,1.45,17686.0,United Kingdom
549320,85123A,WHITE HANGING HEART T-LIGHT HOLDER,13,08-04-2011 10:14,2.95,16010.0,United Kingdom
566821,22690,DOORMAT HOME SWEET HOME BLUE ,2,15-09-2011 11:33,8.25,14227.0,United Kingdom
575152,22586,FELTCRAFT HAIRBAND PINK AND BLUE,3,08-11-2011 16:12,0.85,16284.0,United Kingdom
559898,85152,HAND OVER THE CHOCOLATE   SIGN ,4,13-07-2011 12:18,2.1,16225.0,United Kingdom
562775,22662,LUNCH BAG DOLLY GIRL DESIGN,10,09-08-2011 12:21,1.65,15078.0,United Kingdom
565921,22112,CHOCOLATE HOT WATER BOTTLE,6,08-09-2011 09:13,4.95,13889.0,United Kingdom
565327,21889,WOODEN BOX OF DOMINOES,12,02-09-2011 13:48,1.25,12832.0,United Kingdom
571547,23020,GLASS  SONGBIRD STORAGE JAR,16,18-10-2011 07:43,11.15,17679.0,United Kingdom
565378,22666,RECIPE BOX PANTRY YELLOW DESIGN,10,02-09-2011 15:16,6.63,,United Kingdom
566972,22842,BISCUIT TIN VINTAGE RED,2,16-09-2011 09:13,6.75,16573.0,United Kingdom
578819,21428,SET3 BOOK BOX GREEN GINGHAM FLOWER ,2,25-11-2011 13:52,4.25,15311.0,United Kingdom
576057,23308,SET OF 60 VINTAGE LEAF CAKE CASES ,6,13-11-2011 15:05,0.55,15861.0,United Kingdom
580541,22082,RIBBON REEL STRIPES DESIGN ,10,05-12-2011 09:03,1.65,15358.0,United Kingdom
566278,22569,FELTCRAFT CUSHION BUTTERFLY,4,11-09-2011 14:05,3.75,13614.0,United Kingdom
569632,84946,ANTIQUE SILVER T-LIGHT GLASS,36,05-10-2011 11:57,1.25,13808.0,United Kingdom
569555,22158,3 HEARTS HANGING DECORATION RUSTIC,8,05-10-2011 08:17,2.95,17728.0,United Kingdom
564303,22570,FELTCRAFT CUSHION RABBIT,4,24-08-2011 12:04,3.75,16042.0,United Kingdom
571243,23094,LE GRAND TRAY CHIC SET,1,14-10-2011 15:26,12.5,14595.0,United Kingdom
C539644,22472,TV DINNER TRAY DOLLY GIRL,-1,20-12-2010 15:52,4.95,12471.0,Germany
571187,84997A,CHILDRENS CUTLERY POLKADOT GREEN ,4,14-10-2011 11:39,4.15,12380.0,Belgium
558862,23170,REGENCY TEA PLATE ROSES ,12,04-07-2011 12:25,1.65,13901.0,United Kingdom
580733,21479,WHITE SKULL HOT WATER BOTTLE ,4,06-12-2011 08:37,4.25,16929.0,United Kingdom
558371,21212,PACK OF 72 RETROSPOT CAKE CASES,29,28-06-2011 15:44,2.08,,United Kingdom
563404,23287,RED VINTAGE SPOT BEAKER,48,16-08-2011 11:04,0.85,16303.0,United Kingdom
555397,84970L,SINGLE HEART ZINC T-LIGHT HOLDER,1,02-06-2011 17:26,2.08,,United Kingdom
539053,22098,BOUDOIR SQUARE TISSUE BOX,1,15-12-2010 16:32,1.25,16725.0,United Kingdom
580400,23569,TRADTIONAL ALPHABET STAMP SET,4,04-12-2011 11:50,4.95,16561.0,United Kingdom
544931,22063,CERAMIC BOWL WITH STRAWBERRY DESIGN,6,24-02-2011 18:59,2.95,13501.0,Switzerland
552823,84380,SET OF 3 BUTTERFLY COOKIE CUTTERS,3,11-05-2011 13:06,1.25,14731.0,United Kingdom
559337,84576,BLUE CAT BISCUIT BARREL PINK HEART,1,07-07-2011 16:27,4.13,,United Kingdom
557112,37475,SET/4 COLOURFUL MIXING BOWLS,1,16-06-2011 16:31,8.29,,United Kingdom
572103,23489,VINTAGE BELLS GARLAND,1,20-10-2011 15:57,2.89,17571.0,United Kingdom
561036,23241,TREASURE TIN GYMKHANA DESIGN,2,24-07-2011 11:54,2.08,13137.0,United Kingdom
547370,82552,WASHROOM METAL SIGN,1,22-03-2011 13:32,1.45,14711.0,United Kingdom
572568,47566,PARTY BUNTING,12,25-10-2011 10:31,4.95,14001.0,United Kingdom
538421,21739,COSY SLIPPER SHOES SMALL GREEN,1,12-12-2010 12:08,2.95,17917.0,United Kingdom
544676,22566,FELTCRAFT HAIRBAND PINK AND PURPLE,1,22-02-2011 16:03,0.85,17841.0,United Kingdom
554502,48194,DOORMAT HEARTS,6,24-05-2011 14:47,7.95,14289.0,United Kingdom
564307,23289,DOLLY GIRL CHILDRENS BOWL,4,24-08-2011 12:32,1.25,17865.0,United Kingdom
539475,47570B,TEA TIME TABLE CLOTH,1,19-12-2010 14:41,10.65,16686.0,United Kingdom
575601,22865,HAND WARMER OWL DESIGN,1,10-11-2011 12:16,2.1,,United Kingdom
547375,22570,FELTCRAFT CUSHION RABBIT,4,22-03-2011 14:24,3.75,13196.0,United Kingdom
577489,23349,ROLL WRAP VINTAGE CHRISTMAS,1,20-11-2011 12:07,1.25,,United Kingdom
544928,20724,RED RETROSPOT CHARLOTTE BAG,1,24-02-2011 18:07,1.63,,United Kingdom
556475,22487,WHITE WOOD GARDEN PLANT LADDER,1,12-06-2011 12:03,9.95,18109.0,United Kingdom
555510,22749,FELTCRAFT PRINCESS CHARLOTTE DOLL,6,03-06-2011 17:09,7.46,,United Kingdom
572203,20665,RED RETROSPOT PURSE ,5,21-10-2011 12:05,2.95,17068.0,United Kingdom
564141,21504,SKULLS GREETING CARD,12,23-08-2011 11:47,0.42,17841.0,United Kingdom
544309,22934,BAKING MOULD EASTER EGG WHITE CHOC,6,17-02-2011 14:17,2.95,15785.0,United Kingdom
561702,23245,SET OF 3 REGENCY CAKE TINS,4,29-07-2011 10:58,4.95,15149.0,United Kingdom
553389,23160,REGENCY TEA SPOON,6,16-05-2011 16:37,2.46,,United Kingdom
541421,90200C,BLUE SWEETHEART BRACELET,1,17-01-2011 17:44,4.15,,United Kingdom
579690,84877B,GREEN ROUND COMPACT MIRROR,2,30-11-2011 14:03,1.25,15060.0,United Kingdom
580983,23562,SET OF 6 RIBBONS PERFECTLY PRETTY  ,1,06-12-2011 16:26,5.79,,United Kingdom
579399,21210,SET OF 72 RETROSPOT PAPER  DOILIES,1,29-11-2011 12:09,1.45,13137.0,United Kingdom
547945,22908,PACK OF 20 NAPKINS RED APPLES,12,28-03-2011 14:59,0.85,14851.0,United Kingdom
572889,23221,REINDEER HEART DECORATION SILVER,1,26-10-2011 13:56,0.83,12748.0,United Kingdom
555746,22997,TRAVEL CARD WALLET UNION JACK,3,07-06-2011 10:55,0.42,14606.0,United Kingdom
558115,23029,DRAWER KNOB CRACKLE GLAZE GREEN,6,27-06-2011 08:50,1.65,16003.0,United Kingdom
568593,23197,SKETCHBOOK MAGNETIC SHOPPING LIST,12,28-09-2011 10:54,1.45,13988.0,United Kingdom
579508,22578,WOODEN STAR CHRISTMAS SCANDINAVIAN,12,29-11-2011 16:33,0.83,,United Kingdom
557758,22057,CERAMIC PLATE STRAWBERRY DESIGN,1,22-06-2011 13:28,1.49,17585.0,United Kingdom
563350,20961,STRAWBERRY BATH SPONGE ,10,15-08-2011 14:10,1.25,14498.0,United Kingdom
545021,22270,HAPPY EASTER HANGING DECORATION,4,25-02-2011 14:11,3.75,17663.0,United Kingdom
555520,22477,WATERING CAN GARDEN MARKER,1,05-06-2011 11:14,1.25,15038.0,United Kingdom
545667,84796B,BLUE SAVANNAH PICNIC HAMPER FOR 2,2,04-03-2011 16:07,8.29,,United Kingdom
569216,22602,RETROSPOT WOODEN HEART DECORATION,5,02-10-2011 12:41,0.85,15555.0,United Kingdom
546364,22654,DELUXE SEWING KIT ,1,11-03-2011 11:33,5.95,,United Kingdom
575337,23695,DOILY THANK YOU CARD,12,09-11-2011 14:11,0.42,17867.0,United Kingdom
547810,M,Manual,1,25-03-2011 14:00,0.85,,United Kingdom
571441,85014B,RED RETROSPOT UMBRELLA,3,17-10-2011 13:31,12.46,14096.0,United Kingdom
542585,48138,DOORMAT UNION FLAG,1,28-01-2011 15:29,7.95,17329.0,United Kingdom
547964,21166,COOK WITH WINE METAL SIGN ,1,28-03-2011 15:45,4.13,,United Kingdom
563253,17091J,VANILLA INCENSE IN TIN,2,15-08-2011 12:04,0.38,15218.0,United Kingdom
576075,21770,OPEN CLOSED METAL SIGN,1,13-11-2011 16:16,4.95,15861.0,United Kingdom
565737,22865,HAND WARMER OWL DESIGN,3,06-09-2011 12:27,2.1,16400.0,United Kingdom
538369,22112,CHOCOLATE HOT WATER BOTTLE,1,12-12-2010 11:06,4.95,17251.0,United Kingdom
540004,84946,ANTIQUE SILVER TEA GLASS ETCHED,72,04-01-2011 10:37,1.06,13094.0,United Kingdom
561209,21209,MULTICOLOUR HONEYCOMB FAN,5,25-07-2011 16:57,3.29,,United Kingdom
575739,21901,"KEY FOB , BACK DOOR ",2,11-11-2011 09:05,1.63,,United Kingdom
555589,22376,AIRLINE BAG VINTAGE JET SET WHITE,4,06-06-2011 09:36,4.25,12802.0,Netherlands
565150,21903,MAN FLU METAL SIGN,12,01-09-2011 14:26,1.85,14298.0,United Kingdom
551392,21609,SET 12 LAVENDER  BOTANICAL T-LIGHTS,6,28-04-2011 12:07,2.95,13229.0,United Kingdom
550621,82582,AREA PATROLLED METAL SIGN,3,19-04-2011 13:41,2.1,13263.0,United Kingdom
544177,20702,PINK PADDED MOBILE,4,16-02-2011 14:27,4.25,13001.0,United Kingdom
563720,23032,DRAWER KNOB CRACKLE GLAZE IVORY,2,18-08-2011 16:24,1.65,15867.0,United Kingdom
554080,21993,FLORAL FOLK STATIONERY SET,1,22-05-2011 11:42,2.95,16931.0,United Kingdom
542713,84991,60 TEATIME FAIRY CAKE CASES,24,31-01-2011 13:27,0.55,12668.0,Germany
556102,21084,SET/6 COLLAGE PAPER CUPS,24,08-06-2011 16:15,0.19,13115.0,United Kingdom
568062,22577,WOODEN HEART CHRISTMAS SCANDINAVIAN,48,23-09-2011 13:18,0.29,14014.0,United Kingdom
549257,85132C,CHARLIE AND LOLA FIGURES TINS,1,07-04-2011 12:29,1.95,14465.0,United Kingdom
545305,21080,SET/20 RED RETROSPOT PAPER NAPKINS ,12,01-03-2011 12:58,0.85,15257.0,United Kingdom
570455,21429,RED GINGHAM ROSE JEWELLERY BOX,1,10-10-2011 15:27,1.95,14529.0,United Kingdom
545937,22663,JUMBO BAG DOLLY GIRL DESIGN,20,08-03-2011 12:05,1.95,12758.0,Portugal
566061,79321,CHILLI LIGHTS,4,08-09-2011 15:36,5.75,13267.0,United Kingdom
577856,21086,SET/6 RED SPOTTY PAPER CUPS,12,22-11-2011 11:19,0.65,12490.0,France
571716,37450,CERAMIC CAKE BOWL + HANGING CAKES,1,18-10-2011 17:05,5.79,,United Kingdom
559691,23203,JUMBO BAG DOILEY PATTERNS,10,11-07-2011 15:52,2.08,13089.0,United Kingdom
543532,21216,"SET 3 RETROSPOT TEA,COFFEE,SUGAR",1,09-02-2011 12:59,10.79,,United Kingdom
542625,20713,JUMBO BAG OWLS,2,31-01-2011 09:50,4.13,,United Kingdom
581492,79321,CHILLI LIGHTS,1,09-12-2011 10:03,12.46,,United Kingdom
551821,22191,IVORY DINER WALL CLOCK,1,04-05-2011 12:20,8.5,16942.0,United Kingdom
575843,23203,JUMBO BAG VINTAGE DOILY ,1,11-11-2011 12:02,2.08,14446.0,United Kingdom
539718,22730,ALARM CLOCK BAKELIKE IVORY,1,21-12-2010 13:06,7.62,,United Kingdom
569567,22149,FELTCRAFT 6 FLOWER FRIENDS,6,05-10-2011 09:56,2.1,16059.0,United Kingdom
559673,22662,LUNCH BAG DOLLY GIRL DESIGN,10,11-07-2011 14:10,1.65,13224.0,United Kingdom
544932,22410,MONEY BOX HOUSEKEEPING DESIGN,12,25-02-2011 08:14,1.25,16133.0,United Kingdom
539451,90201B,BLACK ENAMEL FLOWER RING,1,17-12-2010 16:59,2.96,,United Kingdom
569469,22993,SET OF 4 PANTRY JELLY MOULDS,1,04-10-2011 12:22,1.25,16360.0,United Kingdom
547941,POST,POSTAGE,1,28-03-2011 14:46,150.0,16692.0,United Kingdom
570666,POST,POSTAGE,1,11-10-2011 14:24,18.0,13919.0,Denmark
569229,23187,FRENCH STYLE STORAGE JAR BONBONS,2,02-10-2011 14:56,0.29,14502.0,United Kingdom
553504,47566B,TEA TIME PARTY BUNTING,4,17-05-2011 13:26,4.95,13310.0,United Kingdom
563935,21832,CHOCOLATE CALCULATOR,3,21-08-2011 16:24,1.65,15547.0,United Kingdom
579900,84879,ASSORTED COLOUR BIRD ORNAMENT,8,01-12-2011 08:34,1.69,15951.0,United Kingdom
578067,22851,SET 20 NAPKINS FAIRY CAKES DESIGN ,4,22-11-2011 15:43,1.63,,United Kingdom
537434,22595,CHRISTMAS GINGHAM HEART,4,06-12-2010 16:57,1.66,,United Kingdom
559816,21204,DAISIES  HONEYCOMB GARLAND ,4,12-07-2011 16:11,1.63,,United Kingdom
574049,22141,CHRISTMAS CRAFT TREE TOP ANGEL,48,02-11-2011 13:40,1.85,13316.0,United Kingdom
579001,23156,SET OF 5 MINI GROCERY MAGNETS,2,27-11-2011 16:19,2.08,15555.0,United Kingdom
538917,22082,RIBBON REEL STRIPES DESIGN ,5,15-12-2010 10:57,1.65,17449.0,United Kingdom
573340,23205,CHARLOTTE BAG VINTAGE ALPHABET ,4,30-10-2011 11:55,0.85,14159.0,United Kingdom
579692,22835,HOT WATER BOTTLE I AM SO POORLY,8,30-11-2011 14:05,4.95,12433.0,Norway
540856,22281,EASTER TREE YELLOW BIRDS,2,12-01-2011 10:16,5.95,16655.0,United Kingdom
570087,22727,ALARM CLOCK BAKELIKE RED ,3,07-10-2011 11:26,8.29,,United Kingdom
550622,20679,EDWARDIAN PARASOL RED,4,19-04-2011 13:49,5.95,13735.0,United Kingdom
579751,23301,GARDENERS KNEELING PAD KEEP CALM ,7,30-11-2011 14:46,3.29,,United Kingdom
578827,85227,SET OF 6 3D KIT CARDS FOR KIDS,1,25-11-2011 14:25,1.63,,United Kingdom
565460,23206,LUNCH BAG APPLE DESIGN,40,05-09-2011 09:24,1.65,16843.0,United Kingdom
567368,23068,ALUMINIUM STAMPED HEART,8,20-09-2011 08:23,2.49,17147.0,United Kingdom
579196,23266,SET OF 3 WOODEN STOCKING DECORATION,17,28-11-2011 15:54,2.46,14096.0,United Kingdom
567236,23374,RED SPOT PAPER GIFT BAG,10,19-09-2011 11:33,0.82,14735.0,United Kingdom
575367,22578,WOODEN STAR CHRISTMAS SCANDINAVIAN,48,09-11-2011 15:05,0.29,15114.0,United Kingdom
561209,84596F,SMALL MARSHMALLOWS PINK BOWL,2,25-07-2011 16:57,0.83,,United Kingdom
556636,22900,SET 2 TEA TOWELS I LOVE LONDON ,2,13-06-2011 15:30,6.63,,United Kingdom
538529,21741,COSY SLIPPER SHOES LARGE GREEN,6,13-12-2010 10:24,2.95,14290.0,United Kingdom
572082,23342,MINT DINER WALL CLOCK,2,20-10-2011 14:18,8.5,17672.0,United Kingdom
565431,23138,SINGLE WIRE HOOK IVORY HEART,12,04-09-2011 13:15,1.45,14965.0,United Kingdom
546321,71101E,STANDING FAIRY POLE SUPPORT ,12,11-03-2011 09:39,0.85,16475.0,United Kingdom
539609,22623,BOX OF VINTAGE JIGSAW BLOCKS ,1,20-12-2010 14:15,4.95,15527.0,United Kingdom
550278,21556,CERAMIC STRAWBERRY MONEY BOX,1,15-04-2011 13:15,4.13,,United Kingdom
577853,22804,PINK HANGING HEART T-LIGHT HOLDER,3,22-11-2011 11:13,2.95,13681.0,United Kingdom
543448,21240,BLUE POLKADOT CUP,2,08-02-2011 12:12,1.63,,United Kingdom
562427,84817,DANISH ROSE DECORATIVE PLATE,2,04-08-2011 17:19,2.1,17267.0,United Kingdom
551982,22147,FELTCRAFT BUTTERFLY HEARTS,3,05-05-2011 13:56,1.45,15023.0,United Kingdom
537781,21143,ANTIQUE GLASS HEART DECORATION ,2,08-12-2010 12:46,1.95,17341.0,United Kingdom
580687,22326,ROUND SNACK BOXES SET OF4 WOODLAND ,12,05-12-2011 15:38,2.95,16379.0,United Kingdom
540551,90042C,FRESHWATER PEARL BRACELET IVORY,1,10-01-2011 09:43,2.54,,United Kingdom
568160,22340,NOEL GARLAND PAINTED ZINC ,24,25-09-2011 12:25,0.39,17498.0,United Kingdom
538171,22751,FELTCRAFT PRINCESS OLIVIA DOLL,1,09-12-2010 20:01,3.75,17530.0,United Kingdom
568949,22587,FELTCRAFT HAIRBAND RED AND BLUE,1,29-09-2011 15:13,1.63,,United Kingdom
537638,20972,PINK CREAM FELT CRAFT TRINKET BOX ,6,07-12-2010 15:28,2.51,,United Kingdom
548716,22530,MAGIC DRAWING SLATE DOLLY GIRL ,24,03-04-2011 15:50,0.42,14023.0,United Kingdom
578147,23120,PACK OF 6 SMALL FRUIT STRAWS,1,23-11-2011 11:09,0.42,12748.0,United Kingdom
567126,22750,FELTCRAFT PRINCESS LOLA DOLL,2,16-09-2011 13:53,3.75,17238.0,United Kingdom
567671,21989,PACK OF 20 SKULL PAPER NAPKINS,2,21-09-2011 15:34,1.63,,United Kingdom
563722,22479,DAISY GARDEN MARKER,10,18-08-2011 16:32,1.25,17720.0,United Kingdom
565847,23338,EGG FRYING PAN RED ,1,07-09-2011 12:44,4.13,,United Kingdom
552262,22747,POPPY'S PLAYHOUSE BATHROOM,6,08-05-2011 11:37,2.1,14911.0,EIRE
540277,82484,WOOD BLACK BOARD ANT WHITE FINISH,12,06-01-2011 12:18,5.55,14258.0,United Kingdom
557225,71477,COLOUR GLASS. STAR T-LIGHT HOLDER,24,17-06-2011 13:37,2.75,15311.0,United Kingdom
537765,90214K,"LETTER ""K"" BLING KEY RING",1,08-12-2010 12:08,1.25,14606.0,United Kingdom
567183,85049A,TRADITIONAL CHRISTMAS RIBBONS,6,18-09-2011 15:32,1.25,14769.0,United Kingdom
558874,23292,SPACEBOY CHILDRENS CUP,1,04-07-2011 13:29,1.25,,United Kingdom
537200,21892,TRADITIONAL WOODEN CATCH CUP GAME ,1,05-12-2010 14:17,1.25,15867.0,United Kingdom
552282,22564,ALPHABET STENCIL CRAFT,4,08-05-2011 12:44,1.25,14040.0,United Kingdom
546136,90114,SUMMER DAISIES BAG CHARM,1,09-03-2011 16:32,2.46,,United Kingdom
577479,22578,WOODEN STAR CHRISTMAS SCANDINAVIAN,24,20-11-2011 11:34,0.29,14911.0,EIRE
570724,23508,MINI PLAYING CARDS DOLLY GIRL ,20,12-10-2011 11:22,0.42,12602.0,France
539840,21988,PACK OF 6 SKULL PAPER PLATES,12,22-12-2010 14:28,0.85,12383.0,Belgium
567656,47591D,PINK FAIRY CAKE CHILDRENS APRON,1,21-09-2011 14:40,4.13,14096.0,United Kingdom
547623,22646,CERAMIC STRAWBERRY CAKE MONEY BANK,12,24-03-2011 11:29,1.45,15641.0,United Kingdom
579711,35471D,SET OF 3 BIRD LIGHT PINK FEATHER ,2,30-11-2011 14:17,0.39,15060.0,United Kingdom
575137,35970,ZINC FOLKART SLEIGH BELLS,12,08-11-2011 15:13,1.69,13090.0,United Kingdom
568411,22144,CHRISTMAS CRAFT LITTLE FRIENDS,1,27-09-2011 10:52,4.13,,United Kingdom
566446,22801,ANTIQUE GLASS PEDESTAL BOWL,1,12-09-2011 15:40,7.46,,United Kingdom
547556,21383,PACK OF 12 STICKY BUNNIES,2,23-03-2011 16:45,0.65,17250.0,United Kingdom
571555,23209,LUNCH BAG VINTAGE DOILY ,20,18-10-2011 09:15,1.65,16458.0,United Kingdom
576274,22639,SET OF 4 NAPKIN CHARMS HEARTS,1,14-11-2011 14:24,2.55,17793.0,United Kingdom
541127,21821,GLITTER STAR GARLAND WITH BELLS ,1,14-01-2011 10:11,7.46,,United Kingdom
553375,22960,JAM MAKING SET WITH JARS,12,16-05-2011 14:52,3.75,14911.0,EIRE
543232,22767,TRIPLE PHOTO FRAME CORNICE ,2,04-02-2011 13:28,9.95,13113.0,United Kingdom
564733,22557,PLASTERS IN TIN VINTAGE PAISLEY ,5,28-08-2011 13:18,1.65,17841.0,United Kingdom
581399,22083,PAPER CHAIN KIT RETROSPOT,6,08-12-2011 13:27,2.95,17528.0,United Kingdom
559162,90019A,SILVER M.O.P ORBIT BRACELET,2,06-07-2011 16:29,5.4,,United Kingdom
570097,22273,FELTCRAFT DOLL MOLLY,720,07-10-2011 12:05,2.3,16029.0,United Kingdom
551543,23284,DOORMAT KEEP CALM AND COME IN,2,03-05-2011 09:26,7.95,16055.0,United Kingdom
551516,23154,SET OF 4 JAM JAR MAGNETS,12,01-05-2011 11:10,2.08,14800.0,United Kingdom
559497,22361,GLASS JAR DAISY FRESH COTTON WOOL,1,08-07-2011 13:54,5.79,,United Kingdom
572913,84030E,ENGLISH ROSE HOT WATER BOTTLE,2,26-10-2011 16:21,4.25,15993.0,United Kingdom
548340,22595,GINGHAM HEART DECORATION,24,30-03-2011 14:23,0.85,13426.0,United Kingdom
575637,23355,HOT WATER BOTTLE KEEP CALM,1,10-11-2011 13:46,4.95,16904.0,United Kingdom
577109,22535,MAGIC DRAWING SLATE BUNNIES ,24,17-11-2011 17:50,0.42,16042.0,United Kingdom
553556,23203,JUMBO BAG DOILEY PATTERNS,2,17-05-2011 16:48,2.08,17530.0,United Kingdom
568346,16238,PARTY TIME PENCIL ERASERS,2,26-09-2011 15:28,0.42,14096.0,United Kingdom
581219,23000,TRAVEL CARD WALLET TRANSPORT,2,08-12-2011 09:28,0.83,,United Kingdom
560033,22910,PAPER CHAIN KIT VINTAGE CHRISTMAS,6,14-07-2011 13:28,2.95,12388.0,Australia
571305,20659,ECONOMY LUGGAGE TAG,1,17-10-2011 09:55,2.46,,United Kingdom
548194,22478,BIRDHOUSE GARDEN MARKER ,1,29-03-2011 15:30,2.46,,United Kingdom
C569973,22328,ROUND SNACK BOXES SET OF 4 FRUITS ,-3,06-10-2011 19:23,2.95,12703.0,Germany
575177,72807B,SET/3 OCEAN SCENT CANDLE JEWEL BOX,1,08-11-2011 18:41,8.29,,United Kingdom
563728,84992,72 SWEETHEART FAIRY CAKE CASES,1,18-08-2011 17:09,0.55,17045.0,United Kingdom
568322,23051,RECYCLED ACAPULCO MAT BLUE,1,26-09-2011 13:41,8.25,15958.0,United Kingdom
561600,23078,ICE CREAM PEN LIP GLOSS ,24,28-07-2011 11:29,1.25,15861.0,United Kingdom
580441,23083,SET 6 PAPER TABLE LANTERN STARS ,6,04-12-2011 12:18,3.75,13808.0,United Kingdom
571425,22158,3 HEARTS HANGING DECORATION RUSTIC,8,17-10-2011 12:41,2.95,14911.0,EIRE
552786,85152,HAND OVER THE CHOCOLATE   SIGN ,48,11-05-2011 12:14,1.53,16029.0,United Kingdom
577869,23334,IVORY WICKER HEART SMALL,18,22-11-2011 11:34,0.63,13268.0,United Kingdom
554808,20728,LUNCH BAG CARS BLUE,2,26-05-2011 13:01,1.65,17059.0,United Kingdom
537237,22988,SOLDIERS EGG CUP ,2,06-12-2010 09:58,2.51,,United Kingdom
564088,23344,JUMBO BAG 50'S CHRISTMAS ,100,23-08-2011 09:38,1.79,17702.0,United Kingdom
538844,22174,PHOTO CUBE,48,14-12-2010 13:19,1.48,14680.0,United Kingdom
557801,20725,LUNCH BAG RED RETROSPOT,10,23-06-2011 10:14,1.65,13319.0,United Kingdom
539451,22212,FOUR HOOK  WHITE LOVEBIRDS,2,17-12-2010 16:59,4.21,,United Kingdom
554809,23146,TRIPLE HOOK ANTIQUE IVORY ROSE,6,26-05-2011 13:13,3.29,16838.0,United Kingdom
560434,22608,PENS ASSORTED FUNKY JEWELED ,15,18-07-2011 15:56,0.42,,United Kingdom
551012,21485,RETROSPOT HEART HOT WATER BOTTLE,1,26-04-2011 10:32,7.46,,United Kingdom
564471,23445,ICE CREAM BUBBLES,20,25-08-2011 12:26,0.83,12583.0,France
547790,21211,SET OF 72 SKULL PAPER  DOILIES,12,25-03-2011 12:04,1.45,12545.0,Spain
580613,22907,PACK OF 20 NAPKINS PANTRY DESIGN,12,05-12-2011 12:03,0.85,14759.0,United Kingdom
555630,23168,CLASSIC CAFE SUGAR DISPENSER,12,06-06-2011 12:04,1.25,14732.0,United Kingdom
580075,20728,LUNCH BAG CARS BLUE,4,01-12-2011 14:09,1.65,17014.0,United Kingdom
556484,21754,HOME BUILDING BLOCK WORD,1,12-06-2011 13:17,5.95,16938.0,United Kingdom
580610,72349b,SET/6 PURPLE BUTTERFLY T-LIGHTS,3,05-12-2011 11:48,4.13,,United Kingdom
560841,16238,PARTY TIME PENCIL ERASERS,112,21-07-2011 12:25,0.16,14298.0,United Kingdom
566234,22738,RIBBON REEL SNOWY VILLAGE,1,11-09-2011 11:08,1.65,15035.0,United Kingdom
536592,22557,PLASTERS IN TIN VINTAGE PAISLEY ,1,01-12-2010 17:06,3.36,,United Kingdom
560410,82482,WOODEN PICTURE FRAME WHITE FINISH,6,18-07-2011 14:28,2.55,17213.0,United Kingdom
C550099,20682,RED RETROSPOT CHILDRENS UMBRELLA,-1,14-04-2011 12:28,3.25,16933.0,United Kingdom
580727,23215,JINGLE BELL HEART ANTIQUE SILVER,4,05-12-2011 17:17,4.13,14096.0,United Kingdom
567720,22570,FELTCRAFT CUSHION RABBIT,8,22-09-2011 10:37,3.75,14911.0,EIRE
581193,22721,SET OF 3 CAKE TINS SKETCHBOOK,2,07-12-2011 17:05,1.95,17097.0,Spain
574545,23159,SET OF 5 PANCAKE DAY MAGNETS,12,04-11-2011 14:54,2.08,17084.0,United Kingdom
547497,20998,ROSE DU SUD OVEN GLOVE,4,23-03-2011 12:15,2.95,14461.0,United Kingdom
568894,23380,PACK OF 12 VINTAGE DOILY TISSUES,12,29-09-2011 13:04,0.39,17528.0,United Kingdom
550207,22654,DELUXE SEWING KIT ,1,15-04-2011 10:38,12.46,,United Kingdom
573904,85124B,BLUE JUICY FRUIT PHOTO FRAME,2,01-11-2011 14:54,2.55,14505.0,United Kingdom
565918,21741,COSY SLIPPER SHOES LARGE GREEN,3,07-09-2011 16:27,2.95,13249.0,United Kingdom
564165,21754,HOME BUILDING BLOCK WORD,6,23-08-2011 13:35,5.95,13593.0,United Kingdom
562200,21528,DAIRY MAID TRADITIONAL TEAPOT ,2,03-08-2011 12:21,6.95,17719.0,United Kingdom
538156,21813,GARLAND WITH STARS AND BELLS,6,09-12-2010 16:53,4.95,15555.0,United Kingdom
578233,20971,PINK BLUE FELT CRAFT TRINKET BOX,4,23-11-2011 12:20,1.25,14049.0,United Kingdom
575843,22592,CARDHOLDER HOLLY WREATH METAL,4,11-11-2011 12:02,3.75,14446.0,United Kingdom
564437,21981,PACK OF 12 WOODLAND TISSUES ,24,25-08-2011 12:10,0.29,13320.0,United Kingdom
569202,21126,SET OF 6 GIRLS CELEBRATION CANDLES,1,30-09-2011 17:22,1.25,,United Kingdom
566602,22729,ALARM CLOCK BAKELIKE ORANGE,1,13-09-2011 16:05,7.46,,United Kingdom
537682,22974,CHILDRENS DOLLY GIRL MUG,12,08-12-2010 10:13,1.65,13599.0,United Kingdom
558874,21833,CAMOUFLAGE LED TORCH,1,04-07-2011 13:29,1.69,,United Kingdom
563585,85231G,ORANGE SCENTED SET/9 T-LIGHTS,3,17-08-2011 17:01,0.85,17070.0,United Kingdom
C537413,22834,HAND WARMER BABUSHKA DESIGN,-72,06-12-2010 15:07,2.1,14409.0,United Kingdom
572910,22964,3 PIECE SPACEBOY COOKIE CUTTER SET,2,26-10-2011 15:58,2.1,15990.0,United Kingdom
563728,23293,SET OF 12 FAIRY CAKE BAKING CASES,8,18-08-2011 17:09,0.83,17045.0,United Kingdom
550541,84905,PINK BUTTERFLY CUSHION COVER ,1,19-04-2011 11:33,4.96,,United Kingdom
536557,22694,WICKER STAR ,2,01-12-2010 14:41,2.1,17841.0,United Kingdom
569203,21154,RED RETROSPOT OVEN GLOVE ,20,02-10-2011 10:32,1.25,16353.0,United Kingdom
540848,90209B,GREEN ENAMEL+GLASS HAIR COMB,2,12-01-2011 09:26,2.11,,United Kingdom
573330,21136,PAINTED METAL PEARS ASSORTED,2,30-10-2011 11:22,1.69,16923.0,United Kingdom
543132,22835,HOT WATER BOTTLE I AM SO POORLY,4,03-02-2011 15:27,4.65,15235.0,United Kingdom
553540,22896,PEG BAG APPLES DESIGN,50,17-05-2011 15:32,2.1,17511.0,United Kingdom
553204,22919,HERB MARKER MINT,1,15-05-2011 16:13,0.65,16877.0,United Kingdom
539587,84692,BOX OF 24 COCKTAIL PARASOLS,100,20-12-2010 13:10,0.32,14298.0,United Kingdom
542791,82484,WOOD BLACK BOARD ANT WHITE FINISH,1,01-02-2011 10:47,6.45,15039.0,United Kingdom
557639,72349B,SET/6 PURPLE BUTTERFLY T-LIGHTS,1,21-06-2011 16:13,2.1,12933.0,United Kingdom
540646,21774,DECORATIVE CATS BATHROOM BOTTLE,4,10-01-2011 14:32,1.28,,United Kingdom
C579871,20727,LUNCH BAG  BLACK SKULL.,-1,30-11-2011 16:54,1.65,16101.0,United Kingdom
563842,22382,LUNCH BAG SPACEBOY DESIGN ,10,19-08-2011 13:54,1.65,13871.0,United Kingdom
540968,85184C,S/4 VALENTINE DECOUPAGE HEART BOX,3,12-01-2011 13:40,2.95,17338.0,United Kingdom
561236,84596L,BISCUITS SMALL BOWL LIGHT BLUE,32,26-07-2011 10:27,0.42,15159.0,United Kingdom
581439,23654,SET 10 CARD SNOWMAN 16965,1,08-12-2011 16:30,2.49,,United Kingdom
550613,22917,HERB MARKER ROSEMARY,12,19-04-2011 12:26,0.65,16180.0,United Kingdom
541802,20854,,-80,21-01-2011 14:45,0.0,,United Kingdom
574575,22866,HAND WARMER SCOTTY DOG DESIGN,4,04-11-2011 17:03,2.1,14971.0,United Kingdom
556910,11001,ASSTD DESIGN RACING CAR PEN,16,15-06-2011 13:25,1.69,12748.0,United Kingdom
574544,22906,12 MESSAGE CARDS WITH ENVELOPES,60,04-11-2011 14:49,1.45,17084.0,United Kingdom
558386,22161,HEART DECORATION RUSTIC HANGING ,24,29-06-2011 09:32,0.19,14883.0,United Kingdom
551747,22093,MOTORING TISSUE BOX,36,04-05-2011 11:00,0.42,14298.0,United Kingdom
546108,84750B,BLACK SMALL GLASS CAKE STAND,3,09-03-2011 12:35,1.95,15529.0,United Kingdom
555158,22697,GREEN REGENCY TEACUP AND SAUCER,6,01-06-2011 08:38,2.95,14842.0,United Kingdom
580611,22757,LARGE RED BABUSHKA NOTEBOOK ,1,05-12-2011 11:49,0.39,12748.0,United Kingdom
560692,22193,RED DINER WALL CLOCK,1,20-07-2011 12:01,8.5,14704.0,United Kingdom
547547,22321,BIRD DECORATION RED RETROSPOT,1,23-03-2011 15:30,1.63,,United Kingdom
559693,84509C,SET OF 4 POLKADOT PLACEMATS ,2,11-07-2011 16:21,3.29,,United Kingdom
567822,23318,BOX OF 6 MINI VINTAGE CRACKERS,6,22-09-2011 12:54,2.49,17644.0,United Kingdom
570223,23292,SPACEBOY CHILDRENS CUP,3,09-10-2011 13:11,1.25,15787.0,United Kingdom
578664,22142,CHRISTMAS CRAFT WHITE FAIRY ,2,24-11-2011 16:59,1.45,15910.0,United Kingdom
571310,22398,MAGNETS PACK OF 4 SWALLOWS,24,17-10-2011 10:17,0.39,13394.0,United Kingdom
557057,85183B,CHARLIE & LOLA WASTEPAPER BIN FLORA,24,16-06-2011 14:46,1.25,16843.0,United Kingdom
539840,21975,PACK OF 60 DINOSAUR CAKE CASES,24,22-12-2010 14:28,0.55,12383.0,Belgium
545700,84218,BOX/12 CHICK & EGG IN BASKET,1,06-03-2011 14:57,1.95,17811.0,United Kingdom
573552,23439,HAND WARMER RED LOVE HEART,12,31-10-2011 13:43,2.1,13203.0,United Kingdom
580527,22424,ENAMEL BREAD BIN CREAM,1,04-12-2011 15:19,12.75,13736.0,United Kingdom
576876,22867,HAND WARMER BIRD DESIGN,4,16-11-2011 16:42,2.1,16804.0,United Kingdom
578347,22188,BLACK HEART CARD HOLDER,1,24-11-2011 09:26,8.29,,United Kingdom
555284,85230E,STRAWBRY SCENTED VOTIVE CANDLE,144,02-06-2011 09:37,0.21,14298.0,United Kingdom
554976,23148,MINIATURE ANTIQUE ROSE HOOK IVORY,2,29-05-2011 10:57,0.83,15046.0,United Kingdom
553168,23110,PARISIENNE KEY CABINET ,8,13-05-2011 16:24,5.75,15159.0,United Kingdom
560205,23208,LUNCH BAG VINTAGE LEAF DESIGN,10,15-07-2011 13:55,1.65,17068.0,United Kingdom
570258,22637,PIGGY BANK RETROSPOT ,1,10-10-2011 09:56,5.79,,United Kingdom
577403,23203,JUMBO BAG VINTAGE DOILY ,10,20-11-2011 10:15,2.08,13988.0,United Kingdom
561820,23150,IVORY SWEETHEART SOAP DISH,1,29-07-2011 16:00,4.96,,United Kingdom
536876,21411,GINGHAM HEART  DOORSTOP RED,1,03-12-2010 11:36,8.47,,United Kingdom
569491,23503,PLAYING CARDS KEEP CALM & CARRY ON,2,04-10-2011 13:25,1.25,14056.0,United Kingdom
580911,23286,BLUE VINTAGE SPOT BEAKER,8,06-12-2011 13:30,0.85,14503.0,United Kingdom
578364,23188,VINTAGE  2 METRE FOLDING RULER,12,24-11-2011 10:42,1.65,13588.0,United Kingdom
577782,23367,SET 12 COLOUR PENCILS SPACEBOY ,1,21-11-2011 16:17,0.65,16549.0,United Kingdom
543821,22854,CREAM SWEETHEART EGG HOLDER,4,14-02-2011 09:24,4.95,17667.0,United Kingdom
544051,21931,JUMBO STORAGE BAG SUKI,10,15-02-2011 12:40,1.95,16700.0,United Kingdom
573903,23355,HOT WATER BOTTLE KEEP CALM,3,01-11-2011 14:51,4.95,14667.0,United Kingdom
560434,21617,4 LILY  BOTANICAL DINNER CANDLES,2,18-07-2011 15:56,2.46,,United Kingdom
537626,22212,FOUR HOOK  WHITE LOVEBIRDS,6,07-12-2010 14:57,2.1,12347.0,Iceland
554093,22961,JAM MAKING SET PRINTED,12,22-05-2011 12:49,1.45,14837.0,United Kingdom
546984,51020A,SUMMER FUN DESIGN SHOWER CAP,10,18-03-2011 12:35,0.29,15019.0,United Kingdom
561878,22217,T-LIGHT HOLDER HANGING LACE,8,31-07-2011 12:34,1.25,17388.0,United Kingdom
558682,21931,JUMBO STORAGE BAG SUKI,8,01-07-2011 11:20,4.13,,United Kingdom
537434,22600,CHRISTMAS RETROSPOT STAR WOOD,8,06-12-2010 16:57,1.66,,United Kingdom
565919,21992,VINTAGE PAISLEY STATIONERY SET,2,07-09-2011 16:48,2.46,,United Kingdom
563200,22548,HEADS AND TAILS SPORTING FUN,1,14-08-2011 10:49,1.25,13838.0,United Kingdom
565411,23241,TREASURE TIN GYMKHANA DESIGN,2,04-09-2011 11:22,2.08,13772.0,United Kingdom
572131,22577,WOODEN HEART CHRISTMAS SCANDINAVIAN,24,21-10-2011 09:56,0.29,13917.0,United Kingdom
567904,22505,MEMO BOARD COTTAGE DESIGN,4,22-09-2011 16:34,4.95,12609.0,Germany
569234,22212,FOUR HOOK  WHITE LOVEBIRDS,1,02-10-2011 15:33,2.1,17841.0,United Kingdom
561892,23154,SET OF 4 JAM JAR MAGNETS,2,31-07-2011 14:27,2.08,,United Kingdom
567807,22111,SCOTTIE DOG HOT WATER BOTTLE,2,22-09-2011 12:23,4.95,17027.0,United Kingdom
538566,22115,METAL SIGN EMPIRE TEA,1,13-12-2010 11:21,5.91,,United Kingdom
571652,85179A,GREEN BITTY LIGHT CHAIN,3,18-10-2011 12:17,1.25,,Hong Kong
555108,23184,BULL DOG BOTTLE OPENER,3,31-05-2011 14:18,4.95,18231.0,United Kingdom
580399,84378,SET OF 3 HEART COOKIE CUTTERS,4,04-12-2011 11:45,1.45,13471.0,United Kingdom
538594,84212,"ASSORTED FLOWER COLOUR ""LEIS""",480,13-12-2010 11:57,0.42,16927.0,United Kingdom
556917,23167,SMALL CERAMIC TOP STORAGE JAR ,96,15-06-2011 13:37,0.69,12415.0,Australia
581451,22442,GROW YOUR OWN FLOWERS SET OF 3,12,08-12-2011 17:57,1.95,17144.0,United Kingdom
560732,23196,VINTAGE LEAF MAGNETIC NOTEPAD,3,20-07-2011 14:55,1.45,14056.0,United Kingdom
545699,23230,WRAP ALPHABET DESIGN,25,06-03-2011 14:50,0.42,15572.0,United Kingdom
556207,84596B,SMALL DOLLY MIX DESIGN ORANGE BOWL,8,09-06-2011 13:50,0.42,17372.0,United Kingdom
545188,22536,MAGIC DRAWING SLATE PURDEY,2,28-02-2011 15:19,0.42,14056.0,United Kingdom
578949,22091,EMPIRE TISSUE BOX,2,27-11-2011 14:30,0.39,14954.0,United Kingdom
546113,21114,LAVENDER SCENTED FABRIC HEART,5,09-03-2011 13:18,1.25,14344.0,United Kingdom
549555,22587,FELTCRAFT HAIRBAND RED AND BLUE,12,10-04-2011 12:52,0.85,13606.0,United Kingdom
557315,48185,DOORMAT FAIRY CAKE,1,19-06-2011 16:02,7.95,15535.0,United Kingdom
572030,23340,VINTAGE CHRISTMAS CAKE FRILL,12,20-10-2011 11:51,1.65,14923.0,United Kingdom
551192,20978,36 PENCILS TUBE SKULLS,16,27-04-2011 10:54,1.25,16188.0,United Kingdom
554865,22427,ENAMEL FLOWER JUG CREAM,3,27-05-2011 10:37,5.95,14280.0,United Kingdom
567183,22315,200 RED + WHITE BENDY STRAWS,2,18-09-2011 15:33,1.25,14769.0,United Kingdom
575930,22651,GENTLEMAN SHIRT REPAIR KIT ,1,11-11-2011 17:58,1.63,,United Kingdom
567186,22070,SMALL RED RETROSPOT MUG IN BOX ,2,18-09-2011 16:04,3.75,17073.0,United Kingdom
577033,23479,WIRE EGG BASKET ,1,17-11-2011 13:16,7.85,17797.0,United Kingdom
580852,23581,JUMBO BAG PAISLEY PARK,10,06-12-2011 11:53,2.08,16790.0,United Kingdom
552234,22386,JUMBO BAG PINK POLKADOT,2,06-05-2011 16:01,2.08,,United Kingdom
575589,21889,WOODEN BOX OF DOMINOES,12,10-11-2011 12:05,1.25,14262.0,United Kingdom
580367,23435,3 RAFFIA RIBBONS VINTAGE CHRISTMAS,8,02-12-2011 16:39,0.83,,United Kingdom
564737,20981,12 PENCILS TALL TUBE WOODLAND,12,28-08-2011 14:00,0.85,15312.0,United Kingdom
560601,22804,CANDLEHOLDER PINK HANGING HEART,1,19-07-2011 17:17,2.95,16764.0,United Kingdom
555875,22936,BAKING MOULD ROSE WHITE CHOCOLATE,1,07-06-2011 15:17,3.25,12748.0,United Kingdom
544070,22356,CHARLOTTE BAG PINK POLKADOT,10,15-02-2011 14:19,0.85,15370.0,United Kingdom
576648,22662,LUNCH BAG DOLLY GIRL DESIGN,30,16-11-2011 10:32,1.65,14057.0,United Kingdom
556218,23108,SET OF 10 LED DOLLY LIGHTS,2,09-06-2011 14:18,6.25,17731.0,United Kingdom
580441,22771,CLEAR DRAWER KNOB ACRYLIC EDWARDIAN,12,04-12-2011 12:18,1.25,13808.0,United Kingdom
555278,23084,RABBIT NIGHT LIGHT,3,01-06-2011 17:33,4.13,,United Kingdom
549301,22138,BAKING SET 9 PIECE RETROSPOT ,3,08-04-2011 08:24,4.95,16643.0,United Kingdom
580904,23169,CLASSIC GLASS COOKIE JAR,1,06-12-2011 12:59,4.15,15311.0,United Kingdom
580054,22367,CHILDRENS APRON SPACEBOY DESIGN,3,01-12-2011 13:08,1.95,18122.0,United Kingdom
548733,22699,ROSES REGENCY TEACUP AND SAUCER ,6,04-04-2011 10:29,2.95,17648.0,United Kingdom
563538,23207,LUNCH BAG ALPHABET DESIGN,1,17-08-2011 11:48,1.65,17841.0,United Kingdom
542795,79000,MOROCCAN TEA GLASS,24,01-02-2011 10:59,0.85,18055.0,United Kingdom
546778,21159,MOODY BOY  DOOR HANGER ,3,16-03-2011 16:38,1.45,14572.0,United Kingdom
557502,84251C,"GREETING CARD, TWO SISTERS.",2,20-06-2011 15:32,0.83,,United Kingdom
578827,21774,DECORATIVE CATS BATHROOM BOTTLE,1,25-11-2011 14:25,2.46,,United Kingdom
541302,22469,HEART OF WICKER SMALL,12,17-01-2011 14:18,1.65,13769.0,United Kingdom
560426,85099C,JUMBO  BAG BAROQUE BLACK WHITE,10,18-07-2011 15:15,2.08,14038.0,United Kingdom
566024,22798,ANTIQUE GLASS DRESSING TABLE POT,8,08-09-2011 12:51,2.95,13871.0,United Kingdom
547223,21211,SET OF 72 SKULL PAPER  DOILIES,1,21-03-2011 15:10,1.45,12867.0,United Kingdom
562043,22605,WOODEN CROQUET GARDEN SET,1,02-08-2011 10:19,14.95,15342.0,United Kingdom
569635,23353,6 GIFT TAGS VINTAGE CHRISTMAS ,3,05-10-2011 12:13,0.83,12748.0,United Kingdom
558315,23007, SPACEBOY BABY GIFT SET,1,28-06-2011 11:44,16.95,15065.0,United Kingdom
581474,72819,CUPID DESIGN SCENTED CANDLES,1,08-12-2011 20:01,1.25,12748.0,United Kingdom
542664,21386,IVORY HANGING DECORATION  EGG,4,31-01-2011 12:14,1.63,,United Kingdom
561472,23243,SET OF TEA COFFEE SUGAR TINS PANTRY,4,27-07-2011 13:15,4.95,14911.0,EIRE
567139,22828,REGENCY MIRROR WITH SHUTTERS,1,16-09-2011 14:45,165.0,13563.0,United Kingdom
538351,20677,PINK POLKADOT BOWL,1,10-12-2010 15:17,3.36,,United Kingdom
551014,22328,ROUND SNACK BOXES SET OF 4 FRUITS ,6,26-04-2011 11:04,2.95,13209.0,United Kingdom
540550,21123,SET/10 IVORY POLKADOT PARTY CANDLES,24,10-01-2011 09:11,1.25,12539.0,Spain
577406,21479,WHITE SKULL HOT WATER BOTTLE ,4,20-11-2011 10:36,4.25,12702.0,Germany
562574,21212,PACK OF 72 RETROSPOT CAKE CASES,2,07-08-2011 12:42,0.55,14903.0,United Kingdom
545835,22861,EASTER TIN CHICKS IN GARDEN,1,07-03-2011 13:17,1.65,17654.0,United Kingdom
558075,84406B,CREAM CUPID HEARTS COAT HANGER,8,24-06-2011 17:07,4.15,17858.0,United Kingdom
551734,22664,TOY TIDY DOLLY GIRL DESIGN,5,04-05-2011 10:15,2.1,18178.0,United Kingdom
547867,22727,ALARM CLOCK BAKELIKE RED ,2,27-03-2011 13:56,3.75,13357.0,United Kingdom
549120,22521,CHILDS GARDEN TROWEL PINK,2,06-04-2011 13:28,0.85,14587.0,United Kingdom
560265,21509,COWBOYS AND INDIANS BIRTHDAY CARD ,24,17-07-2011 13:48,0.42,17863.0,United Kingdom
546133,22899,CHILDREN'S APRON DOLLY GIRL ,6,09-03-2011 15:20,2.1,14291.0,United Kingdom
578994,22667,RECIPE BOX RETROSPOT ,6,27-11-2011 15:44,2.95,14911.0,EIRE
574951,23284,DOORMAT KEEP CALM AND COME IN,2,08-11-2011 09:44,8.25,15763.0,United Kingdom
549953,22974,CHILDRENS DOLLY GIRL MUG,12,13-04-2011 13:15,1.65,12766.0,Portugal
580399,21115,ROSE CARAVAN DOORSTOP,2,04-12-2011 11:45,1.95,13471.0,United Kingdom
544479,21245,GREEN POLKADOT PLATE ,96,21-02-2011 10:28,1.45,14646.0,Netherlands
539337,21888,BINGO SET,4,17-12-2010 10:46,3.75,,EIRE
576093,22403,MAGNETS PACK OF 4 VINTAGE LABELS ,12,14-11-2011 09:05,0.39,17744.0,United Kingdom
573499,21192,check,-164,31-10-2011 12:01,0.0,,United Kingdom
578833,22993,SET OF 4 PANTRY JELLY MOULDS,6,25-11-2011 15:23,3.29,,United Kingdom
536742,21974,SET OF 36 PAISLEY FLOWER DOILIES,1,02-12-2010 13:14,1.45,16916.0,United Kingdom
537159,22765,NEWSPAPER STAND,1,05-12-2010 13:17,14.95,14527.0,United Kingdom
547034,22193,RED DINER WALL CLOCK,2,20-03-2011 10:30,8.5,18229.0,United Kingdom
551978,21745,GAOLERS KEYS DECORATIVE GARDEN ,4,05-05-2011 13:43,3.75,17527.0,United Kingdom
548919,22357,KINGS CHOICE BISCUIT TIN,4,05-04-2011 10:18,4.25,13013.0,United Kingdom
564553,23295,SET OF 12 MINI LOAF BAKING CASES,2,25-08-2011 18:45,0.83,18200.0,United Kingdom
543191,21212,PACK OF 72 RETROSPOT CAKE CASES,3,04-02-2011 11:54,0.55,13137.0,United Kingdom
541213,22718,CARD CAT AND TREE ,12,14-01-2011 13:28,0.42,15033.0,United Kingdom
576686,23263,SET OF 3 WOODEN HEART DECORATIONS,2,16-11-2011 12:08,1.25,16916.0,United Kingdom
539038,22666,RECIPE BOX PANTRY YELLOW DESIGN,6,15-12-2010 14:45,2.95,15641.0,United Kingdom
556290,23096,PETIT TRAY CHIC,12,10-06-2011 09:23,1.65,17088.0,United Kingdom
544468,22507,MEMO BOARD RETROSPOT  DESIGN,4,21-02-2011 08:33,4.95,,EIRE
539437,22525,CHILDRENS GARDEN GLOVES PINK,1,17-12-2010 14:54,2.51,,United Kingdom
575508,22951,60 CAKE CASES DOLLY GIRL DESIGN,240,10-11-2011 10:32,0.42,14646.0,Netherlands
544341,85152,HAND OVER THE CHOCOLATE   SIGN ,12,18-02-2011 09:43,2.1,13012.0,United Kingdom
561926,23245,SET OF 3 REGENCY CAKE TINS,8,01-08-2011 12:48,4.95,12749.0,United Kingdom
559506,84659A,WHITE TRAVEL ALARM CLOCK,1,08-07-2011 15:17,2.46,,United Kingdom
572037,23508,MINI PLAYING CARDS DOLLY GIRL ,12,20-10-2011 12:07,0.42,17365.0,United Kingdom
568095,20764,ABSTRACT CIRCLES SKETCHBOOK ,4,23-09-2011 14:49,3.75,14911.0,EIRE
565846,22361,GLASS JAR DAISY FRESH COTTON WOOL,2,07-09-2011 12:41,2.95,14606.0,United Kingdom
559535,23206,LUNCH BAG APPLE DESIGN,3,10-07-2011 12:16,1.65,17841.0,United Kingdom
555744,35965,FOLKART HEART NAPKIN RINGS,24,07-06-2011 10:44,0.79,18072.0,United Kingdom
555275,22494,EMERGENCY FIRST AID TIN ,1,01-06-2011 17:18,2.46,,United Kingdom
564754,22355,CHARLOTTE BAG SUKI DESIGN,1,30-08-2011 10:29,1.63,,United Kingdom
543382,47567B,TEA TIME KITCHEN APRON,1,07-02-2011 16:21,5.95,14030.0,United Kingdom
554356,22328,ROUND SNACK BOXES SET OF 4 FRUITS ,12,24-05-2011 09:25,2.95,12670.0,France
550712,21578,WOODLAND DESIGN  COTTON TOTE BAG,6,20-04-2011 11:06,2.25,15159.0,United Kingdom
570167,23344,JUMBO BAG 50'S CHRISTMAS ,20,07-10-2011 14:04,2.08,15615.0,United Kingdom
551250,47422,ASSORTED MONKEY SUCTION CUP HOOK,2,27-04-2011 12:00,0.42,17841.0,United Kingdom
572752,22624,IVORY KITCHEN SCALES,2,25-10-2011 17:22,8.5,17449.0,United Kingdom
568792,22086,PAPER CHAIN KIT 50'S CHRISTMAS ,40,29-09-2011 09:53,2.55,18192.0,United Kingdom
574711,22794,SWEETHEART WIRE MAGAZINE RACK,2,06-11-2011 14:20,7.95,14517.0,United Kingdom
580612,22308,TEA COSY BLUE STRIPE,1,05-12-2011 11:58,4.96,,United Kingdom
536990,20728,LUNCH BAG CARS BLUE,14,03-12-2010 15:14,1.65,12793.0,Portugal
537871,82582,AREA PATROLLED METAL SIGN,1,08-12-2010 17:20,2.1,12748.0,United Kingdom
568321,21976,PACK OF 60 MUSHROOM CAKE CASES,24,26-09-2011 13:36,0.55,13639.0,United Kingdom
580729,22905,CALENDAR IN SEASON DESIGN,2,05-12-2011 17:24,2.46,,United Kingdom
540364,20832,RED FLOCK LOVE HEART PHOTO FRAME,4,06-01-2011 16:03,0.85,14505.0,United Kingdom
562560,84569A,PACK 3 IRON ON DOG PATCHES,12,05-08-2011 17:12,1.25,14156.0,EIRE
538169,22470,HEART OF WICKER LARGE,4,09-12-2010 19:28,2.95,13230.0,United Kingdom
554961,21116,OWL DOORSTOP,1,27-05-2011 15:19,8.29,,United Kingdom
576840,23281,FOLDING BUTTERFLY MIRROR RED  ,1,16-11-2011 15:23,2.46,,United Kingdom
548968,21903,MAN FLU METAL SIGN,12,05-04-2011 10:58,2.1,12744.0,Singapore
566255,21977,PACK OF 60 PINK PAISLEY CAKE CASES,120,11-09-2011 12:23,0.42,13324.0,United Kingdom
564535,85062,PEARL CRYSTAL PUMPKIN T-LIGHT HLDR,12,25-08-2011 15:10,1.65,18075.0,United Kingdom
550953,22561,WOODEN SCHOOL COLOURING SET,1,21-04-2011 16:17,3.29,,United Kingdom
554016,23201,JUMBO BAG ALPHABET,4,20-05-2011 13:14,2.08,13243.0,United Kingdom
561430,23209,LUNCH BAG DOILEY PATTERN ,10,27-07-2011 11:29,1.65,15172.0,United Kingdom
569202,22686,FRENCH BLUE METAL DOOR SIGN No,1,30-09-2011 17:22,2.46,,United Kingdom
556812,85093,CANDY SPOT EGG WARMER HARE,6,14-06-2011 17:25,0.83,,United Kingdom
560926,22210,WOOD STAMP SET BEST WISHES,1,22-07-2011 09:20,0.83,,United Kingdom
560291,23049,RECYCLED ACAPULCO MAT RED,1,18-07-2011 10:17,16.63,,United Kingdom
564818,22029,SPACEBOY BIRTHDAY CARD,2,30-08-2011 12:10,0.83,,United Kingdom
559055,21928,JUMBO BAG SCANDINAVIAN BLUE PAISLEY,4,05-07-2011 17:09,4.13,,United Kingdom
C569655,22383,LUNCH BAG SUKI DESIGN ,-2,05-10-2011 12:58,1.65,14534.0,United Kingdom
574722,85061W,WHITE JEWELLED HEART DECORATION,6,06-11-2011 14:45,0.85,14502.0,United Kingdom
573387,22981,PANTRY APPLE CORER,1,30-10-2011 14:33,1.45,15054.0,United Kingdom
549575,84792,ENCHANTED BIRD COATHANGER 5 HOOK,2,10-04-2011 16:04,4.65,13956.0,United Kingdom
550968,22965,3 TRADITIONAl BISCUIT CUTTERS  SET,6,21-04-2011 16:59,2.1,14961.0,United Kingdom
546892,21212,PACK OF 72 RETROSPOT CAKE CASES,1,17-03-2011 18:20,1.25,,United Kingdom
559861,22033,BOTANICAL ROSE GREETING CARD,48,13-07-2011 10:27,0.42,15895.0,United Kingdom
573913,21980,PACK OF 12 RED RETROSPOT TISSUES ,24,01-11-2011 15:49,0.39,17653.0,United Kingdom
559052,35924,HANGING FAIRY CAKE DECORATION,9,05-07-2011 16:53,1.63,,United Kingdom
574297,85123A,WHITE HANGING HEART T-LIGHT HOLDER,6,03-11-2011 15:54,2.95,16602.0,United Kingdom
555533,21621,VINTAGE UNION JACK BUNTING,6,05-06-2011 12:12,8.5,15722.0,United Kingdom
559174,85183B,CHARLIE & LOLA WASTEPAPER BIN FLORA,12,07-07-2011 10:04,1.25,18263.0,United Kingdom
C540400,22469,HEART OF WICKER SMALL,-1,07-01-2011 09:25,1.65,16150.0,United Kingdom
561715,22996,TRAVEL CARD WALLET VINTAGE TICKET,24,29-07-2011 12:03,0.42,13102.0,United Kingdom
574740,22510,GINGHAM BABUSHKA DOORSTOP,12,06-11-2011 16:07,3.75,12357.0,Switzerland
574331,23583,LUNCH BAG PAISLEY PARK  ,10,04-11-2011 09:24,1.65,13178.0,United Kingdom
570348,23439,HAND WARMER RED LOVE HEART,12,10-10-2011 12:28,2.1,16982.0,United Kingdom
573945,22694,WICKER STAR ,12,02-11-2011 10:44,2.1,17663.0,United Kingdom
562200,22427,ENAMEL FLOWER JUG CREAM,3,03-08-2011 12:21,5.95,17719.0,United Kingdom
564039,23239,SET OF 4 KNICK KNACK TINS POPPIES,6,22-08-2011 12:40,4.15,12645.0,Germany
575477,23494,VINTAGE DOILY DELUXE SEWING KIT ,3,09-11-2011 16:14,12.46,,United Kingdom
575086,22847,BREAD BIN DINER STYLE IVORY,2,08-11-2011 13:52,16.95,16618.0,United Kingdom
566221,23417,BATHROOM HOOK,1,09-09-2011 16:13,3.29,,United Kingdom
553935,21907,I'M ON HOLIDAY METAL SIGN,12,20-05-2011 10:32,2.1,15856.0,United Kingdom
539245,22473,TV DINNER TRAY VINTAGE PAISLEY,1,16-12-2010 13:25,4.95,,United Kingdom
568674,22119,PEACE WOODEN BLOCK LETTERS,3,28-09-2011 13:30,6.95,12708.0,Germany
556724,23206,LUNCH BAG APPLE DESIGN,10,14-06-2011 11:26,1.65,16745.0,United Kingdom
570672,22866,HAND WARMER SCOTTY DOG DESIGN,12,11-10-2011 14:52,2.1,12536.0,France
574962,23453,OVAL  MINI PORTRAIT FRAME,8,08-11-2011 10:26,1.95,15194.0,United Kingdom
566092,21181,PLEASE ONE PERSON METAL SIGN,12,09-09-2011 10:42,2.1,13823.0,United Kingdom
559525,21212,PACK OF 72 RETROSPOT CAKE CASES,3,10-07-2011 10:30,0.55,16923.0,United Kingdom
558636,22908,PACK OF 20 NAPKINS RED APPLES,2,30-06-2011 19:58,0.85,14702.0,United Kingdom
576236,22179,SET 10 NIGHT OWL LIGHTS,1,14-11-2011 13:31,6.75,13755.0,United Kingdom
573665,21888,BINGO SET,4,31-10-2011 16:24,3.75,13982.0,United Kingdom
C576908,22551,PLASTERS IN TIN SPACEBOY,-1,17-11-2011 09:39,1.65,12670.0,France
578068,22556,PLASTERS IN TIN CIRCUS PARADE ,1,22-11-2011 15:45,1.65,14505.0,United Kingdom
575514,21974,SET OF 36 PAISLEY FLOWER DOILIES,12,10-11-2011 10:40,1.45,12541.0,Spain
565117,22169,FAMILY ALBUM WHITE PICTURE FRAME,6,01-09-2011 11:33,8.5,13089.0,United Kingdom
578698,23319,BOX OF 6 MINI 50'S CRACKERS,6,25-11-2011 10:20,2.49,12620.0,France
567161,23316,RED REFECTORY CLOCK ,2,18-09-2011 10:46,9.95,15947.0,United Kingdom
578944,23493,VINTAGE DOILY TRAVEL SEWING KIT,2,27-11-2011 13:41,1.95,16005.0,United Kingdom
580400,22910,PAPER CHAIN KIT VINTAGE CHRISTMAS,6,04-12-2011 11:50,2.95,16561.0,United Kingdom
569027,23230,WRAP ALPHABET DESIGN,25,30-09-2011 10:19,0.42,13089.0,United Kingdom
566489,22773,GREEN DRAWER KNOB ACRYLIC EDWARDIAN,12,13-09-2011 10:17,1.25,16814.0,United Kingdom
580777,21286,RETROSPOT CANDLE  LARGE,12,06-12-2011 11:06,0.59,14547.0,United Kingdom
569202,20725,LUNCH BAG RED RETROSPOT,2,30-09-2011 17:22,4.13,,United Kingdom
577317,23582,VINTAGE DOILY JUMBO BAG RED ,1,18-11-2011 13:33,2.08,16426.0,United Kingdom
558475,22085,PAPER CHAIN KIT SKULLS ,5,29-06-2011 15:58,2.46,,United Kingdom
566049,23079,TOADSTOOL BEDSIDE LIGHT ,2,08-09-2011 14:28,8.95,15730.0,United Kingdom
550942,22855,FINE WICKER HEART ,12,21-04-2011 15:51,1.25,16587.0,United Kingdom
559133,23242,TREASURE TIN BUFFALO BILL ,22,06-07-2011 13:13,2.08,17861.0,United Kingdom
575138,23080,RED METAL BOX TOP SECRET,3,08-11-2011 15:24,16.63,,United Kingdom
542087,22961,JAM MAKING SET PRINTED,12,25-01-2011 12:35,1.45,14849.0,United Kingdom
559051,22609,PENS ASSORTED SPACEBALL,14,05-07-2011 16:47,0.42,,United Kingdom
554671,20685,DOORMAT RED RETROSPOT,2,25-05-2011 15:47,7.95,14009.0,United Kingdom
539444,22074,6 RIBBONS SHIMMERING PINKS ,12,17-12-2010 15:52,1.65,14146.0,United Kingdom
572309,22632,HAND WARMER RED RETROSPOT,4,23-10-2011 15:29,2.1,14432.0,United Kingdom
556792,22543,MINI JIGSAW BAKE A CAKE ,10,14-06-2011 13:52,0.42,17043.0,United Kingdom
576607,22818,CARD CHRISTMAS VILLAGE,24,15-11-2011 15:42,0.42,12474.0,Germany
541371,22077,6 RIBBONS RUSTIC CHARM,6,17-01-2011 14:51,1.65,13983.0,United Kingdom
580367,22798,ANTIQUE GLASS DRESSING TABLE POT,1,02-12-2011 16:39,5.79,,United Kingdom
556579,48184,DOORMAT ENGLISH ROSE ,2,13-06-2011 14:16,7.95,15069.0,United Kingdom
575875,23204,CHARLOTTE BAG APPLES DESIGN,2,11-11-2011 13:06,1.63,,United Kingdom
541675,22957,SET 3 PAPER VINTAGE CHICK PAPER EGG,6,20-01-2011 13:49,2.95,12402.0,Belgium
541516,21556,CERAMIC STRAWBERRY MONEY BOX,1,18-01-2011 17:34,2.46,,United Kingdom
556479,22569,FELTCRAFT CUSHION BUTTERFLY,6,12-06-2011 12:50,3.75,16983.0,United Kingdom
550206,22379,RECYCLING BAG RETROSPOT ,3,15-04-2011 10:38,4.96,,United Kingdom
537638,90158,ST TROPEZ NECKLACE,1,07-12-2010 15:28,5.09,,United Kingdom
558711,79063C,"RETRO PILL BOX KEY CHAIN,THE KING",1,01-07-2011 13:05,0.19,15483.0,United Kingdom
558704,22749,FELTCRAFT PRINCESS CHARLOTTE DOLL,4,01-07-2011 12:50,3.75,17505.0,United Kingdom
558447,21931,JUMBO STORAGE BAG SUKI,100,29-06-2011 13:40,1.79,15311.0,United Kingdom
573665,23569,TRADTIONAL ALPHABET STAMP SET,12,31-10-2011 16:24,4.95,13982.0,United Kingdom
571201,22751,FELTCRAFT PRINCESS OLIVIA DOLL,12,14-10-2011 12:28,3.39,14937.0,Channel Islands
538201,22665,RECIPE BOX BLUE SKETCHBOOK DESIGN,1,10-12-2010 11:12,2.95,15723.0,United Kingdom
567183,21577,SAVE THE PLANET COTTON TOTE BAG,4,18-09-2011 15:32,2.25,14769.0,United Kingdom
570195,23203,JUMBO BAG VINTAGE DOILY ,20,07-10-2011 15:38,2.08,14825.0,United Kingdom
580389,22627,MINT KITCHEN SCALES,2,04-12-2011 10:35,8.5,12952.0,United Kingdom
573585,21147,JINGLE BELLS TREE DECORATION,5,31-10-2011 14:41,1.63,,United Kingdom
572035,21788,KIDS RAIN MAC BLUE,144,20-10-2011 12:03,0.65,14646.0,Netherlands
566281,23235,STORAGE TIN VINTAGE LEAF,6,11-09-2011 14:15,2.89,12748.0,United Kingdom
547892,22631,CIRCUS PARADE LUNCH BOX ,12,28-03-2011 10:15,1.95,12669.0,France
544398,21949,SET OF 6 STRAWBERRY CHOPSTICKS,6,18-02-2011 12:27,1.25,15311.0,United Kingdom
549614,20902,VINTAGE KEEPSAKE BOX PARIS DAYS,2,11-04-2011 11:38,6.35,12720.0,Germany
538354,22432,WATERING CAN PINK BUNNY,6,10-12-2010 15:45,1.95,16873.0,United Kingdom
574305,21802,CHRISTMAS TREE HEART DECORATION,26,03-11-2011 16:30,0.42,18081.0,United Kingdom
559661,21658,GLASS  BEURRE DISH,8,11-07-2011 13:22,3.95,18061.0,United Kingdom
578995,21210,SET OF 72 RETROSPOT PAPER  DOILIES,2,27-11-2011 15:59,1.45,15861.0,United Kingdom
554677,20664,,9,25-05-2011 16:03,0.0,,United Kingdom
541592,85032D,YULETIDE IMAGES GIFT WRAP SET,3,19-01-2011 15:08,1.63,,United Kingdom
552563,22718,CARD CAT AND TREE ,12,10-05-2011 11:54,0.42,17597.0,United Kingdom
571654,21430,SET/3 RED GINGHAM ROSE STORAGE BOX,1,18-10-2011 12:17,3.75,18118.0,United Kingdom
575740,22595,GINGHAM HEART DECORATION,12,11-11-2011 09:25,0.85,18130.0,United Kingdom
561926,22626,BLACK KITCHEN SCALES,2,01-08-2011 12:48,8.5,12749.0,United Kingdom
572553,21175,GIN + TONIC DIET METAL SIGN,3,24-10-2011 17:09,4.96,,United Kingdom
572872,22507,MEMO BOARD RETROSPOT  DESIGN,2,26-10-2011 13:27,4.95,15320.0,United Kingdom
579512,22666,RECIPE BOX PANTRY YELLOW DESIGN,2,29-11-2011 16:47,5.79,,United Kingdom
545568,22178,VICTORIAN GLASS HANGING T-LIGHT,4,03-03-2011 16:22,2.46,,United Kingdom
566060,82484,WOOD BLACK BOARD ANT WHITE FINISH,2,08-09-2011 15:27,16.63,,United Kingdom
544768,20712,JUMBO BAG WOODLAND ANIMALS,3,23-02-2011 11:10,4.13,,United Kingdom
564306,21280,VINTAGE KITCHEN PRINT VEGETABLES,12,24-08-2011 12:23,2.55,17865.0,United Kingdom
C579785,22666,RECIPE BOX PANTRY YELLOW DESIGN,-1,30-11-2011 15:29,2.95,12584.0,Italy
577527,22310,IVORY KNITTED MUG COSY ,3,20-11-2011 13:40,1.65,17523.0,United Kingdom
579777,35964,FOLKART CLIP ON STARS,2,30-11-2011 15:13,0.83,,United Kingdom
537240,15056N,EDWARDIAN PARASOL NATURAL,3,06-12-2010 10:08,5.95,,United Kingdom
580396,22734,SET OF 6 RIBBONS VINTAGE CHRISTMAS,1,04-12-2011 11:00,2.89,13838.0,United Kingdom
554054,22342,HOME GARLAND PAINTED ZINC ,1,20-05-2011 15:29,3.29,,United Kingdom
545696,22697,GREEN REGENCY TEACUP AND SAUCER,3,06-03-2011 14:21,2.95,15696.0,United Kingdom
541422,84968D,SET OF 16 VINTAGE RED CUTLERY,3,17-01-2011 17:48,8.29,,United Kingdom
573122,22694,WICKER STAR ,2,27-10-2011 16:23,2.1,14357.0,United Kingdom
554674,22953,BIRTHDAY PARTY CORDON BARRIER TAPE,1,25-05-2011 16:01,1.25,14522.0,United Kingdom
540265,22907,PACK OF 20 NAPKINS PANTRY DESIGN,12,06-01-2011 10:46,0.85,15271.0,United Kingdom
552229,21531,RED RETROSPOT SUGAR JAM BOWL,1,06-05-2011 15:40,4.96,,United Kingdom
554114,21615,4 LAVENDER BOTANICAL DINNER CANDLES,1,22-05-2011 15:00,3.75,15292.0,United Kingdom
543350,22200,FRYING PAN PINK POLKADOT,1,07-02-2011 13:15,4.25,13809.0,Cyprus
550004,22649,STRAWBERRY FAIRY CAKE TEAPOT,16,14-04-2011 09:56,4.95,12569.0,Germany
575939,22947,WOODEN ADVENT CALENDAR RED,5,13-11-2011 11:37,7.95,13004.0,United Kingdom
567372,20724,RED RETROSPOT CHARLOTTE BAG,20,20-09-2011 09:24,0.85,14191.0,United Kingdom
562575,85078,SCANDINAVIAN 3 HEARTS NAPKIN RING,24,07-08-2011 12:54,0.19,15411.0,United Kingdom
566976,85099F,JUMBO BAG STRAWBERRY,20,16-09-2011 09:27,2.08,15382.0,United Kingdom
563073,21790,VINTAGE SNAP CARDS,12,11-08-2011 15:56,0.85,18235.0,United Kingdom
541497,20713,JUMBO BAG OWLS,2,18-01-2011 15:19,4.13,,United Kingdom
565225,21291,SMALL POLKADOT CHOCOLATE GIFT BAG ,32,01-09-2011 19:34,0.85,16808.0,United Kingdom
553691,21408,SPOTTY PINK DUCK DOORSTOP,1,18-05-2011 14:08,4.25,15311.0,United Kingdom
543739,20828,GLITTER BUTTERFLY CLIPS,6,11-02-2011 12:49,2.55,15550.0,United Kingdom
571671,22079,RIBBON REEL HEARTS DESIGN ,2,18-10-2011 13:15,1.65,16940.0,United Kingdom
543981,22933,BAKING MOULD EASTER EGG MILK CHOC,6,15-02-2011 08:18,2.95,15358.0,United Kingdom
574561,22703,PINK CAT BOWL,2,04-11-2011 15:52,1.63,,United Kingdom
579184,22144,CHRISTMAS CRAFT LITTLE FRIENDS,6,28-11-2011 15:17,2.1,16746.0,United Kingdom
548315,22423,REGENCY CAKESTAND 3 TIER,16,30-03-2011 12:34,10.95,16019.0,United Kingdom
565350,85208,SET/12 FUNKY FELT FLOWER PEG IN BAG,1,02-09-2011 14:42,2.1,14178.0,United Kingdom
569897,21407,BROWN CHECK CAT DOORSTOP ,1,06-10-2011 16:01,4.25,17813.0,United Kingdom
561969,22607,WOODEN ROUNDERS GARDEN SET ,1,01-08-2011 13:31,9.95,17757.0,United Kingdom
564818,21889,WOODEN BOX OF DOMINOES,1,30-08-2011 12:10,2.46,,United Kingdom
551346,21866,UNION JACK FLAG LUGGAGE TAG,12,28-04-2011 09:12,1.25,12362.0,Belgium
539663,22481,BLACK TEA TOWEL CLASSIC DESIGN,4,21-12-2010 10:26,1.25,17961.0,United Kingdom
561648,22123,PING MICROWAVE APRON,5,28-07-2011 15:21,1.95,15746.0,United Kingdom
560281,22534,MAGIC DRAWING SLATE SPACEBOY ,2,17-07-2011 15:59,0.42,17984.0,United Kingdom
547036,21914,BLUE HARMONICA IN BOX ,24,20-03-2011 10:35,1.25,17017.0,United Kingdom
563350,22111,SCOTTIE DOG HOT WATER BOTTLE,2,15-08-2011 14:10,4.95,14498.0,United Kingdom
569667,23396,LE JARDIN BOTANIQUE CUSHION COVER,4,05-10-2011 13:42,3.75,17521.0,United Kingdom
544673,90186B,CRYSTAL HOOP EARRING FLORAL LEAF,1,22-02-2011 15:46,2.95,13421.0,United Kingdom
543629,21889,WOODEN BOX OF DOMINOES,1,10-02-2011 15:55,3.29,,United Kingdom
545713,22746,POPPY'S PLAYHOUSE LIVINGROOM ,1,07-03-2011 10:12,3.29,,United Kingdom
559673,23206,LUNCH BAG APPLE DESIGN,10,11-07-2011 14:10,1.65,13224.0,United Kingdom
574740,22714,CARD BIRTHDAY COWBOY,24,06-11-2011 16:07,0.42,12357.0,Switzerland
553184,21908,CHOCOLATE THIS WAY METAL SIGN,1,15-05-2011 12:33,2.1,13232.0,United Kingdom
571458,21761,damaged,-2,17-10-2011 14:02,0.0,,United Kingdom
537224,70006,LOVE HEART POCKET WARMER,2,05-12-2010 16:24,1.65,13174.0,United Kingdom
543124,22241,GARLAND WOODEN HAPPY EASTER,12,03-02-2011 14:15,1.25,15311.0,United Kingdom
559337,22553,PLASTERS IN TIN SKULLS,1,07-07-2011 16:27,3.29,,United Kingdom
577844,21154,RED RETROSPOT OVEN GLOVE ,6,22-11-2011 10:41,3.29,,United Kingdom
576779,23081,GREEN METAL BOX ARMY SUPPLIES,2,16-11-2011 13:25,8.25,14554.0,United Kingdom
574009,22714,CARD BIRTHDAY COWBOY,12,02-11-2011 11:49,0.42,15750.0,United Kingdom
572192,35833P,4 PINK FLOCK CHRISTMAS BALLS,1,21-10-2011 11:30,1.25,18118.0,United Kingdom
574340,23502,PLAYING CARDS VINTAGE DOILY ,5,04-11-2011 10:08,1.25,17377.0,United Kingdom
578248,22723,SET OF 6 HERB TINS SKETCHBOOK,3,23-11-2011 12:40,3.95,16255.0,United Kingdom
560723,72760B,VINTAGE CREAM 3 BASKET CAKE STAND,1,20-07-2011 13:53,9.95,16464.0,United Kingdom
545812,21976,PACK OF 60 MUSHROOM CAKE CASES,24,07-03-2011 12:26,0.55,14214.0,United Kingdom
560997,20725,LUNCH BAG RED RETROSPOT,20,22-07-2011 13:59,1.65,12627.0,Germany
540832,22327,ROUND SNACK BOXES SET OF 4 SKULLS,4,11-01-2011 14:42,6.63,,United Kingdom
537374,22910,PAPER CHAIN KIT VINTAGE CHRISTMAS,1,06-12-2010 12:55,2.95,17259.0,United Kingdom
576518,23464,VINTAGE ZINC WATERING CAN SMALL,1,15-11-2011 12:25,4.95,16361.0,United Kingdom
548737,15056P,EDWARDIAN PARASOL PINK,3,04-04-2011 11:18,5.95,12682.0,France
567817,23301,GARDENERS KNEELING PAD KEEP CALM ,6,22-09-2011 12:41,1.65,15005.0,United Kingdom
574547,21866,UNION JACK FLAG LUGGAGE TAG,1,04-11-2011 15:08,1.25,17841.0,United Kingdom
552652,21464,DISCO BALL ROTATOR BATTERY OPERATED,1,10-05-2011 14:09,4.25,14591.0,United Kingdom
544778,21497,FANCY FONTS BIRTHDAY WRAP,25,23-02-2011 12:03,0.42,14978.0,United Kingdom
C574712,22778,GLASS CLOCHE SMALL,-1,06-11-2011 14:25,3.95,14502.0,United Kingdom
557293,23302,KNEELING MAT HOUSEWORK  DESIGN,2,19-06-2011 13:26,1.65,16326.0,United Kingdom
579001,20728,LUNCH BAG CARS BLUE,3,27-11-2011 16:19,1.65,15555.0,United Kingdom
573305,22645,CERAMIC HEART FAIRY CAKE MONEY BANK,4,28-10-2011 16:13,1.45,17837.0,United Kingdom
548312,21408,SPOTTY PINK DUCK DOORSTOP,4,30-03-2011 12:12,4.25,16059.0,United Kingdom
544368,21563,RED HEART SHAPE LOVE BUCKET ,1,18-02-2011 11:27,2.95,14057.0,United Kingdom
548894,22678,FRENCH BLUE METAL DOOR SIGN 3,1,04-04-2011 16:01,2.46,,United Kingdom
556886,21094,SET/6 RED SPOTTY PAPER PLATES,12,15-06-2011 12:34,0.85,12624.0,France
569566,22738,RIBBON REEL SNOWY VILLAGE,30,05-10-2011 09:55,1.65,14739.0,United Kingdom
571438,21754,HOME BUILDING BLOCK WORD,3,17-10-2011 13:25,6.25,15066.0,United Kingdom
538709,22759,SET OF 3 NOTEBOOKS IN PARCEL,1,14-12-2010 10:46,1.65,16442.0,United Kingdom
C571925,85185B,PINK HORSE SOCK PUPPET KIT,-1,19-10-2011 16:31,2.95,13115.0,United Kingdom
575728,20985,HEART CALCULATOR,12,10-11-2011 19:40,1.25,14911.0,EIRE
539742,22301,COFFEE MUG CAT + BIRD DESIGN,1,21-12-2010 15:20,5.06,,United Kingdom
572771,22554,PLASTERS IN TIN WOODLAND ANIMALS,12,26-10-2011 10:24,1.65,16173.0,United Kingdom
562596,23203,JUMBO BAG DOILEY PATTERNS,10,08-08-2011 09:22,2.08,16145.0,United Kingdom
578947,17003,BROCADE RING PURSE ,36,27-11-2011 13:49,0.39,14547.0,United Kingdom
576639,21695,SMALL SILVER FLOWER CANDLE POT,6,16-11-2011 09:43,2.95,13894.0,United Kingdom
559000,22893,MINI CAKE STAND T-LIGHT HOLDER,12,05-07-2011 12:15,0.42,14099.0,United Kingdom
581251,22326,ROUND SNACK BOXES SET OF4 WOODLAND ,6,08-12-2011 11:02,2.95,18210.0,United Kingdom
568721,20679,EDWARDIAN PARASOL RED,1,28-09-2011 16:24,12.46,,United Kingdom
570235,84836,ZINC METAL HEART DECORATION,2,09-10-2011 14:30,1.25,13193.0,United Kingdom
581514,22644,CERAMIC CHERRY CAKE MONEY BANK,4,09-12-2011 11:20,0.39,17754.0,United Kingdom
541969,22183,CAKE STAND VICTORIAN FILIGREE MED,2,24-01-2011 13:46,5.79,,United Kingdom
555115,20726,LUNCH BAG WOODLAND,5,31-05-2011 14:58,4.96,,United Kingdom
539415,22617,BAKING SET SPACEBOY DESIGN,12,17-12-2010 13:49,4.95,15204.0,United Kingdom
568040,23168,CLASSIC CAFE SUGAR DISPENSER,12,23-09-2011 12:09,1.25,12681.0,France
556722,23092,LARGE ANTIQUE WHITE PHOTO FRAME,2,14-06-2011 11:23,7.9,17428.0,United Kingdom
569700,DOT,DOTCOM POSTAGE,1,05-10-2011 15:56,195.37,,United Kingdom
544400,22082,RIBBON REEL STRIPES DESIGN ,50,18-02-2011 12:31,1.65,14101.0,United Kingdom
543732,21931,JUMBO STORAGE BAG SUKI,3,11-02-2011 12:02,4.13,,United Kingdom
543899,22503,CABIN BAG VINTAGE PAISLEY,6,14-02-2011 12:11,24.95,,EIRE
550208,22271,FELTCRAFT DOLL ROSIE,1,15-04-2011 10:39,5.79,,United Kingdom
547250,21354,TOAST ITS - BEST MUM,10,22-03-2011 09:30,2.46,,United Kingdom
567944,21621,VINTAGE UNION JACK BUNTING,3,22-09-2011 19:54,8.5,14562.0,United Kingdom
561670,21034,REX CASH+CARRY JUMBO SHOPPER,1,28-07-2011 17:15,0.95,17373.0,United Kingdom
556127,22620,4 TRADITIONAL SPINNING TOPS,12,09-06-2011 10:23,1.45,12406.0,Denmark
552949,23148,MINIATURE ANTIQUE ROSE HOOK IVORY,4,12-05-2011 12:01,0.83,16033.0,United Kingdom
576665,23118,PARISIENNE JEWELLERY DRAWER ,1,16-11-2011 11:46,7.5,17841.0,United Kingdom
554920,22841,ROUND CAKE TIN VINTAGE GREEN,2,27-05-2011 12:41,7.95,16275.0,United Kingdom
579546,85099C,JUMBO  BAG BAROQUE BLACK WHITE,3,30-11-2011 10:37,2.08,,United Kingdom
537240,22444,GROW YOUR OWN PLANT IN A CAN ,6,06-12-2010 10:08,2.51,,United Kingdom
540179,22653,BUTTON BOX ,2,05-01-2011 12:54,1.95,16033.0,United Kingdom
541283,84992,72 SWEETHEART FAIRY CAKE CASES,24,17-01-2011 12:34,0.55,12820.0,United Kingdom
544941,47566,PARTY BUNTING,4,25-02-2011 10:25,4.95,12841.0,United Kingdom
541850,85187,S/12 MINI RABBIT EASTER,2,23-01-2011 13:58,1.65,14224.0,United Kingdom
569894,22417,PACK OF 60 SPACEBOY CAKE CASES,1,06-10-2011 15:53,0.55,15707.0,United Kingdom
575875,21169,YOU'RE CONFUSING ME METAL SIGN ,1,11-11-2011 13:06,4.13,,United Kingdom
552044,21124,SET/10 BLUE POLKADOT PARTY CANDLES,24,06-05-2011 09:14,1.25,17423.0,United Kingdom
547385,85204,HANGING WOOD AND FELT FLOWER,1,22-03-2011 15:48,0.42,,United Kingdom
551218,22917,HERB MARKER ROSEMARY,3,27-04-2011 11:41,0.65,18077.0,United Kingdom
543973,84879,ASSORTED COLOUR BIRD ORNAMENT,12,14-02-2011 15:15,1.69,17571.0,United Kingdom
575481,21731,RED TOADSTOOL LED NIGHT LIGHT,1,09-11-2011 16:28,1.65,15679.0,United Kingdom
538071,22595,CHRISTMAS GINGHAM HEART,12,09-12-2010 14:09,1.66,,United Kingdom
569705,22199,FRYING PAN RED RETROSPOT,4,05-10-2011 16:15,4.25,15762.0,United Kingdom
554514,21900,"KEY FOB , SHED",1,24-05-2011 15:58,1.63,,United Kingdom
548728,22352,LUNCH BOX WITH CUTLERY RETROSPOT ,6,04-04-2011 09:55,2.55,13198.0,United Kingdom
563448,22715,CARD WEDDING DAY,12,16-08-2011 14:28,0.42,15220.0,United Kingdom
580136,22629,SPACEBOY LUNCH BOX ,1,01-12-2011 19:42,1.95,17841.0,United Kingdom
542106,21217,RED RETROSPOT ROUND CAKE TINS,24,25-01-2011 13:37,8.95,12709.0,Germany
549295,22196,SMALL HEART MEASURING SPOONS,1,07-04-2011 19:49,1.63,,United Kingdom
555115,23298,SPOTTY BUNTING,6,31-05-2011 14:58,10.79,,United Kingdom
550779,23206,LUNCH BAG APPLE DESIGN,100,20-04-2011 13:36,1.45,17511.0,United Kingdom
548565,21936,RED RETROSPOT PICNIC BAG,5,01-04-2011 10:23,2.95,16180.0,United Kingdom
581424,23394,POSTE FRANCE CUSHION COVER,4,08-12-2011 15:29,3.75,13890.0,United Kingdom
548012,22900, SET 2 TEA TOWELS I LOVE LONDON ,20,29-03-2011 11:15,2.95,17377.0,United Kingdom
544204,22457,NATURAL SLATE HEART CHALKBOARD ,1,17-02-2011 10:30,5.79,,United Kingdom
563193,23227,FILIGREE HEART BUTTERFLY WHITE ,1,12-08-2011 16:30,2.46,,United Kingdom
577742,84279P,CHERRY BLOSSOM  DECORATIVE FLASK,2,21-11-2011 13:41,3.75,13755.0,United Kingdom
574734,23209,LUNCH BAG VINTAGE DOILY ,1,06-11-2011 15:20,1.65,15025.0,United Kingdom
540995,22134,MINI LADLE LOVE HEART RED ,1,13-01-2011 09:30,0.42,,United Kingdom
560998,21992,VINTAGE PAISLEY STATIONERY SET,12,22-07-2011 14:07,1.25,14243.0,United Kingdom
579470,22547,MINI JIGSAW DINOSAUR ,1,29-11-2011 15:06,0.42,16549.0,United Kingdom
557846,22423,REGENCY CAKESTAND 3 TIER,1,23-06-2011 10:44,12.75,17365.0,United Kingdom
559465,20725,LUNCH BAG RED RETROSPOT,100,08-07-2011 13:26,1.45,14680.0,United Kingdom
540418,21221,SET/4 BADGES CUTE CREATURES,1,07-01-2011 11:04,0.85,,United Kingdom
572540,22469,HEART OF WICKER SMALL,3,24-10-2011 16:17,4.13,,United Kingdom
540239,21915,RED  HARMONICA IN BOX ,12,05-01-2011 14:48,1.25,12682.0,France
561085,21928,JUMBO BAG SCANDINAVIAN BLUE PAISLEY,10,25-07-2011 09:26,2.08,14367.0,United Kingdom
560552,20829,GLITTER HANGING BUTTERFLY STRING,3,19-07-2011 12:54,2.1,15311.0,United Kingdom
538849,22070,SMALL RED RETROSPOT MUG IN BOX ,3,14-12-2010 13:31,3.75,14415.0,United Kingdom
568668,84510A,SET OF 4 ENGLISH ROSE COASTERS,3,28-09-2011 13:00,1.25,15750.0,United Kingdom
569424,22436,12 COLOURED PARTY BALLOONS,10,04-10-2011 10:49,0.65,15529.0,United Kingdom
550916,21231,SWEETHEART CERAMIC TRINKET BOX,24,21-04-2011 13:39,1.25,17718.0,United Kingdom
560115,22425,ENAMEL COLANDER CREAM,1,15-07-2011 10:05,4.95,17841.0,United Kingdom
537472,21802,CHRISTMAS TREE HEART DECORATION,36,07-12-2010 11:11,0.42,12971.0,United Kingdom
559036,23307,SET OF 60 PANTRY DESIGN CAKE CASES ,24,05-07-2011 15:14,0.55,12637.0,France
541485,85152,HAND OVER THE CHOCOLATE   SIGN ,1,18-01-2011 13:05,2.1,18118.0,United Kingdom
575886,21212,PACK OF 72 RETROSPOT CAKE CASES,12,11-11-2011 13:57,0.55,12517.0,Germany
571034,23171,REGENCY TEA PLATE GREEN ,12,13-10-2011 12:47,1.65,12359.0,Cyprus
541424,84971S,SMALL HEART FLOWERS HOOK ,3,17-01-2011 17:57,1.63,,United Kingdom
551982,22327,ROUND SNACK BOXES SET OF 4 SKULLS,3,05-05-2011 13:56,2.95,15023.0,United Kingdom
577485,23583,LUNCH BAG PAISLEY PARK  ,2,20-11-2011 11:56,1.65,16360.0,United Kingdom
559338,22613,PACK OF 20 SPACEBOY NAPKINS,2,07-07-2011 16:30,1.63,,United Kingdom
566559,22988,SOLDIERS EGG CUP ,12,13-09-2011 11:52,1.25,18044.0,United Kingdom
558864,22849,BREAD BIN DINER STYLE MINT,1,04-07-2011 12:38,16.95,,EIRE
C576974,22467,GUMBALL COAT RACK,-1,17-11-2011 11:52,2.55,12474.0,Germany
570818,21559,STRAWBERRY LUNCH BOX WITH CUTLERY,1,12-10-2011 12:47,2.55,17841.0,United Kingdom
570127,22699,ROSES REGENCY TEACUP AND SAUCER ,3,07-10-2011 13:17,2.95,16900.0,United Kingdom
565473,21519,GIN & TONIC DIET GREETING CARD ,12,05-09-2011 10:27,0.42,16717.0,United Kingdom
564838,15036,ASSORTED COLOURS SILK FAN,3,30-08-2011 12:43,1.63,,United Kingdom
566446,22758,LARGE PURPLE BABUSHKA NOTEBOOK  ,1,12-09-2011 15:40,2.46,,United Kingdom
547649,22517,CHILDS GARDEN RAKE PINK,2,24-03-2011 12:02,2.1,18118.0,United Kingdom
569372,84997D,CHILDRENS CUTLERY POLKADOT PINK,1,03-10-2011 16:04,8.29,,United Kingdom
552169,21380,WOODEN HAPPY BIRTHDAY GARLAND,12,06-05-2011 12:44,2.95,17800.0,United Kingdom
537666,22183,CAKE STAND VICTORIAN FILIGREE MED,1,07-12-2010 18:36,5.91,,United Kingdom
556502,22147,FELTCRAFT BUTTERFLY HEARTS,12,13-06-2011 08:43,1.45,13761.0,United Kingdom
566300,21181,PLEASE ONE PERSON METAL SIGN,24,11-09-2011 16:05,2.1,18215.0,United Kingdom
576644,22634,CHILDS BREAKFAST SET SPACEBOY ,1,16-11-2011 10:01,19.96,,United Kingdom
544483,21088,SET/6 FRUIT SALAD PAPER CUPS,24,21-02-2011 10:53,0.65,12524.0,Germany
579471,23045,PAPER LANTERN 5 POINT STAR MOON ,1,29-11-2011 15:08,8.29,,United Kingdom
554278,22913,RED COAT RACK PARIS FASHION,1,23-05-2011 13:25,4.95,13831.0,United Kingdom
564137,22412,METAL SIGN NEIGHBOURHOOD WITCH ,12,23-08-2011 11:30,2.1,15722.0,United Kingdom
546569,23193,BUFFALO BILL TREASURE BOOK BOX,8,15-03-2011 10:53,2.25,14016.0,EIRE
559134,22383,LUNCH BAG SUKI DESIGN ,10,06-07-2011 13:14,1.65,12700.0,France
559923,85131D,BEADED CRYSTAL HEART PINK ON STICK,3,13-07-2011 16:07,0.83,,United Kingdom
554285,20682,RED RETROSPOT CHILDRENS UMBRELLA,1,23-05-2011 14:15,6.63,,United Kingdom
573119,23504,PLAYING CARDS JUBILEE UNION JACK,48,27-10-2011 16:21,1.25,15498.0,United Kingdom
546980,21217,RED RETROSPOT ROUND CAKE TINS,2,18-03-2011 12:18,9.95,13591.0,United Kingdom
558368,82613D,METAL SIGN CUPCAKE SINGLE HOOK,8,28-06-2011 15:36,1.25,14329.0,United Kingdom
576837,23219,LAUREL STAR ANTIQUE SILVER ,1,16-11-2011 15:16,2.46,,United Kingdom
553386,22966,GINGERBREAD MAN COOKIE CUTTER,24,16-05-2011 16:22,1.25,13381.0,United Kingdom
541516,35646,VINTAGE BEAD PINK EVENING BAG,3,18-01-2011 17:34,2.46,,United Kingdom
545399,20725,LUNCH BAG RED RETROSPOT,10,02-03-2011 11:48,1.65,14934.0,Channel Islands
551339,21876,POTTERING MUG,1,27-04-2011 17:18,3.29,,United Kingdom
570841,20725,LUNCH BAG RED RETROSPOT,10,12-10-2011 14:18,1.65,12553.0,France
541225,20679,EDWARDIAN PARASOL RED,2,14-01-2011 14:47,5.95,14099.0,United Kingdom
544098,84879,ASSORTED COLOUR BIRD ORNAMENT,8,16-02-2011 10:04,1.69,16019.0,United Kingdom
559051,47585A,PINK FAIRY CAKE CUSHION COVER,1,05-07-2011 16:47,4.13,,United Kingdom
552467,21669,BLUE STRIPE CERAMIC DRAWER KNOB,12,09-05-2011 15:29,1.25,15249.0,United Kingdom
571476,85034C,3 ROSE MORRIS BOXED CANDLES,2,17-10-2011 14:51,1.25,13546.0,United Kingdom
571797,22424,ENAMEL BREAD BIN CREAM,1,19-10-2011 11:41,24.96,,United Kingdom
537429,21791,VINTAGE HEADS AND TAILS CARD GAME ,2,06-12-2010 15:54,1.25,12748.0,United Kingdom
558461,22382,LUNCH BAG SPACEBOY DESIGN ,3,29-06-2011 15:03,1.65,13263.0,United Kingdom
542894,48187,DOORMAT NEW ENGLAND,2,01-02-2011 13:45,7.95,12775.0,Netherlands
569677,23311,VINTAGE CHRISTMAS STOCKING ,6,05-10-2011 14:14,2.55,15106.0,United Kingdom
581455,23135,SMALL ZINC HEART WALL ORGANISER,18,08-12-2011 18:25,3.32,18102.0,United Kingdom
575947,21557,SET OF 6 FUNKY BEAKERS,1,13-11-2011 11:50,5.63,,United Kingdom
541213,22023,EMPIRE BIRTHDAY CARD,12,14-01-2011 13:28,0.42,15033.0,United Kingdom
561661,22289,HANGING METAL CHICKEN DECORATION,2,28-07-2011 16:21,1.25,12743.0,Unspecified
554098,21592,RETROSPOT CIGAR BOX MATCHES ,5,22-05-2011 13:01,1.25,14769.0,United Kingdom
558475,22210,WOOD STAMP SET BEST WISHES,10,29-06-2011 15:58,0.83,,United Kingdom
539405,22834,HAND WARMER BABUSHKA DESIGN,48,17-12-2010 12:38,0.85,12621.0,Germany
554151,21675,BUTTERFLIES STICKERS,24,23-05-2011 11:07,0.85,14049.0,United Kingdom
553058,21714,CITRONELLA CANDLE GARDEN POT,6,13-05-2011 10:44,1.25,17790.0,United Kingdom
546223,22084,PAPER CHAIN KIT EMPIRE,40,10-03-2011 12:22,2.55,14854.0,United Kingdom
572225,22940,FELTCRAFT CHRISTMAS FAIRY,8,21-10-2011 13:50,4.25,13157.0,United Kingdom
570332,23321,SMALL WHITE HEART OF WICKER,12,10-10-2011 12:18,1.65,18169.0,United Kingdom
555343,22244,3 HOOK HANGER MAGIC GARDEN,3,02-06-2011 11:42,1.95,15918.0,United Kingdom
541435,21232,STRAWBERRY CERAMIC TRINKET BOX,12,18-01-2011 10:28,1.25,13898.0,United Kingdom
544450,20685,DOORMAT RED RETROSPOT,1,20-02-2011 12:23,7.95,17811.0,United Kingdom
537237,85099B,JUMBO BAG RED RETROSPOT,4,06-12-2010 09:58,4.21,,United Kingdom
538832,21524,DOORMAT SPOTTY HOME SWEET HOME,2,14-12-2010 13:03,7.95,17158.0,United Kingdom
539564,21481,FAWN BLUE HOT WATER BOTTLE,36,20-12-2010 11:45,2.55,18092.0,United Kingdom
544454,21205,MULTICOLOUR 3D BALLS GARLAND,4,20-02-2011 13:13,2.55,13301.0,United Kingdom
541104,20971,PINK BLUE FELT CRAFT TRINKET BOX,3,13-01-2011 14:29,2.46,,United Kingdom
568831,23329,DECORATIVE WICKER HEART LARGE,12,29-09-2011 11:35,1.65,16059.0,United Kingdom
C569958,23292,SPACEBOY CHILDRENS CUP,-8,06-10-2011 18:38,1.25,13266.0,United Kingdom
546950,22774,RED DRAWER KNOB ACRYLIC EDWARDIAN,2,18-03-2011 11:24,1.25,16511.0,United Kingdom
580260,84946,ANTIQUE SILVER T-LIGHT GLASS,24,02-12-2011 12:36,1.25,14085.0,United Kingdom
569137,84509a,SET OF 4 ENGLISH ROSE PLACEMATS,1,30-09-2011 14:45,7.46,,United Kingdom
579145,23192,BUNDLE OF 3 ALPHABET EXERCISE BOOKS,1,28-11-2011 13:13,1.65,14597.0,United Kingdom
543813,21038,SET/4 MODERN VINTAGE COTTON NAPKINS,2,13-02-2011 15:02,2.95,16897.0,United Kingdom
553888,47590B,PINK HAPPY BIRTHDAY BUNTING,3,19-05-2011 16:09,5.45,15201.0,United Kingdom
544293,21618,4 WILDFLOWER BOTANICAL CANDLES,1,17-02-2011 12:42,3.75,17954.0,United Kingdom
564650,21668,RED STRIPE CERAMIC DRAWER KNOB,96,26-08-2011 14:17,1.06,14646.0,Netherlands
577774,22952,60 CAKE CASES VINTAGE CHRISTMAS,6,21-11-2011 15:57,0.55,16712.0,United Kingdom
563094,22294,HEART FILIGREE DOVE  SMALL,48,11-08-2011 17:35,1.25,14525.0,United Kingdom
580116,22574,HEART WOODEN CHRISTMAS DECORATION,96,01-12-2011 16:28,0.85,15290.0,United Kingdom
578289,22196,SMALL HEART MEASURING SPOONS,1,23-11-2011 14:07,0.85,17841.0,United Kingdom
567176,84706F,RED PEONY TABLE CLOCK,3,18-09-2011 13:40,2.95,15533.0,United Kingdom
547243,85049C,ROMANTIC PINKS RIBBONS ,2,21-03-2011 16:59,1.25,17231.0,United Kingdom
578833,22891,TEA FOR ONE POLKADOT,1,25-11-2011 15:23,8.29,,United Kingdom
547772,22619,SET OF 6 SOLDIER SKITTLES,1,25-03-2011 11:34,3.75,17979.0,United Kingdom
539196,22112,CHOCOLATE HOT WATER BOTTLE,6,16-12-2010 12:09,4.95,18055.0,United Kingdom
557560,22423,REGENCY CAKESTAND 3 TIER,3,21-06-2011 10:37,12.75,15329.0,United Kingdom
547811,22128,PARTY CONES CANDY ASSORTED,6,25-03-2011 14:01,1.25,17368.0,United Kingdom
541219,22208,WOOD STAMP SET THANK YOU,1,14-01-2011 14:06,1.63,,United Kingdom
578846,23493,VINTAGE DOILY TRAVEL SEWING KIT,8,25-11-2011 17:27,1.95,17757.0,United Kingdom
548664,82484,WOOD BLACK BOARD ANT WHITE FINISH,2,01-04-2011 14:45,7.9,14911.0,EIRE
579196,16258A,SWIRLY CIRCULAR RUBBERS IN BAG,3,28-11-2011 15:54,0.83,14096.0,United Kingdom
543345,85066,CREAM SWEETHEART MINI CHEST,1,07-02-2011 12:29,24.96,,United Kingdom
565431,22577,WOODEN HEART CHRISTMAS SCANDINAVIAN,6,04-09-2011 13:15,0.85,14965.0,United Kingdom
575206,79321,CHILLI LIGHTS,24,09-11-2011 10:26,4.95,14298.0,United Kingdom
570249,20970,PINK FLORAL FELTCRAFT SHOULDER BAG,4,10-10-2011 08:58,3.75,17509.0,United Kingdom
566451,79321,CHILLI LIGHTS,6,12-09-2011 16:14,5.75,18069.0,United Kingdom
557315,72800C,4 PINK DINNER CANDLE SILVER FLOCK,2,19-06-2011 16:02,2.55,15535.0,United Kingdom
550515,21385,IVORY HANGING DECORATION  HEART,2,18-04-2011 17:29,0.85,14502.0,United Kingdom
537238,47567B,TEA TIME KITCHEN APRON,2,06-12-2010 10:03,5.95,16161.0,United Kingdom
562538,21524,DOORMAT SPOTTY HOME SWEET HOME,10,05-08-2011 15:07,6.75,15505.0,United Kingdom
538566,21210,SET OF 72 RETROSPOT PAPER  DOILIES,1,13-12-2010 11:21,2.98,,United Kingdom
552256,21781,MA CAMPAGNE CUTLERY BOX,1,08-05-2011 10:43,14.95,16621.0,United Kingdom
562024,22998,TRAVEL CARD WALLET KEEP CALM,1,01-08-2011 16:07,0.83,,United Kingdom
557745,23300,GARDENERS KNEELING PAD CUP OF TEA ,2,22-06-2011 12:16,1.65,15750.0,United Kingdom
575487,22952,60 CAKE CASES VINTAGE CHRISTMAS,24,09-11-2011 17:11,0.55,15450.0,United Kingdom
562725,22219,LOVEBIRD HANGING DECORATION WHITE ,12,09-08-2011 09:04,0.85,17302.0,United Kingdom
545653,20665,RED RETROSPOT PURSE ,3,04-03-2011 13:39,2.95,15311.0,United Kingdom
536592,22195,LARGE HEART MEASURING SPOONS,4,01-12-2010 17:06,3.36,,United Kingdom
547945,21456,2 PICTURE BOOK EGGS EASTER CHICKS,12,28-03-2011 14:59,1.25,14851.0,United Kingdom
541489,20685,DOORMAT RED RETROSPOT,1,18-01-2011 13:38,7.95,15023.0,United Kingdom
575269,22116,METAL SIGN HIS DINNER IS SERVED,12,09-11-2011 12:08,0.79,17865.0,United Kingdom
574074,23530,WALL ART ONLY ONE PERSON ,3,02-11-2011 15:33,10.79,,United Kingdom
541999,90214E,"LETTER ""E"" BLING KEY RING",4,25-01-2011 10:45,0.83,,United Kingdom
577033,22659,LUNCH BOX I LOVE LONDON,1,17-11-2011 13:16,1.95,17797.0,United Kingdom
540509,22046,TEA PARTY  WRAPPING PAPER ,25,09-01-2011 11:27,0.42,14800.0,United Kingdom
574074,23565,EGG CUP MILKMAID HELGA ,1,02-11-2011 15:33,2.46,,United Kingdom
540395,22722,SET OF 6 SPICE TINS PANTRY DESIGN,4,06-01-2011 18:24,3.95,14702.0,United Kingdom
575067,22417,PACK OF 60 SPACEBOY CAKE CASES,24,08-11-2011 12:45,0.55,12583.0,France
549128,22728,ALARM CLOCK BAKELIKE PINK,1,06-04-2011 14:25,3.75,16713.0,United Kingdom
577311,21479,WHITE SKULL HOT WATER BOTTLE ,6,18-11-2011 13:16,4.25,18225.0,United Kingdom
561218,20724,RED RETROSPOT CHARLOTTE BAG,2,25-07-2011 17:11,1.63,,United Kingdom
543162,21171,BATHROOM METAL SIGN ,6,03-02-2011 18:08,1.45,17507.0,United Kingdom
574047,22492,MINI PAINT SET VINTAGE ,36,02-11-2011 13:26,0.65,13318.0,United Kingdom
572194,85071A,BLUE CHARLIE+LOLA PERSONAL DOORSIGN,2,21-10-2011 11:43,0.39,17832.0,United Kingdom
576329,21914,BLUE HARMONICA IN BOX ,3,14-11-2011 15:22,2.46,,United Kingdom
565766,22090,PAPER BUNTING RETROSPOT,12,06-09-2011 14:23,2.95,17841.0,United Kingdom
560580,22569,FELTCRAFT CUSHION BUTTERFLY,24,19-07-2011 15:23,3.39,14088.0,United Kingdom
548492,22726,ALARM CLOCK BAKELIKE GREEN,2,31-03-2011 13:14,3.75,17841.0,United Kingdom
577358,21811,HANGING HEART WITH BELL,4,18-11-2011 15:59,0.83,,United Kingdom
578347,22741,FUNKY DIVA PEN,1,24-11-2011 09:26,1.63,,United Kingdom
544466,22479,DAISY GARDEN MARKER,10,20-02-2011 15:43,1.25,14606.0,United Kingdom
580610,22734,SET OF 6 RIBBONS VINTAGE CHRISTMAS,4,05-12-2011 11:48,5.79,,United Kingdom
551775,22926,IVORY GIANT GARDEN THERMOMETER,2,04-05-2011 11:21,5.95,12886.0,United Kingdom
556910,10133,COLOURING PENCILS BROWN TUBE,10,15-06-2011 13:25,0.42,12748.0,United Kingdom
580115,22580,ADVENT CALENDAR GINGHAM SACK,18,01-12-2011 16:22,4.13,,United Kingdom
540154,22133,PINK LOVE HEART SHAPE CUP,2,05-01-2011 11:30,1.66,,United Kingdom
560444,22128,PARTY CONES CANDY ASSORTED,6,18-07-2011 17:15,1.25,13764.0,United Kingdom
567095,15056BL,EDWARDIAN PARASOL BLACK,3,16-09-2011 13:03,5.95,17049.0,United Kingdom
558477,84597C,,-1,29-06-2011 16:04,0.0,,United Kingdom
559538,23238,SET OF 4 KNICK KNACK TINS LONDON ,4,10-07-2011 12:25,4.15,16880.0,United Kingdom
554948,22745,POPPY'S PLAYHOUSE BEDROOM ,6,27-05-2011 14:29,2.1,14447.0,United Kingdom
546385,48185,DOORMAT FAIRY CAKE,10,11-03-2011 13:13,6.75,16652.0,United Kingdom
546988,22722,SET OF 6 SPICE TINS PANTRY DESIGN,4,18-03-2011 12:57,3.95,14194.0,United Kingdom
551998,21181,PLEASE ONE PERSON METAL SIGN,12,05-05-2011 15:48,2.1,14099.0,United Kingdom
571286,21744,SNOWFLAKE PORTABLE TABLE LIGHT ,3,16-10-2011 14:35,2.95,14547.0,United Kingdom
577358,22027,TEA PARTY BIRTHDAY CARD,1,18-11-2011 15:59,0.83,,United Kingdom
545049,84971S,SMALL HEART FLOWERS HOOK ,13,27-02-2011 11:53,0.85,15046.0,United Kingdom
544064,22442,GROW YOUR OWN FLOWERS SET OF 3,1,15-02-2011 13:50,7.95,17114.0,United Kingdom
553002,84596G,SMALL CHOCOLATES PINK BOWL,3,12-05-2011 15:26,0.42,13263.0,United Kingdom
561068,21519,GIN & TONIC DIET GREETING CARD ,12,24-07-2011 14:33,0.42,13116.0,United Kingdom
563093,21880,RED RETROSPOT TAPE,4,11-08-2011 17:28,0.42,,United Kingdom
575607,22922,FRIDGE MAGNETS US DINER ASSORTED,6,10-11-2011 12:37,1.8,14096.0,United Kingdom
557112,22199,FRYING PAN RED RETROSPOT,1,16-06-2011 16:31,8.29,,United Kingdom
540648,22534,MAGIC DRAWING SLATE SPACEBOY ,48,10-01-2011 14:58,0.36,15061.0,United Kingdom
568529,84978,HANGING HEART JAR T-LIGHT HOLDER,12,27-09-2011 13:38,1.25,16181.0,United Kingdom
579777,15036,ASSORTED COLOURS SILK FAN,2,30-11-2011 15:13,1.63,,United Kingdom
562273,22423,REGENCY CAKESTAND 3 TIER,7,04-08-2011 09:55,12.75,12502.0,Spain
548714,47593B,SCOTTIE DOGS BABY BIB,2,03-04-2011 15:07,0.39,17337.0,United Kingdom
567671,22195,LARGE HEART MEASURING SPOONS,1,21-09-2011 15:34,3.29,,United Kingdom
578858,23343,JUMBO BAG VINTAGE CHRISTMAS ,8,27-11-2011 11:22,2.08,18145.0,United Kingdom
C554303,M,Manual,-1,23-05-2011 14:52,15.0,12757.0,Portugal
550496,23204,CHARLOTTE BAG APPLES DESIGN,2,18-04-2011 15:05,1.63,,United Kingdom
575487,21616,4 PEAR BOTANICAL DINNER CANDLES,12,09-11-2011 17:11,1.25,15450.0,United Kingdom
578149,82001s,SILVER RECORD COVER FRAME,11,23-11-2011 11:11,7.46,,United Kingdom
578104,22942,CHRISTMAS LIGHTS 10 SANTAS ,2,23-11-2011 08:43,8.5,13969.0,United Kingdom
538177,22536,MAGIC DRAWING SLATE PURDEY,1,10-12-2010 09:51,0.85,,United Kingdom
566913,22151,PLACE SETTING WHITE HEART,24,15-09-2011 14:07,0.42,17602.0,United Kingdom
553703,22179,SET 10 NIGHT OWL LIGHTS,2,18-05-2011 14:57,6.75,13192.0,United Kingdom
550325,46000R,POLYESTER FILLER PAD 45x30cm,4,17-04-2011 13:04,1.45,15745.0,United Kingdom
547649,22650,CERAMIC PIRATE CHEST MONEY BANK,4,24-03-2011 12:02,1.45,18118.0,United Kingdom
566649,21174,POTTERING IN THE SHED METAL SIGN,24,14-09-2011 11:26,2.08,18173.0,United Kingdom
580160,22555,PLASTERS IN TIN STRONGMAN,24,02-12-2011 10:47,1.65,12700.0,France
561026,20711,JUMBO BAG TOYS ,1,24-07-2011 10:49,2.08,17265.0,United Kingdom
539639,22970,LONDON BUS COFFEE MUG,2,20-12-2010 15:26,2.55,14083.0,United Kingdom
559862,21212,PACK OF 72 RETROSPOT CAKE CASES,24,13-07-2011 10:30,0.55,12782.0,Portugal
567186,22150,3 STRIPEY MICE FELTCRAFT,5,18-09-2011 16:04,1.95,17073.0,United Kingdom
568716,23434,3 RAFFIA RIBBONS 50'S CHRISTMAS ,3,28-09-2011 16:13,0.83,,United Kingdom
558198,22906,12 MESSAGE CARDS WITH ENVELOPES,1,27-06-2011 12:49,1.65,14104.0,United Kingdom
556108,84212,"ASSORTED FLOWER COLOUR ""LEIS""",1,08-06-2011 17:59,4.96,,United Kingdom
576933,22099,CARAVAN SQUARE TISSUE BOX,1,17-11-2011 11:29,0.39,15529.0,United Kingdom
575875,17012F,ORIGAMI SANDLEWOOD INCENSE/CAND SET,1,11-11-2011 13:06,2.46,,United Kingdom
546032,21916,SET 12 RETRO WHITE CHALK STICKS,24,09-03-2011 09:11,0.42,13267.0,United Kingdom
575694,22604,SET OF 4 NAPKIN CHARMS CUTLERY,5,10-11-2011 16:38,2.55,12748.0,United Kingdom
561907,22543,MINI JIGSAW BAKE A CAKE ,24,01-08-2011 10:08,0.42,14060.0,United Kingdom
550774,21874,GIN AND TONIC MUG,12,20-04-2011 13:18,1.25,14626.0,United Kingdom
556090,21700,BIG DOUGHNUT FRIDGE MAGNETS,1,08-06-2011 15:25,8.29,,United Kingdom
560433,84687,BEACH HUT SHELF W 3 DRAWERS,1,18-07-2011 15:49,11.63,,United Kingdom
559802,21035,SET/2 RED RETROSPOT TEA TOWELS ,1,12-07-2011 13:48,6.25,,United Kingdom
544826,22189,CREAM HEART CARD HOLDER,1,24-02-2011 09:36,3.95,14513.0,United Kingdom
580511,22725,ALARM CLOCK BAKELIKE CHOCOLATE,8,04-12-2011 13:54,3.75,12560.0,Germany
567482,23323,WHITE WICKER STAR ,2,20-09-2011 13:42,2.1,16464.0,United Kingdom
573379,22079,RIBBON REEL HEARTS DESIGN ,10,30-10-2011 14:03,1.65,15680.0,United Kingdom
539314,22831,WHITE BROCANTE SOAP DISH,6,16-12-2010 18:20,2.95,13874.0,United Kingdom
561651,90134,OLD ROSE COMBO BEAD NECKLACE,1,28-07-2011 15:36,2.9,,United Kingdom
548529,23194,GYMKHANA TREASURE BOOK BOX,8,31-03-2011 16:56,2.25,18223.0,United Kingdom
545216,23002,TRAVEL CARD WALLET SKULLS,2,28-02-2011 16:50,0.83,,United Kingdom
561923,23204,CHARLOTTE BAG APPLES DESIGN,10,01-08-2011 12:16,0.85,14112.0,United Kingdom
568196,23511,EMBROIDERED RIBBON REEL EMILY ,6,25-09-2011 14:44,2.08,16705.0,United Kingdom
552460,22411,JUMBO SHOPPER VINTAGE RED PAISLEY,10,09-05-2011 14:44,2.08,13178.0,United Kingdom
571716,23171,REGENCY TEA PLATE GREEN ,1,18-10-2011 17:05,3.29,,United Kingdom
581219,21378,SMALL TALL CAMPHOR WOOD TOADSTOOL,1,08-12-2011 09:28,3.29,,United Kingdom
550480,21244,BLUE POLKADOT PLATE ,4,18-04-2011 14:05,1.69,13069.0,United Kingdom
561570,23144,ZINC T-LIGHT HOLDER STARS SMALL,12,28-07-2011 10:24,0.83,14289.0,United Kingdom
565863,22569,FELTCRAFT CUSHION BUTTERFLY,4,07-09-2011 15:00,3.75,17422.0,United Kingdom
564473,23206,LUNCH BAG APPLE DESIGN,20,25-08-2011 12:33,1.65,16722.0,United Kingdom
543533,22144,CHRISTMAS CRAFT LITTLE FRIENDS,2,09-02-2011 13:00,4.13,,United Kingdom
561900,22666,RECIPE BOX PANTRY YELLOW DESIGN,1,31-07-2011 15:31,2.95,16655.0,United Kingdom
568343,84947,ANTIQUE SILVER TEA GLASS ENGRAVED,72,26-09-2011 15:13,1.06,16839.0,United Kingdom
559042,22357,KINGS CHOICE BISCUIT TIN,1,05-07-2011 15:34,8.29,,United Kingdom
547063,23180,MUM'S KITCHEN CLOCK,4,20-03-2011 13:33,4.95,14769.0,United Kingdom
572758,21090,SET/6 COLLAGE PAPER PLATES,4,25-10-2011 18:39,0.83,,United Kingdom
578827,22732,3D VINTAGE CHRISTMAS STICKERS ,1,25-11-2011 14:25,2.46,,United Kingdom
545191,21932,SCANDINAVIAN PAISLEY PICNIC BAG,5,28-02-2011 15:39,2.95,12811.0,Portugal
558475,84249A,"GREETING CARD,SQUARE, DOUGHNUTS",1,29-06-2011 15:58,0.83,,United Kingdom
568651,22326,ROUND SNACK BOXES SET OF4 WOODLAND ,6,28-09-2011 12:04,2.95,12362.0,Belgium
580527,20705,MRS ROBOT SOFT TOY,1,04-12-2011 15:19,1.95,13736.0,United Kingdom
554151,22149,FELTCRAFT 6 FLOWER FRIENDS,3,23-05-2011 11:07,2.1,14049.0,United Kingdom
571474,23328,SET 6 SCHOOL MILK BOTTLES IN CRATE,4,17-10-2011 14:41,3.75,16389.0,United Kingdom
575739,21756,BATH BUILDING BLOCK WORD,1,11-11-2011 09:05,11.63,,United Kingdom
578844,22114,HOT WATER BOTTLE TEA AND SYMPATHY,2,25-11-2011 16:14,8.29,,United Kingdom
561882,23193,BUFFALO BILL TREASURE BOOK BOX,8,31-07-2011 12:52,2.25,13388.0,United Kingdom
536412,22569,FELTCRAFT CUSHION BUTTERFLY,2,01-12-2010 11:49,3.75,17920.0,United Kingdom
550193,84536B,FAIRY CAKES NOTEBOOK A7 SIZE,16,15-04-2011 09:27,0.42,13952.0,United Kingdom
570245,22111,SCOTTIE DOG HOT WATER BOTTLE,2,09-10-2011 16:11,4.95,14415.0,United Kingdom
559109,82484,WOOD BLACK BOARD ANT WHITE FINISH,2,06-07-2011 11:52,7.95,15021.0,United Kingdom
576086,23303,SET 4 PICNIC CUTLERY FONDANT,5,14-11-2011 08:29,1.95,15365.0,United Kingdom
567981,21239,PINK  POLKADOT CUP,4,23-09-2011 11:22,1.63,,United Kingdom
576689,22751,FELTCRAFT PRINCESS OLIVIA DOLL,1,16-11-2011 12:18,3.75,16657.0,United Kingdom
539451,48138,DOORMAT UNION FLAG,1,17-12-2010 16:59,14.43,,United Kingdom
550183,22630,DOLLY GIRL LUNCH BOX,12,14-04-2011 17:58,1.95,14105.0,United Kingdom
580405,20750,RED RETROSPOT MINI CASES,2,04-12-2011 12:02,7.95,14720.0,United Kingdom
540026,22161,HEART DECORATION RUSTIC HANGING ,17,04-01-2011 13:25,0.81,,United Kingdom
C560409,23233,WRAP POPPIES  DESIGN,-25,18-07-2011 14:24,0.42,16717.0,United Kingdom
C543755,22743,MAKE YOUR OWN FLOWERPOWER CARD KIT,-6,11-02-2011 14:48,2.95,14304.0,United Kingdom
572103,22916,HERB MARKER THYME,1,20-10-2011 15:57,0.65,17571.0,United Kingdom
568671,23177,TREASURE ISLAND BOOK BOX,8,28-09-2011 13:13,2.25,13139.0,United Kingdom
544812,48194,DOORMAT HEARTS,1,23-02-2011 15:58,14.13,,United Kingdom
570288,21915,RED  HARMONICA IN BOX ,2,10-10-2011 11:47,1.25,16960.0,United Kingdom
C548460,22960,JAM MAKING SET WITH JARS,-6,31-03-2011 11:58,4.25,16801.0,United Kingdom
574445,85152,HAND OVER THE CHOCOLATE   SIGN ,48,04-11-2011 11:41,1.85,15722.0,United Kingdom
550205,22697,GREEN REGENCY TEACUP AND SAUCER,2,15-04-2011 10:37,5.79,,United Kingdom
561209,21192,WHITE BELL HONEYCOMB PAPER ,9,25-07-2011 16:57,3.29,,United Kingdom
543802,85123A,WHITE HANGING HEART T-LIGHT HOLDER,4,13-02-2011 12:03,2.95,13742.0,United Kingdom
568898,21915,RED  HARMONICA IN BOX ,12,29-09-2011 13:17,1.25,13354.0,United Kingdom
554465,23298,SPOTTY BUNTING,3,24-05-2011 12:36,4.95,13534.0,United Kingdom
563565,22440,BALLOON WATER BOMB PACK OF 35,6,17-08-2011 14:22,0.42,17338.0,United Kingdom
537434,21012,ANTIQUE ALL GLASS CANDLESTICK,7,06-12-2010 16:57,2.51,,United Kingdom
548732,22755,SMALL PURPLE BABUSHKA NOTEBOOK ,12,04-04-2011 10:16,0.85,16142.0,United Kingdom
554652,37476,CONDIMENT TRAY 4 BOWLS AND 4 SPOONS,1,25-05-2011 12:56,9.95,,United Kingdom
C578097,23358,HOT STUFF HOT WATER BOTTLE,-36,22-11-2011 17:31,3.29,,United Kingdom
552282,22996,TRAVEL CARD WALLET VINTAGE TICKET,5,08-05-2011 12:44,0.42,14040.0,United Kingdom
578794,20766,GARDEN PATH SKETCHBOOK,3,25-11-2011 12:24,3.75,17232.0,United Kingdom
555542,21677,HEARTS  STICKERS,12,05-06-2011 12:51,0.85,15108.0,European Community
552514,21888,BINGO SET,1,09-05-2011 16:30,7.46,,United Kingdom
574661,21485,RETROSPOT HEART HOT WATER BOTTLE,3,06-11-2011 11:56,4.95,13447.0,United Kingdom
547069,21078,SET/20 STRAWBERRY PAPER NAPKINS ,2,20-03-2011 13:52,0.85,16710.0,United Kingdom
575753,22720,SET OF 3 CAKE TINS PANTRY DESIGN ,1,11-11-2011 10:41,4.95,17841.0,United Kingdom
563565,22971,QUEENS GUARD COFFEE MUG,6,17-08-2011 14:22,2.55,17338.0,United Kingdom
570183,21535,RED RETROSPOT SMALL MILK JUG,6,07-10-2011 14:43,2.55,15208.0,United Kingdom
540769,21135,VICTORIAN  METAL POSTCARD SPRING,8,11-01-2011 10:38,1.69,12601.0,Germany
569849,23274,STAR T-LIGHT HOLDER WILLIE WINKIE,12,06-10-2011 13:49,1.65,15264.0,United Kingdom
569000,22417,PACK OF 60 SPACEBOY CAKE CASES,24,29-09-2011 17:36,0.55,17015.0,United Kingdom
572509,21930,JUMBO STORAGE BAG SKULLS,10,24-10-2011 14:25,2.08,17004.0,United Kingdom
536876,21931,JUMBO STORAGE BAG SUKI,2,03-12-2010 11:36,4.21,,United Kingdom
559338,21328,BALLOONS  WRITING SET ,4,07-07-2011 16:30,0.83,,United Kingdom
557250,22917,HERB MARKER ROSEMARY,1,17-06-2011 15:59,0.65,12748.0,United Kingdom
580117,22632,HAND WARMER RED RETROSPOT,12,01-12-2011 16:28,2.1,14655.0,United Kingdom
539434,72598,SET/12 TAPER CANDLES,1,17-12-2010 14:41,1.66,,United Kingdom
563228,23315,IVORY REFECTORY CLOCK,1,14-08-2011 15:34,9.95,17988.0,United Kingdom
559521,22367,CHILDRENS APRON SPACEBOY DESIGN,6,08-07-2011 16:26,1.95,,Unspecified
560552,82486,WOOD S/3 CABINET ANT WHITE FINISH,1,19-07-2011 12:54,8.95,15311.0,United Kingdom
541004,85123A,WHITE HANGING HEART T-LIGHT HOLDER,6,13-01-2011 10:35,2.95,18190.0,United Kingdom
541253,22212,FOUR HOOK  WHITE LOVEBIRDS,1,16-01-2011 13:51,2.1,17841.0,United Kingdom
551560,23162,REGENCY TEA STRAINER,48,03-05-2011 10:43,3.29,16133.0,United Kingdom
564740,22995,TRAVEL CARD WALLET SUKI,3,28-08-2011 14:39,0.42,14044.0,United Kingdom
554075,21787,RAIN PONCHO RETROSPOT,24,22-05-2011 11:29,0.85,16038.0,United Kingdom
555162,82484,WOOD BLACK BOARD ANT WHITE FINISH,2,01-06-2011 10:15,7.95,12473.0,Germany
580005,22626,BLACK KITCHEN SCALES,1,01-12-2011 11:38,8.5,16376.0,United Kingdom
545512,21623,VINTAGE UNION JACK MEMOBOARD,6,03-03-2011 12:00,8.5,17389.0,United Kingdom
547730,22222,CAKE PLATE LOVEBIRD WHITE,1,25-03-2011 11:01,4.95,14796.0,United Kingdom
577740,21947,SET OF 6 HEART CHOPSTICKS,1,21-11-2011 13:36,1.25,17625.0,United Kingdom
551400,23204,CHARLOTTE BAG APPLES DESIGN,20,28-04-2011 13:18,0.85,17160.0,United Kingdom
545082,85035A,GARDENIA 3 WICK MORRIS BOXED CANDLE,4,28-02-2011 10:37,4.25,16992.0,United Kingdom
572079,23418,LAVENDER TOILETTE BOTTLE,12,20-10-2011 14:11,2.08,14484.0,United Kingdom
566275,22596,CHRISTMAS STAR WISH LIST CHALKBOARD,12,11-09-2011 13:58,1.25,16549.0,United Kingdom
571282,22670,FRENCH WC SIGN BLUE METAL,1,16-10-2011 13:24,1.25,15545.0,United Kingdom
542662,21790,VINTAGE SNAP CARDS,12,31-01-2011 12:10,0.85,18145.0,United Kingdom
552508,22035,VINTAGE CARAVAN GREETING CARD ,1,09-05-2011 16:27,0.83,,United Kingdom
576558,23571,TRADITIONAL NAUGHTS & CROSSES,144,15-11-2011 13:07,1.45,17086.0,United Kingdom
539708,90183A,AMBER DROP EARRINGS W LONG BEADS,1,21-12-2010 12:18,2.96,,United Kingdom
566620,22273,FELTCRAFT DOLL MOLLY,6,14-09-2011 09:21,2.95,13588.0,United Kingdom
571442,23247,BISCUIT TIN 50'S CHRISTMAS,4,17-10-2011 13:39,2.89,17049.0,United Kingdom
557771,21672,WHITE SPOT RED CERAMIC DRAWER KNOB,12,22-06-2011 14:43,1.25,15601.0,United Kingdom
547068,22386,JUMBO BAG PINK POLKADOT,10,20-03-2011 13:48,1.95,13985.0,United Kingdom
576615,21822,GLITTER CHRISTMAS TREE WITH BELLS,5,15-11-2011 16:42,0.79,17231.0,United Kingdom
537646,21868,POTTING SHED TEA MUG,2,07-12-2010 15:39,1.25,17591.0,United Kingdom
552823,22147,FELTCRAFT BUTTERFLY HEARTS,4,11-05-2011 13:06,1.45,14731.0,United Kingdom
567699,23033,DRAWER KNOB CERAMIC RED,6,22-09-2011 09:16,1.45,17466.0,United Kingdom
572652,22152,PLACE SETTING WHITE STAR,24,25-10-2011 12:11,0.42,15805.0,United Kingdom
560209,23023,RIDGED BONNE JAM JAR T-LIGHT HOLDER,1,15-07-2011 14:05,1.65,15004.0,United Kingdom
542115,22509,SEWING BOX RETROSPOT DESIGN ,1,25-01-2011 14:01,33.33,,United Kingdom
568567,22686,FRENCH BLUE METAL DOOR SIGN No,2,27-09-2011 18:41,2.46,,United Kingdom
569374,21212,PACK OF 72 RETROSPOT CAKE CASES,1,03-10-2011 16:14,1.25,,United Kingdom
580727,71477,COLOURED GLASS STAR T-LIGHT HOLDER,8,05-12-2011 17:17,6.63,14096.0,United Kingdom
555400,22057,CERAMIC PLATE STRAWBERRY DESIGN,21,02-06-2011 17:50,1.25,14088.0,United Kingdom
569202,23413,VINTAGE COFFEE GRINDER BOX,1,30-09-2011 17:22,10.79,,United Kingdom
541999,22386,JUMBO BAG PINK POLKADOT,1,25-01-2011 10:45,4.13,,United Kingdom
566717,23006,TRAVEL CARD WALLET FLOWER MEADOW,1,14-09-2011 12:14,0.42,17841.0,United Kingdom
563714,21154,RED RETROSPOT OVEN GLOVE ,10,18-08-2011 15:51,1.25,14565.0,United Kingdom
575138,84509c,SET OF 4 POLKADOT PLACEMATS ,1,08-11-2011 15:24,7.46,,United Kingdom
540157,21380,WOODEN HAPPY BIRTHDAY GARLAND,1,05-01-2011 11:41,2.95,15311.0,United Kingdom
562258,84968D,SET OF 16 VINTAGE RED CUTLERY,1,03-08-2011 15:28,12.75,16348.0,United Kingdom
577085,35961,FOLKART ZINC HEART CHRISTMAS DEC,12,17-11-2011 15:47,0.85,12997.0,United Kingdom
575612,22356,CHARLOTTE BAG PINK POLKADOT,10,10-11-2011 12:47,0.85,17416.0,United Kingdom
539314,22379,RECYCLING BAG RETROSPOT ,5,16-12-2010 18:20,2.1,13874.0,United Kingdom
572352,21616,4 PEAR BOTANICAL DINNER CANDLES,6,24-10-2011 11:39,1.25,16814.0,United Kingdom
572241,15056BL,EDWARDIAN PARASOL BLACK,6,21-10-2011 15:20,5.95,12712.0,Germany
572669,22636,CHILDS BREAKFAST SET CIRCUS PARADE,1,25-10-2011 13:10,8.5,16549.0,United Kingdom
569921,23397,FOOT STOOL HOME SWEET HOME ,2,06-10-2011 17:28,9.95,12523.0,France
540163,84050,PINK HEART SHAPE EGG FRYING PAN,24,05-01-2011 11:52,1.65,13089.0,United Kingdom
540258,20914,SET/5 RED RETROSPOT LID GLASS BOWLS,96,06-01-2011 08:52,2.55,14045.0,United Kingdom
544412,22332,SKULLS PARTY BAG + STICKER SET,8,18-02-2011 14:21,1.65,16531.0,United Kingdom
542728,20728,LUNCH BAG CARS BLUE,20,31-01-2011 15:11,1.65,14006.0,United Kingdom
562780,23344,JUMBO BAG 50'S CHRISTMAS ,6,09-08-2011 13:03,2.08,14901.0,United Kingdom
545227,22489,PACK OF 12 TRADITIONAL CRAYONS,24,01-03-2011 09:35,0.42,12428.0,Finland
565919,22993,SET OF 4 PANTRY JELLY MOULDS,1,07-09-2011 16:48,2.46,,United Kingdom
552972,22848,BREAD BIN DINER STYLE PINK,1,12-05-2011 13:43,16.95,16043.0,United Kingdom
560790,15056N,EDWARDIAN PARASOL NATURAL,60,21-07-2011 10:29,4.95,14051.0,United Kingdom
C559705,20725,LUNCH BAG RED RETROSPOT,-1,12-07-2011 09:58,1.65,15719.0,United Kingdom
560024,37448,CERAMIC CAKE DESIGN SPOTTED MUG,2,14-07-2011 13:00,1.49,15005.0,United Kingdom
559163,21625,VINTAGE UNION JACK APRON,1,06-07-2011 16:33,4.13,,United Kingdom
555092,22149,FELTCRAFT 6 FLOWER FRIENDS,3,31-05-2011 13:08,2.1,16483.0,United Kingdom
578084,22329,ROUND CONTAINER SET OF 5 RETROSPOT,12,22-11-2011 16:34,1.65,12465.0,Belgium
571564,21484,CHICK GREY HOT WATER BOTTLE,4,18-10-2011 10:16,4.25,16019.0,United Kingdom
577844,22112,CHOCOLATE HOT WATER BOTTLE,11,22-11-2011 10:41,12.46,,United Kingdom
540992,84947,ANTIQUE SILVER TEA GLASS ENGRAVED,6,12-01-2011 16:57,1.25,17364.0,United Kingdom
573585,22169,FAMILY ALBUM WHITE PICTURE FRAME,6,31-10-2011 14:41,16.63,,United Kingdom
564484,48194,DOORMAT HEARTS,1,25-08-2011 13:46,7.95,13634.0,United Kingdom
542192,22966,GINGERBREAD MAN COOKIE CUTTER,6,26-01-2011 11:27,1.25,14049.0,United Kingdom
580305,22985,WRAP BILLBOARD FONTS DESIGN,25,02-12-2011 14:26,0.42,12970.0,United Kingdom
567981,84029E,RED WOOLLY HOTTIE WHITE HEART.,7,23-09-2011 11:22,7.46,,United Kingdom
549965,21892,TRADITIONAL WOODEN CATCH CUP GAME ,60,13-04-2011 14:17,1.25,16966.0,United Kingdom
569524,85054,FRENCH ENAMEL POT W LID,1,04-10-2011 14:42,2.95,14506.0,United Kingdom
551810,22381,TOY TIDY PINK POLKADOT,3,04-05-2011 11:32,2.1,15719.0,United Kingdom
558240,51014C,"FEATHER PEN,COAL BLACK",1,27-06-2011 15:27,0.83,,United Kingdom
560018,22328,ROUND SNACK BOXES SET OF 4 FRUITS ,1,14-07-2011 12:52,2.95,15987.0,United Kingdom
575908,22553,PLASTERS IN TIN SKULLS,12,11-11-2011 15:54,1.65,13091.0,United Kingdom
581134,23561,SET OF 6 RIBBONS PARTY,2,07-12-2011 13:12,2.89,16368.0,United Kingdom
569680,23171,REGENCY TEA PLATE GREEN ,12,05-10-2011 14:28,1.65,16803.0,United Kingdom
537393,22835,HOT WATER BOTTLE I AM SO POORLY,24,06-12-2010 13:59,4.25,13089.0,United Kingdom
541669,22558,CLOTHES PEGS RETROSPOT PACK 24 ,4,20-01-2011 12:29,1.49,17315.0,United Kingdom
577078,22024,RAINY LADIES BIRTHDAY CARD,1,17-11-2011 15:17,0.83,,United Kingdom
540255,84347,ROTATING SILVER ANGELS T-LIGHT HLDR,2,05-01-2011 16:50,5.06,,United Kingdom
549125,20666,ECONOMY HOLIDAY PURSE,1,06-04-2011 14:13,2.95,14964.0,United Kingdom
539492,22736,RIBBON REEL MAKING SNOWMEN ,1,20-12-2010 10:14,3.36,,United Kingdom
539294,21110,LARGE CAKE TOWEL PINK SPOTS,1,16-12-2010 16:45,6.75,15532.0,United Kingdom
541592,85131D,BEADED CRYSTAL HEART PINK ON STICK,5,19-01-2011 15:08,0.83,,United Kingdom
549614,22892,SET OF SALT AND PEPPER TOADSTOOLS,12,11-04-2011 11:38,1.25,12720.0,Germany
566076,22627,MINT KITCHEN SCALES,4,09-09-2011 09:13,8.5,12449.0,Belgium
553754,37495,FAIRY CAKE BIRTHDAY CANDLE SET,4,19-05-2011 10:25,3.75,16175.0,United Kingdom
563916,20668,DISCO BALL CHRISTMAS DECORATION,96,21-08-2011 13:43,0.12,13435.0,United Kingdom
570458,71510,SQUARE METAL CANDLEHOLDER BASE,6,10-10-2011 15:39,0.85,14535.0,United Kingdom
556112,21670,BLUE SPOT CERAMIC DRAWER KNOB,12,09-06-2011 09:28,1.25,13265.0,United Kingdom
561288,23287,RED VINTAGE SPOT BEAKER,8,26-07-2011 12:26,0.85,13379.0,United Kingdom
C570099,22377,BOTTLE BAG RETROSPOT ,-1,07-10-2011 12:11,1.65,13798.0,United Kingdom
580105,23245,SET OF 3 REGENCY CAKE TINS,4,01-12-2011 15:24,4.95,17675.0,United Kingdom
572331,23505,PLAYING CARDS I LOVE LONDON ,12,24-10-2011 10:18,1.25,16491.0,United Kingdom
564061,85123A,WHITE HANGING HEART T-LIGHT HOLDER,4,22-08-2011 14:38,2.95,14505.0,United Kingdom
552671,21116,OWL DOORSTOP,1,10-05-2011 15:06,8.29,,United Kingdom
573333,23473,WOODLAND SMALL RED FELT HEART,12,30-10-2011 11:34,0.83,12483.0,Sweden
556954,22915,ASSORTED BOTTLE TOP  MAGNETS ,12,16-06-2011 08:38,0.42,15585.0,United Kingdom
561282,21868,,13,26-07-2011 12:24,0.0,,United Kingdom
540172,22149,FELTCRAFT 6 FLOWER FRIENDS,2,05-01-2011 12:29,2.1,18109.0,United Kingdom
571653,22944,CHRISTMAS METAL POSTCARD WITH BELLS,72,18-10-2011 12:17,0.39,14298.0,United Kingdom
562807,23295,SET OF 12 MINI LOAF BAKING CASES,12,09-08-2011 14:57,0.83,16053.0,United Kingdom
557753,21157,RED RETROSPOT WASHBAG,1,22-06-2011 13:00,2.1,17877.0,United Kingdom
540523,20973,12 PENCIL SMALL TUBE WOODLAND,5,09-01-2011 12:51,0.65,13069.0,United Kingdom
572552,22186,RED STAR CARD HOLDER,3,24-10-2011 17:07,5.79,14096.0,United Kingdom
567854,23301,GARDENERS KNEELING PAD KEEP CALM ,12,22-09-2011 13:37,1.65,14038.0,United Kingdom
573078,22189,CREAM HEART CARD HOLDER,8,27-10-2011 14:13,3.95,12839.0,United Kingdom
560841,23297,SET 40 HEART SHAPE PETIT FOUR CASES,16,21-07-2011 12:25,1.45,14298.0,United Kingdom
580729,23503,PLAYING CARDS KEEP CALM & CARRY ON,2,05-12-2011 17:24,2.46,,United Kingdom
538566,22327,ROUND SNACK BOXES SET OF 4 SKULLS,1,13-12-2010 11:21,5.91,,United Kingdom
579885,22530,MAGIC DRAWING SLATE DOLLY GIRL ,2,30-11-2011 17:37,0.42,15444.0,United Kingdom
536544,22675,FRENCH KITCHEN SIGN BLUE METAL,2,01-12-2010 14:32,2.51,,United Kingdom
570677,21745,GAOLERS KEYS DECORATIVE GARDEN ,2,11-10-2011 15:10,3.75,12836.0,United Kingdom
548507,22957,SET 3 PAPER VINTAGE CHICK PAPER EGG,3,31-03-2011 14:47,2.95,13573.0,United Kingdom
560433,90129E,PURPLE GLASS TASSLE BAG CHARM,2,18-07-2011 15:49,1.63,,United Kingdom
575900,23005,TRAVEL CARD WALLET I LOVE LONDON,1,11-11-2011 15:14,0.42,,United Kingdom
574950,23328,SET 6 SCHOOL MILK BOTTLES IN CRATE,8,08-11-2011 09:29,7.46,,United Kingdom
553120,22729,ALARM CLOCK BAKELIKE ORANGE,4,13-05-2011 12:12,3.75,17139.0,United Kingdom
542345,21232,STRAWBERRY CERAMIC TRINKET BOX,2,27-01-2011 11:55,1.25,15910.0,United Kingdom
C553914,84279P,CHERRY BLOSSOM  DECORATIVE FLASK,-2,19-05-2011 19:50,3.75,18109.0,United Kingdom
540489,21755,LOVE BUILDING BLOCK WORD,3,07-01-2011 16:32,5.95,13593.0,United Kingdom
575610,20866,BLUE ROSE FABRIC MIRROR,12,10-11-2011 12:45,1.25,16628.0,United Kingdom
C571059,85066,CREAM SWEETHEART MINI CHEST,-1,13-10-2011 14:27,12.75,17813.0,United Kingdom
545305,46775D,SUNSET COLOUR CHUNKY KNITTED THROW,2,01-03-2011 12:58,16.95,15257.0,United Kingdom
571709,23188,VINTAGE  2 METRE FOLDING RULER,12,18-10-2011 15:52,1.65,16463.0,United Kingdom
557892,21713,CITRONELLA CANDLE FLOWERPOT,4,23-06-2011 14:11,2.1,14534.0,United Kingdom
575477,21231,SWEETHEART CERAMIC TRINKET BOX,1,09-11-2011 16:14,2.46,,United Kingdom
565231,20713,JUMBO BAG OWLS,1,02-09-2011 09:26,4.13,,United Kingdom
573267,72802C,VANILLA SCENT CANDLE JEWELLED BOX,3,28-10-2011 12:44,4.25,,United Kingdom
566949,22703,PINK CAT BOWL,1,15-09-2011 16:32,1.63,,United Kingdom
539450,22072,RED RETROSPOT TEA CUP AND SAUCER ,3,17-12-2010 16:53,3.75,15570.0,United Kingdom
578934,22114,HOT WATER BOTTLE TEA AND SYMPATHY,2,27-11-2011 12:47,4.25,14577.0,United Kingdom
538836,22141,CHRISTMAS CRAFT TREE TOP ANGEL,80,14-12-2010 13:09,1.85,12748.0,United Kingdom
577749,22614,PACK OF 12 SPACEBOY TISSUES,12,21-11-2011 14:26,0.39,16242.0,United Kingdom
562132,22908,PACK OF 20 NAPKINS RED APPLES,12,03-08-2011 09:40,0.85,13384.0,United Kingdom
572475,22090,PAPER BUNTING RETROSPOT,1,24-10-2011 13:37,2.95,15271.0,United Kingdom
565759,23404,HOME SWEET HOME BLACKBOARD,6,06-09-2011 13:46,4.95,12720.0,Germany
576837,23537,WALL ART I LOVE LONDON ,1,16-11-2011 15:16,10.79,,United Kingdom
555260,21868,POTTING SHED TEA MUG,3,01-06-2011 15:34,1.25,13263.0,United Kingdom
577482,22375,AIRLINE BAG VINTAGE JET SET BROWN,2,20-11-2011 11:43,4.25,16762.0,United Kingdom
560231,21524,DOORMAT SPOTTY HOME SWEET HOME,4,17-07-2011 10:55,7.95,13305.0,United Kingdom
570668,22659,LUNCH BOX I LOVE LONDON,4,11-10-2011 14:34,1.95,17837.0,United Kingdom
579694,23353,6 GIFT TAGS VINTAGE CHRISTMAS ,6,30-11-2011 14:11,1.63,,United Kingdom
546884,22678,FRENCH BLUE METAL DOOR SIGN 3,2,17-03-2011 18:08,2.46,,United Kingdom
563538,22212,FOUR HOOK  WHITE LOVEBIRDS,2,17-08-2011 11:48,2.1,17841.0,United Kingdom
574561,22326,ROUND SNACK BOXES SET OF4 WOODLAND ,1,04-11-2011 15:52,5.79,,United Kingdom
555946,21245,GREEN POLKADOT PLATE ,2,08-06-2011 10:43,1.69,17238.0,United Kingdom
562113,21471,STRAWBERRY RAFFIA FOOD COVER,4,02-08-2011 16:11,3.29,,United Kingdom
539985,84029G,KNITTED UNION FLAG HOT WATER BOTTLE,24,23-12-2010 15:16,3.39,15856.0,United Kingdom
571360,23146,TRIPLE HOOK ANTIQUE IVORY ROSE,4,17-10-2011 11:51,3.29,16563.0,United Kingdom
557798,22356,CHARLOTTE BAG PINK POLKADOT,10,23-06-2011 09:38,0.85,16187.0,United Kingdom
562553,17012D,ORIGAMI ROSE INCENSE/CANDLE SET ,1,05-08-2011 16:34,2.46,,United Kingdom
552364,84991,60 TEATIME FAIRY CAKE CASES,24,09-05-2011 12:25,0.55,13004.0,United Kingdom
569493,84946,ANTIQUE SILVER T-LIGHT GLASS,12,04-10-2011 13:35,1.25,13317.0,United Kingdom
562033,23175,REGENCY MILK JUG PINK ,6,02-08-2011 08:49,3.25,15410.0,United Kingdom
560357,23203,JUMBO BAG DOILEY PATTERNS,10,18-07-2011 11:42,2.08,15527.0,United Kingdom
538854,22191,IVORY DINER WALL CLOCK,2,14-12-2010 13:44,8.5,13102.0,United Kingdom
575848,23367,SET 12 COLOUR PENCILS SPACEBOY ,6,11-11-2011 12:10,0.65,14178.0,United Kingdom
562602,23028,DRAWER KNOB CRACKLE GLAZE BLUE,12,08-08-2011 10:11,1.65,12865.0,Austria
561794,22989,SET 2 PANTRY DESIGN TEA TOWELS,6,29-07-2011 13:11,3.25,12921.0,United Kingdom
559300,23309,SET OF 60 I LOVE LONDON CAKE CASES ,24,07-07-2011 12:40,0.55,12471.0,Germany
545701,48138,DOORMAT UNION FLAG,10,06-03-2011 15:17,6.75,17107.0,United Kingdom
548708,21171,BATHROOM METAL SIGN ,4,03-04-2011 12:41,1.45,13269.0,United Kingdom
543399,84969,BOX OF 6 ASSORTED COLOUR TEASPOONS,2,08-02-2011 11:07,3.29,,United Kingdom
580778,22818,CARD CHRISTMAS VILLAGE,12,06-12-2011 11:07,0.42,16949.0,United Kingdom
540461,22417,PACK OF 60 SPACEBOY CAKE CASES,24,07-01-2011 12:44,0.55,15139.0,United Kingdom
560926,21430,SET/3 RED GINGHAM ROSE STORAGE BOX,2,22-07-2011 09:20,7.46,,United Kingdom
548510,22333,RETROSPOT PARTY BAG + STICKER SET,3,31-03-2011 15:02,1.65,17861.0,United Kingdom
551277,85123A,WHITE HANGING HEART T-LIGHT HOLDER,4,27-04-2011 13:06,2.95,13637.0,United Kingdom
577730,23298,SPOTTY BUNTING,2,21-11-2011 12:59,4.95,17253.0,United Kingdom
578347,23294,SET OF 6 SNACK LOAF BAKING CASES,1,24-11-2011 09:26,2.46,,United Kingdom
553831,22637,PIGGY BANK RETROSPOT ,6,19-05-2011 11:36,2.55,14442.0,Channel Islands
548987,22084,PAPER CHAIN KIT EMPIRE,1,05-04-2011 12:50,2.95,14535.0,United Kingdom
563017,23209,LUNCH BAG VINTAGE DOILY ,10,11-08-2011 12:48,1.65,13198.0,United Kingdom
565967,21121,SET/10 RED POLKADOT PARTY CANDLES,48,08-09-2011 11:27,1.25,14646.0,Netherlands
569246,21880,RED RETROSPOT TAPE,1,03-10-2011 09:57,0.42,14096.0,United Kingdom
544684,22116,METAL SIGN HIS DINNER IS SERVED,1,22-02-2011 16:32,1.63,,United Kingdom
562928,22139,RETROSPOT TEA SET CERAMIC 11 PC ,12,10-08-2011 15:29,4.95,15494.0,United Kingdom
558264,23082,SET 6 PAPER TABLE LANTERN HEARTS ,6,28-06-2011 09:10,3.75,16473.0,United Kingdom
578270,21901,"KEY FOB , BACK DOOR ",4,23-11-2011 13:39,1.63,14096.0,United Kingdom
576861,23328,SET 6 SCHOOL MILK BOTTLES IN CRATE,1,16-11-2011 16:00,3.75,18041.0,United Kingdom
538662,85170D,SET/6 PINK BIRD T-LIGHT CANDLES,24,13-12-2010 15:44,0.85,15159.0,United Kingdom
559163,85170D,SET/6 PINK BIRD T-LIGHT CANDLES,1,06-07-2011 16:33,2.46,,United Kingdom
559307,22730,ALARM CLOCK BAKELIKE IVORY,4,07-07-2011 13:02,3.75,15356.0,United Kingdom
550196,23156,SET OF 5 MINI GROCERY MAGNETS,1,15-04-2011 10:09,2.08,14796.0,United Kingdom
577507,84375,SET OF 20 KIDS COOKIE CUTTERS,2,20-11-2011 12:42,2.1,14710.0,United Kingdom
557263,21154,RED RETROSPOT OVEN GLOVE ,200,19-06-2011 11:08,1.06,14646.0,Netherlands
566250,22041,"RECORD FRAME 7"" SINGLE SIZE ",48,11-09-2011 12:10,2.1,15587.0,United Kingdom
549537,22262,FELT EGG COSY CHICKEN,1,08-04-2011 17:22,0.85,,United Kingdom
557208,23108,SET OF 10 LED DOLLY LIGHTS,4,17-06-2011 11:38,6.25,16172.0,United Kingdom
580367,23014,GLASS APOTHECARY BOTTLE ELIXIR,3,02-12-2011 16:39,8.29,,United Kingdom
569202,23008,DOLLY GIRL BABY GIFT SET,1,30-09-2011 17:22,10.79,,United Kingdom
580397,21876,POTTERING MUG,1,04-12-2011 11:24,1.65,13558.0,United Kingdom
C574347,23395,BELLE JARDINIERE CUSHION COVER,-3,04-11-2011 10:28,3.75,12500.0,Germany
579458,23274,STAR T-LIGHT HOLDER WILLIE WINKIE,1,29-11-2011 14:38,1.65,16549.0,United Kingdom
581217,23082,SET 6 PAPER TABLE LANTERN HEARTS ,4,08-12-2011 09:20,7.46,,United Kingdom
552860,22428,ENAMEL FIRE BUCKET CREAM,1,11-05-2011 16:26,6.95,17889.0,United Kingdom
568101,23353,6 GIFT TAGS VINTAGE CHRISTMAS ,12,23-09-2011 15:21,0.83,15978.0,United Kingdom
566281,23273,HEART T-LIGHT HOLDER WILLIE WINKIE,12,11-09-2011 14:15,1.65,12748.0,United Kingdom
575739,21642,ASSORTED TUTTI FRUTTI PEN,1,11-11-2011 09:05,1.63,,United Kingdom
550134,47566,PARTY BUNTING,8,14-04-2011 13:50,4.95,16249.0,United Kingdom
550205,22698,PINK REGENCY TEACUP AND SAUCER,2,15-04-2011 10:37,5.79,,United Kingdom
C563601,23160,REGENCY TEA SPOON,-3,18-08-2011 06:25,1.25,13047.0,United Kingdom
555726,23275,SET OF 3 HANGING OWLS OLLIE BEAK,12,06-06-2011 16:23,1.25,12540.0,Spain
547709,22507,MEMO BOARD RETROSPOT  DESIGN,1,24-03-2011 18:43,4.95,18109.0,United Kingdom
561005,21198,WHITE HEART CONFETTI IN TUBE,5,22-07-2011 14:53,1.65,17961.0,United Kingdom
546977,20727,LUNCH BAG  BLACK SKULL.,3,18-03-2011 12:08,4.96,,United Kingdom
569568,84536B,FAIRY CAKES NOTEBOOK A7 SIZE,16,05-10-2011 09:57,0.42,12700.0,France
537624,20982,12 PENCILS TALL TUBE SKULLS,1,07-12-2010 14:41,0.85,12748.0,United Kingdom
575602,20975,12 PENCILS SMALL TUBE RED RETROSPOT,2,10-11-2011 12:27,0.65,17059.0,United Kingdom
544824,22968,ROSE COTTAGE KEEPSAKE BOX ,2,24-02-2011 09:32,9.95,17139.0,United Kingdom
558909,22748,POPPY'S PLAYHOUSE KITCHEN,12,05-07-2011 09:10,2.1,13408.0,United Kingdom
560224,85049G,CHOCOLATE BOX RIBBONS ,3,15-07-2011 16:06,1.25,14572.0,United Kingdom
565129,22980,PANTRY SCRUBBING BRUSH,1,01-09-2011 12:41,1.65,15719.0,United Kingdom
559914,84755,COLOUR GLASS T-LIGHT HOLDER HANGING,8,13-07-2011 15:13,1.24,,United Kingdom
574310,22791,T-LIGHT GLASS FLUTED ANTIQUE,12,03-11-2011 16:56,1.25,13467.0,United Kingdom
C564996,20726,LUNCH BAG WOODLAND,-1,31-08-2011 16:10,1.65,17677.0,United Kingdom
577106,21967,PACK OF 12 SKULL TISSUES,4,17-11-2011 17:18,0.39,14456.0,United Kingdom
570491,23412,HEART MIRROR ANTIQUE WHITE,1,10-10-2011 17:26,7.5,14395.0,United Kingdom
567099,23016,GLASS TWIST BON BON JAR,1,16-09-2011 13:31,7.85,15311.0,United Kingdom
539252,22610,PENS ASSORTED FUNNY FACE,72,16-12-2010 14:17,0.21,17744.0,United Kingdom
567530,22551,PLASTERS IN TIN SPACEBOY,12,21-09-2011 09:33,1.65,12390.0,Belgium
574709,22629,SPACEBOY LUNCH BOX ,3,06-11-2011 14:14,1.95,17768.0,United Kingdom
